reference_date,vintage_date,available,nfci
2020-01-03,2020-01-10,True,-0.79
2020-01-10,2020-01-17,True,-0.79
2020-01-17,2020-01-24,True,-0.82
2020-01-24,2020-01-31,True,-0.82
2020-01-31,2020-02-07,True,-0.79
2020-02-07,2020-02-14,True,-0.81
2020-02-14,2020-02-21,True,-0.83
2020-02-21,2020-02-28,True,-0.84
2020-02-28,2020-03-06,True,-0.76
2020-03-06,2020-03-13,True,-0.67
2020-03-13,2020-03-20,True,-0.48
2020-03-20,2020-03-27,True,-0.17
2020-03-27,2020-04-03,True,0.05
2020-04-03,2020-04-10,True,0.07
2020-04-10,2020-04-17,True,-0.02
2020-04-17,2020-04-24,True,-0.15
2020-04-24,2020-05-01,True,-0.23
2020-05-01,2020-05-08,True,-0.28
2020-05-08,2020-05-15,True,-0.4
2020-05-15,2020-05-22,True,-0.46
2020-05-22,2020-05-29,True,-0.51
2020-05-29,2020-06-05,True,-0.51
2020-06-05,2020-06-12,True,-0.58
2020-06-12,2020-06-19,True,-0.59
2020-06-19,2020-06-26,True,-0.59
2020-06-26,2020-07-03,True,-0.6
2020-07-03,2020-07-10,True,-0.39
2020-07-10,2020-07-17,True,-0.43
2020-07-17,2020-07-24,True,-0.47
2020-07-24,2020-07-31,True,-0.5
2020-07-31,2020-08-07,True,-0.47
2020-08-07,2020-08-14,True,-0.52
2020-08-14,2020-08-21,True,-0.53
2020-08-21,2020-08-28,True,-0.53871
2020-08-28,2020-09-04,True,-0.53305
2020-09-04,2020-09-11,True,-0.50764
2020-09-11,2020-09-18,True,-0.4798
2020-09-18,2020-09-25,True,-0.49027
2020-09-25,2020-10-02,True,-0.48696
2020-10-02,2020-10-09,True,-0.48585
2020-10-09,2020-10-16,True,-0.50183
2020-10-16,2020-10-23,True,-0.5178
2020-10-23,2020-10-30,True,-0.51891
2020-10-30,2020-11-06,True,-0.49689
2020-11-06,2020-11-13,True,-0.47838
2020-11-13,2020-11-20,True,-0.52767
2020-11-20,2020-11-27,True,-0.57355
2020-11-27,2020-12-04,True,-0.60098
2020-12-04,2020-12-11,True,-0.61311
2020-12-11,2020-12-18,True,-0.62094
2020-12-18,2020-12-25,True,-0.61428
2020-12-25,2021-01-01,True,-0.60471
2021-01-01,2021-01-08,True,-0.60442
2021-01-08,2021-01-15,True,-0.61765
2021-01-15,2021-01-22,True,-0.6171
2021-01-22,2021-01-29,True,-0.63774
2021-01-29,2021-02-05,True,-0.59809
2021-02-05,2021-02-12,True,-0.62002
2021-02-12,2021-02-19,True,-0.64392
2021-02-19,2021-02-26,True,-0.65002
2021-02-26,2021-03-05,True,-0.63587
2021-03-05,2021-03-12,True,-0.62517
2021-03-12,2021-03-19,True,-0.62826
2021-03-19,2021-03-26,True,-0.62672
2021-03-26,2021-04-02,True,-0.63474
2021-04-02,2021-04-09,True,-0.65224
2021-04-09,2021-04-16,True,-0.6747
2021-04-16,2021-04-23,True,-0.68654
2021-04-23,2021-04-30,True,-0.68461
2021-04-30,2021-05-07,True,-0.70671
2021-05-07,2021-05-14,True,-0.7022
2021-05-14,2021-05-21,True,-0.6979
2021-05-21,2021-05-28,True,-0.68875
2021-05-28,2021-06-04,True,-0.70655
2021-06-04,2021-06-11,True,-0.71256
2021-06-11,2021-06-18,True,-0.71895
2021-06-18,2021-06-25,True,-0.70998
2021-06-25,2021-07-02,True,-0.7165
2021-07-02,2021-07-09,True,-0.71149
2021-07-09,2021-07-16,True,-0.70853
2021-07-16,2021-07-23,True,-0.69899
2021-07-23,2021-07-30,True,-0.67717
2021-07-30,2021-08-06,True,-0.69228
2021-08-06,2021-08-13,True,-0.67826
2021-08-13,2021-08-20,True,-0.67943
2021-08-20,2021-08-27,True,-0.66728
2021-08-27,2021-09-03,True,-0.66222
2021-09-03,2021-09-10,True,-0.67999
2021-09-10,2021-09-17,True,-0.69096
2021-09-17,2021-09-24,True,-0.69066
2021-09-24,2021-10-01,True,-0.68249
2021-10-01,2021-10-08,True,-0.69718
2021-10-08,2021-10-15,True,-0.68013
2021-10-15,2021-10-22,True,-0.68231
2021-10-22,2021-10-29,True,-0.6935
2021-10-29,2021-11-05,True,-0.68732
2021-11-05,2021-11-12,True,-0.67611
2021-11-12,2021-11-19,True,-0.65498
2021-11-19,2021-11-26,True,-0.63408
2021-11-26,2021-12-03,True,-0.59446
2021-12-03,2021-12-10,True,-0.55532
2021-12-10,2021-12-17,True,-0.55472
2021-12-17,2021-12-24,True,-0.57336
2021-12-24,2021-12-31,True,-0.58094
2021-12-31,2022-01-07,True,-0.58335
2022-01-07,2022-01-14,True,-0.61298
2022-01-14,2022-01-21,True,-0.62211
2022-01-21,2022-01-28,True,-0.58669
2022-01-28,2022-02-04,True,-0.56722
2022-02-04,2022-02-11,True,-0.57192
2022-02-11,2022-02-18,True,-0.56005
2022-02-18,2022-02-25,True,-0.53151
2022-02-25,2022-03-04,True,-0.47774
2022-03-04,2022-03-11,True,-0.43184
2022-03-11,2022-03-18,True,-0.35082
2022-03-18,2022-03-25,True,-0.32546
2022-03-25,2022-04-01,True,-0.33352
2022-04-01,2022-04-08,True,-0.37737
2022-04-08,2022-04-15,True,-0.3805
2022-04-15,2022-04-22,True,-0.38134
2022-04-22,2022-04-29,True,-0.35886
2022-04-29,2022-05-06,True,-0.27168
2022-05-06,2022-05-13,True,-0.23361
2022-05-13,2022-05-20,True,-0.22522
2022-05-20,2022-05-27,True,-0.20212
2022-05-27,2022-06-03,True,-0.17432
2022-06-03,2022-06-10,True,-0.27765
2022-06-10,2022-06-17,True,-0.26397
2022-06-17,2022-06-24,True,-0.18144
2022-06-24,2022-07-01,True,-0.1431
2022-07-01,2022-07-08,True,-0.11703
2022-07-08,2022-07-15,True,-0.09113
2022-07-15,2022-07-22,True,-0.1855
2022-07-22,2022-07-29,True,-0.20144
2022-07-29,2022-08-05,True,-0.19124
2022-08-05,2022-08-12,True,-0.24561
2022-08-12,2022-08-19,True,-0.28166
2022-08-19,2022-08-26,True,-0.27777
2022-08-26,2022-09-02,True,-0.26816
2022-09-02,2022-09-09,True,-0.21521
2022-09-09,2022-09-16,True,-0.21998
2022-09-16,2022-09-23,True,-0.19464
2022-09-23,2022-09-30,True,-0.14145
2022-09-30,2022-10-07,True,-0.06267
2022-10-07,2022-10-14,True,-0.06158
2022-10-14,2022-10-21,True,-0.06227
2022-10-21,2022-10-28,True,-0.11154
2022-10-28,2022-11-04,True,-0.10226
2022-11-04,2022-11-11,True,-0.11073
2022-11-11,2022-11-18,True,-0.19514
2022-11-18,2022-11-25,True,-0.25579
2022-11-25,2022-12-02,True,-0.26901
2022-12-02,2022-12-09,True,-0.22078
2022-12-09,2022-12-16,True,-0.21479
2022-12-16,2022-12-23,False,
2022-12-23,2022-12-30,False,
2022-12-30,2023-01-06,True,-0.21215
2023-01-06,2023-01-13,True,-0.26525
2023-01-13,2023-01-20,True,-0.33856
2023-01-20,2023-01-27,True,-0.37016
2023-01-27,2023-02-03,True,-0.35201
2023-02-03,2023-02-10,True,-0.35917
2023-02-10,2023-02-17,True,-0.4432
2023-02-17,2023-02-24,True,-0.45282
2023-02-24,2023-03-03,True,-0.41324
2023-03-03,2023-03-10,True,-0.3762
2023-03-10,2023-03-17,True,-0.35231
2023-03-17,2023-03-24,True,-0.23911
2023-03-24,2023-03-31,True,-0.12072
2023-03-31,2023-04-07,True,-0.12534
2023-04-07,2023-04-14,True,-0.1823
2023-04-14,2023-04-21,True,-0.24309
2023-04-21,2023-04-28,True,-0.30218
2023-04-28,2023-05-05,True,-0.26652
2023-05-05,2023-05-12,True,-0.28289
2023-05-12,2023-05-19,True,-0.29949
2023-05-19,2023-05-26,True,-0.30634
2023-05-26,2023-06-02,True,-0.29
2023-06-02,2023-06-09,True,-0.22305
2023-06-09,2023-06-16,True,-0.27604
2023-06-16,2023-06-23,True,-0.29742
2023-06-23,2023-06-30,True,-0.31908
2023-06-30,2023-07-07,True,-0.2818
2023-07-07,2023-07-14,True,-0.32937
2023-07-14,2023-07-21,True,-0.37011
2023-07-21,2023-07-28,True,-0.39243
2023-07-28,2023-08-04,True,-0.34214
2023-08-04,2023-08-11,True,-0.35131
2023-08-11,2023-08-18,True,-0.3853
2023-08-18,2023-08-25,True,-0.40058
2023-08-25,2023-09-01,True,-0.4
2023-09-01,2023-09-08,True,-0.33845
2023-09-08,2023-09-15,True,-0.38016
2023-09-15,2023-09-22,True,-0.41954
2023-09-22,2023-09-29,True,-0.45798
2023-09-29,2023-10-06,True,-0.36766
2023-10-06,2023-10-13,True,-0.37525
2023-10-13,2023-10-20,True,-0.38567
2023-10-20,2023-10-27,True,-0.38988
2023-10-27,2023-11-03,True,-0.3381
2023-11-03,2023-11-10,True,-0.35997
2023-11-10,2023-11-17,True,-0.40649
2023-11-17,2023-11-24,True,-0.46755
2023-11-24,2023-12-01,True,-0.50404
2023-12-01,2023-12-08,True,-0.46256
2023-12-08,2023-12-15,True,-0.51
2023-12-15,2023-12-22,True,-0.53369
2023-12-22,2023-12-29,True,-0.54284
2023-12-29,2024-01-05,True,-0.47933
2024-01-05,2024-01-12,True,-0.50717
2024-01-12,2024-01-19,True,-0.54453
2024-01-19,2024-01-26,True,-0.57295
2024-01-26,2024-02-02,True,-0.56413
2024-02-02,2024-02-09,True,-0.49078
2024-02-09,2024-02-16,True,-0.51117
2024-02-16,2024-02-23,True,-0.52151
2024-02-23,2024-03-01,True,-0.51816
2024-03-01,2024-03-08,True,-0.46829
2024-03-08,2024-03-15,True,-0.50239
2024-03-15,2024-03-22,True,-0.53056
2024-03-22,2024-03-29,True,-0.55572
2024-03-29,2024-04-05,True,-0.50983
2024-04-05,2024-04-12,True,-0.53124
2024-04-12,2024-04-19,True,-0.5307
2024-04-19,2024-04-26,True,-0.50758
2024-04-26,2024-05-03,True,-0.47494
2024-05-03,2024-05-10,True,-0.48785
2024-05-10,2024-05-17,True,-0.53181
2024-05-17,2024-05-24,True,-0.56222
2024-05-24,2024-05-31,True,-0.58016
2024-05-31,2024-06-07,True,-0.53823
2024-06-07,2024-06-14,True,-0.56393
2024-06-14,2024-06-21,True,-0.58065
2024-06-21,2024-06-28,True,-0.5678
2024-06-28,2024-07-05,True,-0.50131
2024-07-05,2024-07-12,True,-0.5288
2024-07-12,2024-07-19,True,-0.56269
2024-07-19,2024-07-26,True,-0.58176
2024-07-26,2024-08-02,True,-0.58299
2024-08-02,2024-08-09,True,-0.54608
2024-08-09,2024-08-16,True,-0.49852
2024-08-16,2024-08-23,True,-0.5228
2024-08-23,2024-08-30,True,-0.5526
2024-08-30,2024-09-06,True,-0.50418
2024-09-06,2024-09-13,True,-0.57042
2024-09-13,2024-09-20,True,-0.55834
2024-09-20,2024-09-27,True,-0.57701
2024-09-27,2024-10-04,True,-0.54952
2024-10-04,2024-10-11,True,-0.56291
2024-10-11,2024-10-18,True,-0.56546
2024-10-18,2024-10-25,True,-0.56546
2024-10-25,2024-11-01,True,-0.56125
2024-11-01,2024-11-08,True,-0.51732
2024-11-08,2024-11-15,True,-0.54587
2024-11-15,2024-11-22,True,-0.59339
2024-11-22,2024-11-29,True,-0.64189
2024-11-29,2024-12-06,True,-0.62668
2024-12-06,2024-12-13,True,-0.65048
2024-12-13,2024-12-20,True,-0.65824
2024-12-20,2024-12-27,True,-0.60364
2024-12-27,2025-01-03,True,-0.59347
2025-01-03,2025-01-10,True,-0.59794
2025-01-10,2025-01-17,True,-0.62726
2025-01-17,2025-01-24,True,-0.63747
2025-01-24,2025-01-31,True,-0.65143
2025-01-31,2025-02-07,True,-0.65329
2025-02-07,2025-02-14,True,-0.64001
2025-02-14,2025-02-21,True,-0.64763
2025-02-21,2025-02-28,True,-0.6668
2025-02-28,2025-03-07,True,-0.59095
2025-03-07,2025-03-14,True,-0.56684
2025-03-14,2025-03-21,True,-0.54589
2025-03-21,2025-03-28,True,-0.55589
2025-03-28,2025-04-04,True,-0.56516
2025-04-04,2025-04-11,True,-0.54173
2025-04-11,2025-04-18,True,-0.42028
2025-04-18,2025-04-25,True,-0.43077
2025-04-25,2025-05-02,True,-0.44273
2025-05-02,2025-05-09,True,-0.44816
2025-05-09,2025-05-16,True,-0.51219
2025-05-16,2025-05-23,True,-0.58143
2025-05-23,2025-05-30,True,-0.60589
2025-05-30,2025-06-06,True,-0.47611
2025-06-06,2025-06-13,True,-0.51212
2025-06-13,2025-06-20,True,-0.5237
2025-06-20,2025-06-27,True,-0.51043
2025-06-27,2025-07-04,True,-0.49694
2025-07-04,2025-07-11,True,-0.50977
2025-07-11,2025-07-18,True,-0.54351
2025-07-18,2025-07-25,True,-0.55311
2025-07-25,2025-08-01,True,-0.56951
2025-08-01,2025-08-08,True,-0.535
2025-08-08,2025-08-15,True,-0.54493
2025-08-15,2025-08-22,True,-0.55521
2025-08-22,2025-08-29,True,-0.56025
2025-08-29,2025-09-05,True,-0.52578
2025-09-05,2025-09-12,True,-0.54306
2025-09-12,2025-09-19,True,-0.56378
2025-09-19,2025-09-26,True,-0.57265
2025-09-26,2025-10-03,True,-0.55647
2025-10-03,2025-10-10,True,-0.54613
2025-10-10,2025-10-17,True,-0.55852
2025-10-17,2025-10-24,True,-0.55171
2025-10-24,2025-10-31,True,-0.54921
2025-10-31,2025-11-07,True,-0.51456
2025-11-07,2025-11-14,True,-0.53493
2025-11-14,2025-11-21,True,-0.5382
2025-11-21,2025-11-28,True,-0.53414
2025-11-28,2025-12-05,True,-0.52426
2025-12-05,2025-12-12,True,-0.54587
2025-12-12,2025-12-19,True,-0.55282
2025-12-19,2025-12-26,True,-0.54911
2025-12-26,2026-01-02,True,-0.56896
2026-01-02,2026-01-09,True,-0.5536
2026-01-09,2026-01-16,True,-0.57258
2026-01-16,2026-01-23,True,-0.59026
2026-01-23,2026-01-30,True,-0.60032
2026-01-30,2026-02-06,True,-0.55725
2026-02-06,2026-02-13,True,-0.56306
2026-02-13,2026-02-20,True,-0.56814
2026-02-20,2026-02-27,True,-0.56294
2026-02-27,2026-03-06,True,-0.52365
2026-03-06,2026-03-13,True,-0.5137
2026-03-13,2026-03-20,True,-0.48574
2026-03-20,2026-03-27,True,-0.47504
2026-03-27,2026-04-03,True,-0.43366
2026-04-03,2026-04-10,True,-0.433
2026-04-10,2026-04-17,True,-0.465
2026-04-17,2026-04-24,True,-0.497
2026-04-24,2026-05-01,True,-0.518
2026-05-01,2026-05-08,True,-0.51
2026-05-08,2026-05-15,True,-0.524
2026-05-15,2026-05-22,True,-0.523
2026-05-22,2026-05-29,True,-0.51
2026-05-29,2026-06-05,True,-0.494
2026-06-05,2026-06-12,True,-0.506
2026-06-12,2026-06-19,True,-0.505
2026-06-19,2026-06-26,True,-0.516
2026-06-26,2026-07-03,True,-0.504
2026-07-03,2026-07-10,True,-0.515
2026-07-10,2026-07-17,True,-0.538
2026-07-17,2026-07-24,True,-0.552
2026-07-24,2026-07-31,True,-0.554
