reference_date,first_vintage_date,revised_vintage_date,first_available,revised_available,compout_first,compout_revised
2020-01-01,2020-01-02,2020-01-09,True,True,1126.364188416,1126.364188416
2020-01-08,2020-01-09,2020-01-16,True,True,1125.912092773,1125.912092773
2020-01-15,2020-01-16,2020-01-23,True,True,1121.291890991,1121.291890991
2020-01-22,2020-01-23,2020-01-30,True,True,1115.041298706,1115.041298706
2020-01-29,2020-01-30,2020-02-06,True,True,1119.422133911,1119.422133911
2020-02-05,2020-02-06,2020-02-13,True,True,1119.126152344,1119.126152344
2020-02-12,2020-02-13,2020-02-20,True,True,1113.087992065,1113.087992065
2020-02-19,2020-02-20,2020-02-27,True,True,1123.429453003,1123.429453003
2020-02-26,2020-02-27,2020-03-05,True,True,1128.703865601,1128.703865601
2020-03-04,2020-03-05,2020-03-12,True,True,1123.592554932,1123.592554932
2020-03-11,2020-03-12,2020-03-19,True,True,1128.893451172,1128.893451172
2020-03-18,2020-03-19,2020-03-26,True,True,1146.802728271,1146.802728271
2020-03-25,2020-03-26,2020-04-02,True,True,1111.650329102,1111.650329102
2020-04-01,2020-04-02,2020-04-09,True,True,1105.64662146,1105.64662146
2020-04-08,2020-04-09,2020-04-16,True,True,1098.873292603,1098.873292603
2020-04-15,2020-04-16,2020-04-23,True,True,1058.735181763,1058.735181763
2020-04-22,2020-04-23,2020-04-30,True,True,1068.620878906,1068.620878906
2020-04-29,2020-04-30,2020-05-07,True,True,1093.062012451,1093.062012451
2020-05-06,2020-05-07,2020-05-14,True,True,1069.024864746,1069.024864746
2020-05-13,2020-05-14,2020-05-21,True,True,1061.722700684,1061.722700684
2020-05-20,2020-05-21,2020-05-28,True,True,1057.695986328,1057.695986328
2020-05-27,2020-05-28,2020-06-04,True,True,1051.020539795,1051.020539795
2020-06-03,2020-06-04,2020-06-11,True,True,1037.203708496,1037.203708496
2020-06-10,2020-06-11,2020-06-18,True,True,1028.124085205,1028.124085205
2020-06-17,2020-06-18,2020-06-25,True,True,1011.266637451,1011.04067074
2020-06-24,2020-06-25,2020-07-02,True,True,1028.093648438,1028.093648438
2020-07-01,2020-07-02,2020-07-09,True,True,1017.4320625,1017.4320625
2020-07-08,2020-07-09,2020-07-16,True,True,1006.7195625,1006.7195625
2020-07-15,2020-07-16,2020-07-23,True,True,1025.716515625,1025.716515625
2020-07-22,2020-07-23,2020-07-30,True,True,1020.953664063,1020.953664063
2020-07-29,2020-07-30,2020-08-06,True,True,1019.430382813,1019.430382813
2020-08-05,2020-08-06,2020-08-13,True,True,1018.390515625,1018.390515625
2020-08-12,2020-08-13,2020-08-20,True,True,1009.539835938,1009.539835938
2020-08-19,2020-08-20,2020-08-27,True,True,1006.675921875,1006.675921875
2020-08-26,2020-08-27,2020-09-03,True,True,1011.64278125,1011.64278125
2020-09-02,2020-09-03,2020-09-10,False,True,,996.594816406
2020-09-09,2020-09-10,2020-09-17,True,True,1009.491429688,1009.491429688
2020-09-16,2020-09-17,2020-09-24,True,True,983.499421875,983.499421875
2020-09-23,2020-09-24,2020-10-01,True,True,985.508015625,985.508015625
2020-09-30,2020-10-01,2020-10-08,True,True,945.324921875,945.324921875
2020-10-07,2020-10-08,2020-10-15,True,True,964.29140625,964.29140625
2020-10-14,2020-10-15,2020-10-22,True,True,962.37103125,962.37103125
2020-10-21,2020-10-22,2020-10-29,True,True,973.79190625,973.79190625
2020-10-28,2020-10-29,2020-11-05,True,True,973.465953125,973.465953125
2020-11-04,2020-11-05,2020-11-12,True,True,951.021234375,951.021234375
2020-11-11,2020-11-12,2020-11-19,True,True,961.503628941,961.503628941
2020-11-18,2020-11-19,2020-11-26,True,True,982.848236938,982.848236938
2020-11-25,2020-11-26,2020-12-03,False,True,,983.599837433
2020-12-02,2020-12-03,2020-12-10,True,True,968.926846207,968.926846207
2020-12-09,2020-12-10,2020-12-17,True,True,990.077243591,990.077243591
2020-12-16,2020-12-17,2020-12-24,True,True,997.317819756,997.317819756
2020-12-23,2020-12-24,2020-12-31,False,True,,1029.576712227
2020-12-30,2020-12-31,2021-01-07,True,True,1020.55028212,1020.55028212
2021-01-06,2021-01-07,2021-01-14,True,True,1105.160708595,1105.160708595
2021-01-13,2021-01-14,2021-01-21,True,True,1060.847143883,1060.847143883
2021-01-20,2021-01-21,2021-01-28,True,True,1058.108976028,1058.108976028
2021-01-27,2021-01-28,2021-02-04,True,True,1068.051689995,1068.051689995
2021-02-03,2021-02-04,2021-02-11,True,True,1056.913637718,1056.913637718
2021-02-10,2021-02-11,2021-02-18,True,True,1076.56217411,1076.56217411
2021-02-17,2021-02-18,2021-02-25,True,True,1075.506302589,1075.506302589
2021-02-24,2021-02-25,2021-03-04,True,True,1089.447963921,1089.447963921
2021-03-03,2021-03-04,2021-03-11,True,True,1098.860140633,1098.860140633
2021-03-10,2021-03-11,2021-03-18,True,True,1110.755139244,1110.755139244
2021-03-17,2021-03-18,2021-03-25,True,True,1116.13626944,1116.13626944
2021-03-24,2021-03-25,2021-04-01,True,True,1133.5628708,1133.5628708
2021-03-31,2021-04-01,2021-04-08,True,True,1100.097640221,1100.097640221
2021-04-07,2021-04-08,2021-04-15,True,True,1172.19804134,1172.19804134
2021-04-14,2021-04-15,2021-04-22,True,True,1207.400030567,1207.400030567
2021-04-21,2021-04-22,2021-04-29,True,True,1218.955218338,1218.955218338
2021-04-28,2021-04-29,2021-05-06,True,True,1214.844497486,1214.844497486
2021-05-05,2021-05-06,2021-05-13,False,True,,1206.430132584
2021-05-12,2021-05-13,2021-05-20,True,True,1193.317823318,1193.317823318
2021-05-19,2021-05-20,2021-05-27,True,True,1198.538894703,1198.538894703
2021-05-26,2021-05-27,2021-06-03,True,True,1189.041204155,1189.041204155
2021-06-02,2021-06-03,2021-06-10,True,True,1185.546133507,1185.546133507
2021-06-09,2021-06-10,2021-06-17,True,True,1175.942696671,1175.942696671
2021-06-16,2021-06-17,2021-06-24,True,True,1180.668679581,1180.668679581
2021-06-23,2021-06-24,2021-07-01,True,True,1163.092745575,1163.092745575
2021-06-30,2021-07-01,2021-07-08,True,True,1108.49741539,1108.49741539
2021-07-07,2021-07-08,2021-07-15,True,True,1134.039812714,1134.039812714
2021-07-14,2021-07-15,2021-07-22,True,True,1129.562319962,1129.562319962
2021-07-21,2021-07-22,2021-07-29,True,True,1132.398251785,1132.398251785
2021-07-28,2021-07-29,2021-08-05,True,True,1139.01311525,1139.01311525
2021-08-04,2021-08-05,2021-08-12,True,True,1137.619454727,1137.619454727
2021-08-11,2021-08-12,2021-08-19,True,True,1141.545050095,1141.545050095
2021-08-18,2021-08-19,2021-08-26,True,True,1138.230569885,1138.230569885
2021-08-25,2021-08-26,2021-09-02,True,True,1149.520894653,1149.520894653
2021-09-01,2021-09-02,2021-09-09,True,True,1156.564694214,1156.564694214
2021-09-08,2021-09-09,2021-09-16,True,True,1162.61910054,1162.61910054
2021-09-15,2021-09-16,2021-09-23,True,True,1181.905973785,1181.905973785
2021-09-22,2021-09-23,2021-09-30,True,True,1188.766018921,1188.923858302
2021-09-29,2021-09-30,2021-10-07,True,True,1184.902234375,1184.902234375
2021-10-06,2021-10-07,2021-10-14,True,True,1175.418242188,1175.418242188
2021-10-13,2021-10-14,2021-10-21,True,True,1172.527625,1172.527625
2021-10-20,2021-10-21,2021-10-28,True,True,1189.683476563,1189.683476563
2021-10-27,2021-10-28,2021-11-04,True,True,1179.57540625,1179.57540625
2021-11-03,2021-11-04,2021-11-11,True,True,1153.308507813,1153.308507813
2021-11-10,2021-11-11,2021-11-18,False,True,,1131.252140429
2021-11-17,2021-11-18,2021-11-25,True,True,1115.812165512,1115.812165512
2021-11-24,2021-11-25,2021-12-02,False,True,,1102.709976563
2021-12-01,2021-12-02,2021-12-09,True,True,1094.385296875,1094.385296875
2021-12-08,2021-12-09,2021-12-16,True,True,1088.969390625,1088.969390625
2021-12-15,2021-12-16,2021-12-23,True,True,1086.622453125,1086.622453125
2021-12-22,2021-12-23,2021-12-30,True,True,1082.880476563,1082.880476563
2021-12-29,2021-12-30,2022-01-06,True,True,1087.269210938,1087.269210938
2022-01-05,2022-01-06,2022-01-13,True,True,1073.891757813,1073.891757813
2022-01-12,2022-01-13,2022-01-20,True,True,1047.532277344,1047.532277344
2022-01-19,2022-01-20,2022-01-27,True,True,1043.541902344,1043.541902344
2022-01-26,2022-01-27,2022-02-03,True,True,1024.499921875,1024.499921875
2022-02-02,2022-02-03,2022-02-10,True,True,1022.681457031,1022.681457031
2022-02-09,2022-02-10,2022-02-17,True,True,1018.871171875,1018.871171875
2022-02-16,2022-02-17,2022-02-24,True,True,1022.93891713,1022.93891713
2022-02-23,2022-02-24,2022-03-03,True,True,1020.166071838,1020.166071838
2022-03-02,2022-03-03,2022-03-10,True,True,1027.132891907,1027.132891907
2022-03-09,2022-03-10,2022-03-17,True,True,1039.047264709,1039.047264709
2022-03-16,2022-03-17,2022-03-24,True,True,1017.742274078,1017.742274078
2022-03-23,2022-03-24,2022-03-31,True,True,1050.353236206,1050.353236206
2022-03-30,2022-03-31,2022-04-07,True,True,1062.418087311,1062.418087311
2022-04-06,2022-04-07,2022-04-14,True,True,1066.830857605,1066.830857605
2022-04-13,2022-04-14,2022-04-21,True,True,1070.323275787,1070.323275787
2022-04-20,2022-04-21,2022-04-28,False,True,,1086.669481262
2022-04-27,2022-04-28,2022-05-05,False,True,,1104.411969513
2022-05-04,2022-05-05,2022-05-12,False,True,,1103.366073303
2022-05-11,2022-05-12,2022-05-19,False,True,,1112.811530701
2022-05-18,2022-05-19,2022-05-26,False,True,,1121.2080047
2022-05-25,2022-05-26,2022-06-02,False,True,,1132.154709961
2022-06-01,2022-06-02,2022-06-09,False,True,,1139.032130249
2022-06-08,2022-06-09,2022-06-16,False,True,,1157.25757196
2022-06-15,2022-06-16,2022-06-23,False,True,,1125.922185303
2022-06-22,2022-06-23,2022-06-30,False,True,,1143.428978088
2022-06-29,2022-06-30,2022-07-07,False,True,,1169.450441528
2022-07-06,2022-07-07,2022-07-14,False,True,,1164.605137512
2022-07-13,2022-07-14,2022-07-21,False,True,,1170.704016968
2022-07-20,2022-07-21,2022-07-28,True,True,1170.181371582,1170.181371582
2022-07-27,2022-07-28,2022-08-04,True,True,1149.633918579,1149.633918579
2022-08-03,2022-08-04,2022-08-11,True,True,1168.736600708,1168.736600708
2022-08-10,2022-08-11,2022-08-18,True,True,1176.812621216,1176.812621216
2022-08-17,2022-08-18,2022-08-25,True,True,1189.918245728,1189.918245728
2022-08-24,2022-08-25,2022-09-01,True,True,1196.344764099,1196.344764099
2022-08-31,2022-09-01,2022-09-08,True,True,1198.52510141,1198.52510141
2022-09-07,2022-09-08,2022-09-15,True,True,1197.867902069,1197.867902069
2022-09-14,2022-09-15,2022-09-22,True,True,1207.569308258,1207.569308258
2022-09-21,2022-09-22,2022-09-29,True,True,1228.642315033,1228.642315033
2022-09-28,2022-09-29,2022-10-06,True,True,1230.306806488,1230.306806488
2022-10-05,2022-10-06,2022-10-13,True,True,1243.393889359,1243.393889359
2022-10-12,2022-10-13,2022-10-20,True,True,1255.456579529,1255.456579529
2022-10-19,2022-10-20,2022-10-27,True,True,1286.871184906,1286.871184906
2022-10-26,2022-10-27,2022-11-03,True,True,1300.544220917,1300.544220917
2022-11-02,2022-11-03,2022-11-10,True,True,1300.581141235,1300.581141235
2022-11-09,2022-11-10,2022-11-17,True,True,1295.576881104,1295.576881104
2022-11-16,2022-11-17,2022-11-24,True,True,1303.647389374,1303.647389374
2022-11-23,2022-11-24,2022-12-01,False,True,,1308.824442596
2022-11-30,2022-12-01,2022-12-08,True,True,1293.353970383,1293.353970383
2022-12-07,2022-12-08,2022-12-15,True,True,1318.240259552,1318.240259552
2022-12-14,2022-12-15,2022-12-22,True,True,1302.300326782,1302.300326782
2022-12-21,2022-12-22,2022-12-29,True,True,1278.329479462,1278.329479462
2022-12-28,2022-12-29,2023-01-05,True,True,1261.011494858,1261.011494858
2023-01-04,2023-01-05,2023-01-12,True,True,1281.464843445,1281.464843445
2023-01-11,2023-01-12,2023-01-19,True,True,1304.141155182,1304.141155182
2023-01-18,2023-01-19,2023-01-26,True,True,1300.6415858,1300.6415858
2023-01-25,2023-01-26,2023-02-02,True,True,1311.321594894,1311.321594894
2023-02-01,2023-02-02,2023-02-09,True,True,1290.13094661,1290.13094661
2023-02-08,2023-02-09,2023-02-16,True,True,1260.55097818,1260.55097818
2023-02-15,2023-02-16,2023-02-23,True,True,1255.730540985,1255.730540985
2023-02-22,2023-02-23,2023-03-02,True,True,1238.219227966,1238.219227966
2023-03-01,2023-03-02,2023-03-09,True,True,1214.437880707,1214.437880707
2023-03-08,2023-03-09,2023-03-16,True,True,1178.60045813,1178.60045813
2023-03-15,2023-03-16,2023-03-23,True,True,1163.40727771,1163.40727771
2023-03-22,2023-03-23,2023-03-30,True,True,1118.024757629,1118.024757629
2023-03-29,2023-03-30,2023-04-06,True,True,1137.532706238,1137.532706238
2023-04-05,2023-04-06,2023-04-13,True,True,1134.523785767,1134.523785767
2023-04-12,2023-04-13,2023-04-20,True,True,1146.006051331,1146.006051331
2023-04-19,2023-04-20,2023-04-27,True,True,1161.331341858,1161.331341858
2023-04-26,2023-04-27,2023-05-04,True,True,1148.247658913,1148.247658913
2023-05-03,2023-05-04,2023-05-11,True,True,1144.029856522,1144.029856522
2023-05-10,2023-05-11,2023-05-18,True,True,1146.445273071,1146.445273071
2023-05-17,2023-05-18,2023-05-25,True,True,1139.573016235,1139.573016235
2023-05-24,2023-05-25,2023-06-01,True,True,1127.168562714,1127.168562714
2023-05-31,2023-06-01,2023-06-08,True,True,1111.542373749,1111.542373749
2023-06-07,2023-06-08,2023-06-15,True,True,1110.681233246,1110.681233246
2023-06-14,2023-06-15,2023-06-22,True,True,1130.126035828,1130.126035828
2023-06-21,2023-06-22,2023-06-29,True,True,1143.454678406,1143.454678406
2023-06-28,2023-06-29,2023-07-06,True,True,1163.676048218,1163.676048218
2023-07-05,2023-07-06,2023-07-13,True,True,1150.379888245,1150.379888245
2023-07-12,2023-07-13,2023-07-20,True,True,1166.299011047,1166.299011047
2023-07-19,2023-07-20,2023-07-27,True,True,1181.340984863,1181.340984863
2023-07-26,2023-07-27,2023-08-03,True,True,1174.657442627,1174.657442627
2023-08-02,2023-08-03,2023-08-10,True,True,1165.78010968,1165.78010968
2023-08-09,2023-08-10,2023-08-17,True,True,1171.635712585,1171.635712585
2023-08-16,2023-08-17,2023-08-24,True,True,1166.343005188,1166.343005188
2023-08-23,2023-08-24,2023-08-31,True,True,1162.79078479,1162.79078479
2023-08-30,2023-08-31,2023-09-07,True,True,1184.496508179,1184.496508179
2023-09-06,2023-09-07,2023-09-14,True,True,1159.759407654,1159.759407654
2023-09-13,2023-09-14,2023-09-21,True,True,1160.821044067,1160.821044067
2023-09-20,2023-09-21,2023-09-28,True,True,1183.750975586,1183.750975586
2023-09-27,2023-09-28,2023-10-05,True,True,1194.877173828,1194.877173828
2023-10-04,2023-10-05,2023-10-12,True,True,1201.748832275,1201.748832275
2023-10-11,2023-10-12,2023-10-19,True,True,1209.63368866,1209.63368866
2023-10-18,2023-10-19,2023-10-26,True,True,1216.145636414,1216.145636414
2023-10-25,2023-10-26,2023-11-02,True,True,1210.410464111,1210.410464111
2023-11-01,2023-11-02,2023-11-09,True,True,1218.317903992,1218.317903992
2023-11-08,2023-11-09,2023-11-16,True,True,1240.906665344,1240.906665344
2023-11-15,2023-11-16,2023-11-23,True,True,1243.007525818,1243.007525818
2023-11-22,2023-11-23,2023-11-30,False,True,,1253.262677185
2023-11-29,2023-11-30,2023-12-07,True,True,1275.233360229,1275.233360229
2023-12-06,2023-12-07,2023-12-14,True,True,1251.175662537,1251.175662537
2023-12-13,2023-12-14,2023-12-21,True,True,1242.913797974,1242.913797974
2023-12-20,2023-12-21,2023-12-28,True,True,1262.210017578,1262.210017578
2023-12-27,2023-12-28,2024-01-04,True,True,1270.499079559,1270.499079559
2024-01-03,2024-01-04,2024-01-11,True,True,1215.119670654,1215.119670654
2024-01-10,2024-01-11,2024-01-18,True,True,1230.563704346,1230.563704346
2024-01-17,2024-01-18,2024-01-25,True,True,1255.043081055,1255.043081055
2024-01-24,2024-01-25,2024-02-01,True,True,1251.17128418,1251.17128418
2024-01-31,2024-02-01,2024-02-08,True,True,1265.548865479,1265.548865479
2024-02-07,2024-02-08,2024-02-15,True,True,1252.480697754,1252.480697754
2024-02-14,2024-02-15,2024-02-22,True,True,1257.865977051,1257.865977051
2024-02-21,2024-02-22,2024-02-29,True,True,1267.673759155,1267.673759155
2024-02-28,2024-02-29,2024-03-07,True,True,1277.399446045,1277.399446045
2024-03-06,2024-03-07,2024-03-14,True,True,1266.233418335,1266.233418335
2024-03-13,2024-03-14,2024-03-21,True,True,1293.223765625,1293.223765625
2024-03-20,2024-03-21,2024-03-28,True,True,1329.112709717,1329.112709717
2024-03-27,2024-03-28,2024-04-04,True,True,1350.305093994,1350.305093994
2024-04-03,2024-04-04,2024-04-11,True,True,1336.676482178,1336.676482178
2024-04-10,2024-04-11,2024-04-18,True,True,1330.446860229,1330.446860229
2024-04-17,2024-04-18,2024-04-25,True,True,1311.819585449,1311.819585449
2024-04-24,2024-04-25,2024-05-02,True,True,1309.542408081,1309.542408081
2024-05-01,2024-05-02,2024-05-09,True,True,1320.617117554,1320.617117554
2024-05-08,2024-05-09,2024-05-16,True,True,1329.021579834,1329.021579834
2024-05-15,2024-05-16,2024-05-23,True,True,1295.328101929,1295.328101929
2024-05-22,2024-05-23,2024-05-30,True,True,1278.715324341,1278.715324341
2024-05-29,2024-05-30,2024-06-06,True,True,1279.785598755,1279.785598755
2024-06-05,2024-06-06,2024-06-13,True,True,1267.533065918,1267.533065918
2024-06-12,2024-06-13,2024-06-20,True,True,1269.011927124,1269.011927124
2024-06-19,2024-06-20,2024-06-27,True,True,1289.261690063,1289.261690063
2024-06-26,2024-06-27,2024-07-04,True,True,1290.352093262,1290.352093262
2024-07-03,2024-07-04,2024-07-11,False,True,,1288.44393042
2024-07-10,2024-07-11,2024-07-18,True,True,1289.46408667,1289.46408667
2024-07-17,2024-07-18,2024-07-25,True,True,1294.659743164,1294.659743164
2024-07-24,2024-07-25,2024-08-01,True,True,1307.487810303,1307.487810303
2024-07-31,2024-08-01,2024-08-08,True,True,1238.916376709,1238.916376709
2024-08-07,2024-08-08,2024-08-15,True,True,1252.509939453,1252.509939453
2024-08-14,2024-08-15,2024-08-22,True,True,1242.292824219,1242.292824219
2024-08-21,2024-08-22,2024-08-29,True,True,1235.838324219,1235.838324219
2024-08-28,2024-08-29,2024-09-05,True,True,1235.901703735,1235.901703735
2024-09-04,2024-09-05,2024-09-12,True,True,1246.584278198,1246.584278198
2024-09-11,2024-09-12,2024-09-19,True,True,1237.178832275,1237.178832275
2024-09-18,2024-09-19,2024-09-26,True,True,1190.726202881,1190.726202881
2024-09-25,2024-09-26,2024-10-03,True,True,1231.983915039,1231.983915039
2024-10-02,2024-10-03,2024-10-10,True,True,1191.222870117,1191.222870117
2024-10-09,2024-10-10,2024-10-17,True,True,1193.673654541,1193.673654541
2024-10-16,2024-10-17,2024-10-24,True,True,1147.9627146,1147.9627146
2024-10-23,2024-10-24,2024-10-31,True,True,1157.257258301,1157.257258301
2024-10-30,2024-10-31,2024-11-07,True,True,1182.192306152,1182.192306152
2024-11-06,2024-11-07,2024-11-14,True,True,1170.719375488,1170.719375488
2024-11-13,2024-11-14,2024-11-21,True,True,1159.364330444,1159.364330444
2024-11-20,2024-11-21,2024-11-28,True,True,1174.200910645,1174.200910645
2024-11-27,2024-11-28,2024-12-05,False,True,,1185.164990723
2024-12-04,2024-12-05,2024-12-12,True,True,1159.618011475,1159.618011475
2024-12-11,2024-12-12,2024-12-19,True,True,1156.506404541,1156.506404541
2024-12-18,2024-12-19,2024-12-26,True,True,1156.609373779,1156.609373779
2024-12-25,2024-12-26,2025-01-02,True,True,1147.784169922,1147.784169922
2025-01-01,2025-01-02,2025-01-09,True,True,1087.894023804,1087.894023804
2025-01-08,2025-01-09,2025-01-16,False,True,,1147.189437622
2025-01-15,2025-01-16,2025-01-23,True,True,1145.216038208,1145.216038208
2025-01-22,2025-01-23,2025-01-30,True,True,1156.895705444,1156.895705444
2025-01-29,2025-01-30,2025-02-06,True,True,1210.531513306,1210.531513306
2025-02-05,2025-02-06,2025-02-13,True,True,1219.535275146,1219.535275146
2025-02-12,2025-02-13,2025-02-20,True,True,1258.809455811,1258.809455811
2025-02-19,2025-02-20,2025-02-27,True,True,1281.302672974,1281.302672974
2025-02-26,2025-02-27,2025-03-06,True,True,1306.87163269,1306.87163269
2025-03-05,2025-03-06,2025-03-13,True,True,1321.429257813,1321.429257813
2025-03-12,2025-03-13,2025-03-20,True,True,1359.590531128,1359.590531128
2025-03-19,2025-03-20,2025-03-27,True,True,1384.713041748,1384.713041748
2025-03-26,2025-03-27,2025-04-03,True,True,1391.921817383,1391.921817383
2025-04-02,2025-04-03,2025-04-10,True,True,1394.772864746,1394.772864746
2025-04-09,2025-04-10,2025-04-17,True,True,1381.866018188,1381.866018188
2025-04-16,2025-04-17,2025-04-24,True,True,1393.529281372,1393.529281372
2025-04-23,2025-04-24,2025-05-01,True,True,1401.015626343,1401.015626343
2025-04-30,2025-05-01,2025-05-08,True,True,1403.254885193,1403.254885193
2025-05-07,2025-05-08,2025-05-15,True,True,1402.669350769,1402.669350769
2025-05-14,2025-05-15,2025-05-22,True,True,1419.280898926,1419.280898926
2025-05-21,2025-05-22,2025-05-29,True,True,1442.888670471,1442.888670471
2025-05-28,2025-05-29,2025-06-05,True,True,1449.245780823,1449.245780823
2025-06-04,2025-06-05,2025-06-12,True,True,1469.933724609,1469.933724609
2025-06-11,2025-06-12,2025-06-19,True,True,1470.740092651,1470.740092651
2025-06-18,2025-06-19,2025-06-26,False,True,,1472.651640358
2025-06-25,2025-06-26,2025-07-03,True,True,1468.482162094,1468.482162094
2025-07-02,2025-07-03,2025-07-10,True,True,1438.905035248,1438.905035248
2025-07-09,2025-07-10,2025-07-17,True,True,1425.227728821,1425.227728821
2025-07-16,2025-07-17,2025-07-24,True,True,1404.463720276,1404.463720276
2025-07-23,2025-07-24,2025-07-31,True,True,1394.819437134,1394.819437134
2025-07-30,2025-07-31,2025-08-07,True,True,1426.252564117,1426.252564117
2025-08-06,2025-08-07,2025-08-14,True,True,1397.984879517,1397.984879517
2025-08-13,2025-08-14,2025-08-21,True,True,1390.366493286,1390.366493286
2025-08-20,2025-08-21,2025-08-28,True,True,1404.303602661,1404.303602661
2025-08-27,2025-08-28,2025-09-04,True,True,1404.924181641,1404.924181641
2025-09-03,2025-09-04,2025-09-11,True,True,1403.055330322,1403.055330322
2025-09-10,2025-09-11,2025-09-18,True,True,1400.843729004,1400.843729004
2025-09-17,2025-09-18,2025-09-25,True,True,1382.513458984,1382.513458984
2025-09-24,2025-09-25,2025-10-02,True,True,1377.537532227,1377.537532227
2025-10-01,2025-10-02,2025-10-09,True,True,1346.546212158,1346.546212158
2025-10-08,2025-10-09,2025-10-16,True,True,1347.183098633,1347.183098633
2025-10-15,2025-10-16,2025-10-23,True,True,1311.356180664,1311.356180664
2025-10-22,2025-10-23,2025-10-30,True,True,1320.475752441,1320.475752441
2025-10-29,2025-10-30,2025-11-06,True,True,1328.463891113,1328.463891113
2025-11-05,2025-11-06,2025-11-13,True,True,1322.102769043,1322.102769043
2025-11-12,2025-11-13,2025-11-20,True,True,1315.968463379,1315.968463379
2025-11-19,2025-11-20,2025-11-27,True,True,1300.091734375,1300.091734375
2025-11-26,2025-11-27,2025-12-04,False,True,,1301.516623535
2025-12-03,2025-12-04,2025-12-11,True,True,1305.292329974,1305.292329974
2025-12-10,2025-12-11,2025-12-18,True,True,1313.378691116,1313.378691116
2025-12-17,2025-12-18,2025-12-25,True,True,1324.539198853,1324.539198853
2025-12-24,2025-12-25,2026-01-01,False,True,,1331.553029053
2025-12-31,2026-01-01,2026-01-08,False,True,,1288.675470459
2026-01-07,2026-01-08,2026-01-15,True,True,1414.621531555,1414.621531555
2026-01-14,2026-01-15,2026-01-22,True,True,1413.079687012,1413.079687012
2026-01-21,2026-01-22,2026-01-29,True,True,1401.600676453,1401.600676453
2026-01-28,2026-01-29,2026-02-05,True,True,1399.780546021,1399.780546021
2026-02-04,2026-02-05,2026-02-12,True,True,1410.788404602,1410.788404602
2026-02-11,2026-02-12,2026-02-19,True,True,1430.46735968,1430.46735968
2026-02-18,2026-02-19,2026-02-26,True,True,1404.19196875,1404.19196875
2026-02-25,2026-02-26,2026-03-05,True,True,1406.657794067,1406.657794067
2026-03-04,2026-03-05,2026-03-12,True,True,1397.036532532,1397.036532532
2026-03-11,2026-03-12,2026-03-19,True,True,1410.043704437,1410.043704437
2026-03-18,2026-03-19,2026-03-26,True,True,1395.309006073,1395.309006073
2026-03-25,2026-03-26,2026-04-02,True,True,1362.531125519,1362.531125519
2026-04-01,2026-04-02,2026-04-09,True,True,1333.813854553,1333.813854553
2026-04-08,2026-04-09,2026-04-16,True,True,1361.922584595,1361.922584595
2026-04-15,2026-04-16,2026-04-23,True,True,1413.067462463,1413.067462463
2026-04-22,2026-04-23,2026-04-30,True,True,1418.727509644,1418.727509644
2026-04-29,2026-04-30,2026-05-07,True,True,1423.004195435,1423.004195435
2026-05-06,2026-05-07,2026-05-14,True,True,1430.29102417,1430.29102417
2026-05-13,2026-05-14,2026-05-21,True,True,1432.141694397,1432.141694397
2026-05-20,2026-05-21,2026-05-28,True,True,1431.367361389,1431.367361389
2026-05-27,2026-05-28,2026-06-04,True,True,1390.990068481,1390.990068481
2026-06-03,2026-06-04,2026-06-11,True,True,1401.737358429,1401.737358429
2026-06-10,2026-06-11,2026-06-18,True,True,1413.139975708,1413.139975708
2026-06-17,2026-06-18,2026-06-25,True,True,1400.534520691,1400.534520691
2026-06-24,2026-06-25,2026-07-02,True,True,1397.072320496,1397.072320496
2026-07-01,2026-07-02,2026-07-09,True,True,1361.228486969,1361.228486969
2026-07-08,2026-07-09,2026-07-16,True,True,1395.334074585,1395.334074585
2026-07-15,2026-07-16,2026-07-23,True,True,1388.714165894,1388.714165894
2026-07-22,2026-07-23,2026-07-30,True,True,1391.510916626,1391.510916626
