document_class,meeting_date,release_date,last_update_date,encoding,source_eligible,official_url,index_url
fomc_minutes,2011-12-13,2012-01-03,2012-01-03,windows-1252,true,https://www.federalreserve.gov/monetarypolicy/fomcminutes20111213.htm,https://www.federalreserve.gov/monetarypolicy/fomchistorical2011.htm
fomc_statement,2012-01-25,2012-01-25,2012-01-25,utf-8,true,https://www.federalreserve.gov/newsevents/pressreleases/monetary20120125a.htm,https://www.federalreserve.gov/monetarypolicy/fomchistorical2012.htm
fomc_minutes,2012-01-25,2012-02-15,2012-02-15,utf-8,true,https://www.federalreserve.gov/monetarypolicy/fomcminutes20120125.htm,https://www.federalreserve.gov/monetarypolicy/fomchistorical2012.htm
fomc_statement,2012-03-13,2012-03-13,2012-03-13,utf-8,true,https://www.federalreserve.gov/newsevents/pressreleases/monetary20120313a.htm,https://www.federalreserve.gov/monetarypolicy/fomchistorical2012.htm
fomc_minutes,2012-03-13,2012-04-03,2012-04-03,utf-8,true,https://www.federalreserve.gov/monetarypolicy/fomcminutes20120313.htm,https://www.federalreserve.gov/monetarypolicy/fomchistorical2012.htm
fomc_statement,2012-04-25,2012-04-25,2012-04-25,utf-8,true,https://www.federalreserve.gov/newsevents/pressreleases/monetary20120425a.htm,https://www.federalreserve.gov/monetarypolicy/fomchistorical2012.htm
fomc_minutes,2012-04-25,2012-05-16,2012-05-16,utf-8,true,https://www.federalreserve.gov/monetarypolicy/fomcminutes20120425.htm,https://www.federalreserve.gov/monetarypolicy/fomchistorical2012.htm
fomc_statement,2012-06-20,2012-06-20,2012-06-20,utf-8,true,https://www.federalreserve.gov/newsevents/pressreleases/monetary20120620a.htm,https://www.federalreserve.gov/monetarypolicy/fomchistorical2012.htm
fomc_minutes,2012-06-20,2012-07-11,2012-07-11,utf-8,true,https://www.federalreserve.gov/monetarypolicy/fomcminutes20120620.htm,https://www.federalreserve.gov/monetarypolicy/fomchistorical2012.htm
fomc_statement,2012-08-01,2012-08-01,2012-08-01,utf-8,true,https://www.federalreserve.gov/newsevents/pressreleases/monetary20120801a.htm,https://www.federalreserve.gov/monetarypolicy/fomchistorical2012.htm
fomc_minutes,2012-08-01,2012-08-22,2012-08-22,utf-8,true,https://www.federalreserve.gov/monetarypolicy/fomcminutes20120801.htm,https://www.federalreserve.gov/monetarypolicy/fomchistorical2012.htm
fomc_statement,2012-09-13,2012-09-13,2012-09-13,utf-8,true,https://www.federalreserve.gov/newsevents/pressreleases/monetary20120913a.htm,https://www.federalreserve.gov/monetarypolicy/fomchistorical2012.htm
fomc_minutes,2012-09-13,2012-10-04,2012-10-04,utf-8,true,https://www.federalreserve.gov/monetarypolicy/fomcminutes20120913.htm,https://www.federalreserve.gov/monetarypolicy/fomchistorical2012.htm
fomc_statement,2012-10-24,2012-10-24,2012-10-24,utf-8,true,https://www.federalreserve.gov/newsevents/pressreleases/monetary20121024a.htm,https://www.federalreserve.gov/monetarypolicy/fomchistorical2012.htm
fomc_minutes,2012-10-24,2012-11-14,2012-11-14,utf-8,true,https://www.federalreserve.gov/monetarypolicy/fomcminutes20121024.htm,https://www.federalreserve.gov/monetarypolicy/fomchistorical2012.htm
fomc_statement,2012-12-12,2012-12-12,2012-12-12,utf-8,true,https://www.federalreserve.gov/newsevents/pressreleases/monetary20121212a.htm,https://www.federalreserve.gov/monetarypolicy/fomchistorical2012.htm
fomc_minutes,2012-12-12,2013-01-03,2013-01-03,utf-8,true,https://www.federalreserve.gov/monetarypolicy/fomcminutes20121212.htm,https://www.federalreserve.gov/monetarypolicy/fomchistorical2012.htm
fomc_statement,2013-01-30,2013-01-30,2013-01-30,utf-8,true,https://www.federalreserve.gov/newsevents/pressreleases/monetary20130130a.htm,https://www.federalreserve.gov/monetarypolicy/fomchistorical2013.htm
fomc_minutes,2013-01-30,2013-02-20,2013-02-20,utf-8,true,https://www.federalreserve.gov/monetarypolicy/fomcminutes20130130.htm,https://www.federalreserve.gov/monetarypolicy/fomchistorical2013.htm
fomc_statement,2013-03-20,2013-03-20,2013-03-20,utf-8,true,https://www.federalreserve.gov/newsevents/pressreleases/monetary20130320a.htm,https://www.federalreserve.gov/monetarypolicy/fomchistorical2013.htm
fomc_minutes,2013-03-20,2013-04-10,2013-04-10,utf-8,true,https://www.federalreserve.gov/monetarypolicy/fomcminutes20130320.htm,https://www.federalreserve.gov/monetarypolicy/fomchistorical2013.htm
fomc_statement,2013-05-01,2013-05-01,2013-05-01,utf-8,true,https://www.federalreserve.gov/newsevents/pressreleases/monetary20130501a.htm,https://www.federalreserve.gov/monetarypolicy/fomchistorical2013.htm
fomc_minutes,2013-05-01,2013-05-22,2013-05-22,utf-8,true,https://www.federalreserve.gov/monetarypolicy/fomcminutes20130501.htm,https://www.federalreserve.gov/monetarypolicy/fomchistorical2013.htm
fomc_statement,2013-06-19,2013-06-19,2013-06-19,utf-8,true,https://www.federalreserve.gov/newsevents/pressreleases/monetary20130619a.htm,https://www.federalreserve.gov/monetarypolicy/fomchistorical2013.htm
fomc_minutes,2013-06-19,2013-07-10,2013-07-10,utf-8,true,https://www.federalreserve.gov/monetarypolicy/fomcminutes20130619.htm,https://www.federalreserve.gov/monetarypolicy/fomchistorical2013.htm
fomc_statement,2013-07-31,2013-07-31,2013-07-31,utf-8,true,https://www.federalreserve.gov/newsevents/pressreleases/monetary20130731a.htm,https://www.federalreserve.gov/monetarypolicy/fomchistorical2013.htm
fomc_minutes,2013-07-31,2013-08-21,2013-08-21,utf-8,true,https://www.federalreserve.gov/monetarypolicy/fomcminutes20130731.htm,https://www.federalreserve.gov/monetarypolicy/fomchistorical2013.htm
fomc_statement,2013-09-18,2013-09-18,2013-09-18,utf-8,true,https://www.federalreserve.gov/newsevents/pressreleases/monetary20130918a.htm,https://www.federalreserve.gov/monetarypolicy/fomchistorical2013.htm
fomc_minutes,2013-09-18,2013-10-09,2013-10-09,utf-8,true,https://www.federalreserve.gov/monetarypolicy/fomcminutes20130918.htm,https://www.federalreserve.gov/monetarypolicy/fomchistorical2013.htm
fomc_statement,2013-10-30,2013-10-30,2013-10-30,utf-8,true,https://www.federalreserve.gov/newsevents/pressreleases/monetary20131030a.htm,https://www.federalreserve.gov/monetarypolicy/fomchistorical2013.htm
fomc_minutes,2013-10-30,2013-11-20,2013-11-20,utf-8,true,https://www.federalreserve.gov/monetarypolicy/fomcminutes20131030.htm,https://www.federalreserve.gov/monetarypolicy/fomchistorical2013.htm
fomc_statement,2013-12-18,2013-12-18,2013-12-18,utf-8,true,https://www.federalreserve.gov/newsevents/pressreleases/monetary20131218a.htm,https://www.federalreserve.gov/monetarypolicy/fomchistorical2013.htm
fomc_minutes,2013-12-18,2014-01-08,2014-01-08,utf-8,true,https://www.federalreserve.gov/monetarypolicy/fomcminutes20131218.htm,https://www.federalreserve.gov/monetarypolicy/fomchistorical2013.htm
fomc_statement,2014-01-29,2014-01-29,2014-01-29,utf-8,true,https://www.federalreserve.gov/newsevents/pressreleases/monetary20140129a.htm,https://www.federalreserve.gov/monetarypolicy/fomchistorical2014.htm
fomc_minutes,2014-01-29,2014-02-19,2014-02-19,utf-8,true,https://www.federalreserve.gov/monetarypolicy/fomcminutes20140129.htm,https://www.federalreserve.gov/monetarypolicy/fomchistorical2014.htm
fomc_statement,2014-03-19,2014-03-19,2014-03-19,utf-8,true,https://www.federalreserve.gov/newsevents/pressreleases/monetary20140319a.htm,https://www.federalreserve.gov/monetarypolicy/fomchistorical2014.htm
fomc_minutes,2014-03-19,2014-04-09,2014-04-09,utf-8,true,https://www.federalreserve.gov/monetarypolicy/fomcminutes20140319.htm,https://www.federalreserve.gov/monetarypolicy/fomchistorical2014.htm
fomc_statement,2014-04-30,2014-04-30,2014-04-30,utf-8,true,https://www.federalreserve.gov/newsevents/pressreleases/monetary20140430a.htm,https://www.federalreserve.gov/monetarypolicy/fomchistorical2014.htm
fomc_minutes,2014-04-30,2014-05-21,2014-05-21,utf-8,true,https://www.federalreserve.gov/monetarypolicy/fomcminutes20140430.htm,https://www.federalreserve.gov/monetarypolicy/fomchistorical2014.htm
fomc_statement,2014-06-18,2014-06-18,2014-06-18,utf-8,true,https://www.federalreserve.gov/newsevents/pressreleases/monetary20140618a.htm,https://www.federalreserve.gov/monetarypolicy/fomchistorical2014.htm
fomc_minutes,2014-06-18,2014-07-09,2014-07-09,utf-8,true,https://www.federalreserve.gov/monetarypolicy/fomcminutes20140618.htm,https://www.federalreserve.gov/monetarypolicy/fomchistorical2014.htm
fomc_statement,2014-07-30,2014-07-30,2014-07-30,utf-8,true,https://www.federalreserve.gov/newsevents/pressreleases/monetary20140730a.htm,https://www.federalreserve.gov/monetarypolicy/fomchistorical2014.htm
fomc_minutes,2014-07-30,2014-08-20,2014-08-20,utf-8,true,https://www.federalreserve.gov/monetarypolicy/fomcminutes20140730.htm,https://www.federalreserve.gov/monetarypolicy/fomchistorical2014.htm
fomc_statement,2014-09-17,2014-09-17,2014-09-17,utf-8,true,https://www.federalreserve.gov/newsevents/pressreleases/monetary20140917a.htm,https://www.federalreserve.gov/monetarypolicy/fomchistorical2014.htm
fomc_minutes,2014-09-17,2014-10-08,2014-10-08,utf-8,true,https://www.federalreserve.gov/monetarypolicy/fomcminutes20140917.htm,https://www.federalreserve.gov/monetarypolicy/fomchistorical2014.htm
fomc_statement,2014-10-29,2014-10-29,2014-10-29,utf-8,true,https://www.federalreserve.gov/newsevents/pressreleases/monetary20141029a.htm,https://www.federalreserve.gov/monetarypolicy/fomchistorical2014.htm
fomc_minutes,2014-10-29,2014-11-19,2014-11-19,utf-8,true,https://www.federalreserve.gov/monetarypolicy/fomcminutes20141029.htm,https://www.federalreserve.gov/monetarypolicy/fomchistorical2014.htm
fomc_statement,2014-12-17,2014-12-17,2014-12-17,utf-8,true,https://www.federalreserve.gov/newsevents/pressreleases/monetary20141217a.htm,https://www.federalreserve.gov/monetarypolicy/fomchistorical2014.htm
fomc_minutes,2014-12-17,2015-01-07,2015-01-07,utf-8,true,https://www.federalreserve.gov/monetarypolicy/fomcminutes20141217.htm,https://www.federalreserve.gov/monetarypolicy/fomchistorical2014.htm
fomc_statement,2015-01-28,2015-01-28,2015-01-28,utf-8,true,https://www.federalreserve.gov/newsevents/pressreleases/monetary20150128a.htm,https://www.federalreserve.gov/monetarypolicy/fomchistorical2015.htm
fomc_minutes,2015-01-28,2015-02-18,2015-02-18,utf-8,true,https://www.federalreserve.gov/monetarypolicy/fomcminutes20150128.htm,https://www.federalreserve.gov/monetarypolicy/fomchistorical2015.htm
fomc_statement,2015-03-18,2015-03-18,2015-03-18,utf-8,true,https://www.federalreserve.gov/newsevents/pressreleases/monetary20150318a.htm,https://www.federalreserve.gov/monetarypolicy/fomchistorical2015.htm
fomc_minutes,2015-03-18,2015-04-08,2015-04-08,utf-8,true,https://www.federalreserve.gov/monetarypolicy/fomcminutes20150318.htm,https://www.federalreserve.gov/monetarypolicy/fomchistorical2015.htm
fomc_statement,2015-04-29,2015-04-29,2015-04-29,utf-8,true,https://www.federalreserve.gov/newsevents/pressreleases/monetary20150429a.htm,https://www.federalreserve.gov/monetarypolicy/fomchistorical2015.htm
fomc_minutes,2015-04-29,2015-05-20,2015-05-20,utf-8,true,https://www.federalreserve.gov/monetarypolicy/fomcminutes20150429.htm,https://www.federalreserve.gov/monetarypolicy/fomchistorical2015.htm
fomc_statement,2015-06-17,2015-06-17,2015-06-17,utf-8,true,https://www.federalreserve.gov/newsevents/pressreleases/monetary20150617a.htm,https://www.federalreserve.gov/monetarypolicy/fomchistorical2015.htm
fomc_minutes,2015-06-17,2015-07-08,2015-07-08,utf-8,true,https://www.federalreserve.gov/monetarypolicy/fomcminutes20150617.htm,https://www.federalreserve.gov/monetarypolicy/fomchistorical2015.htm
fomc_statement,2015-07-29,2015-07-29,2015-07-29,utf-8,true,https://www.federalreserve.gov/newsevents/pressreleases/monetary20150729a.htm,https://www.federalreserve.gov/monetarypolicy/fomchistorical2015.htm
fomc_minutes,2015-07-29,2015-08-19,2015-08-19,utf-8,true,https://www.federalreserve.gov/monetarypolicy/fomcminutes20150729.htm,https://www.federalreserve.gov/monetarypolicy/fomchistorical2015.htm
fomc_statement,2015-09-17,2015-09-17,2015-09-17,utf-8,true,https://www.federalreserve.gov/newsevents/pressreleases/monetary20150917a.htm,https://www.federalreserve.gov/monetarypolicy/fomchistorical2015.htm
fomc_minutes,2015-09-17,2015-10-08,2015-10-08,utf-8,true,https://www.federalreserve.gov/monetarypolicy/fomcminutes20150917.htm,https://www.federalreserve.gov/monetarypolicy/fomchistorical2015.htm
fomc_statement,2015-10-28,2015-10-28,2015-10-28,utf-8,true,https://www.federalreserve.gov/newsevents/pressreleases/monetary20151028a.htm,https://www.federalreserve.gov/monetarypolicy/fomchistorical2015.htm
fomc_minutes,2015-10-28,2015-11-18,2015-11-18,utf-8,true,https://www.federalreserve.gov/monetarypolicy/fomcminutes20151028.htm,https://www.federalreserve.gov/monetarypolicy/fomchistorical2015.htm
fomc_statement,2015-12-16,2015-12-16,2015-12-16,utf-8,true,https://www.federalreserve.gov/newsevents/pressreleases/monetary20151216a.htm,https://www.federalreserve.gov/monetarypolicy/fomchistorical2015.htm
fomc_minutes,2015-12-16,2016-01-06,2016-01-06,utf-8,true,https://www.federalreserve.gov/monetarypolicy/fomcminutes20151216.htm,https://www.federalreserve.gov/monetarypolicy/fomchistorical2015.htm
fomc_statement,2016-01-27,2016-01-27,2016-01-27,utf-8,true,https://www.federalreserve.gov/newsevents/pressreleases/monetary20160127a.htm,https://www.federalreserve.gov/monetarypolicy/fomchistorical2016.htm
fomc_minutes,2016-01-27,2016-02-17,2016-02-17,utf-8,true,https://www.federalreserve.gov/monetarypolicy/fomcminutes20160127.htm,https://www.federalreserve.gov/monetarypolicy/fomchistorical2016.htm
fomc_statement,2016-03-16,2016-03-16,2016-03-16,utf-8,true,https://www.federalreserve.gov/newsevents/pressreleases/monetary20160316a.htm,https://www.federalreserve.gov/monetarypolicy/fomchistorical2016.htm
fomc_minutes,2016-03-16,2016-04-06,2016-04-06,utf-8,true,https://www.federalreserve.gov/monetarypolicy/fomcminutes20160316.htm,https://www.federalreserve.gov/monetarypolicy/fomchistorical2016.htm
fomc_statement,2016-04-27,2016-04-27,2016-04-27,utf-8,true,https://www.federalreserve.gov/newsevents/pressreleases/monetary20160427a.htm,https://www.federalreserve.gov/monetarypolicy/fomchistorical2016.htm
fomc_minutes,2016-04-27,2016-05-18,2016-05-18,utf-8,true,https://www.federalreserve.gov/monetarypolicy/fomcminutes20160427.htm,https://www.federalreserve.gov/monetarypolicy/fomchistorical2016.htm
fomc_statement,2016-06-15,2016-06-15,2016-06-15,utf-8,true,https://www.federalreserve.gov/newsevents/pressreleases/monetary20160615a.htm,https://www.federalreserve.gov/monetarypolicy/fomchistorical2016.htm
fomc_minutes,2016-06-15,2016-07-06,2016-07-06,utf-8,true,https://www.federalreserve.gov/monetarypolicy/fomcminutes20160615.htm,https://www.federalreserve.gov/monetarypolicy/fomchistorical2016.htm
fomc_statement,2016-07-27,2016-07-27,2016-07-27,utf-8,true,https://www.federalreserve.gov/newsevents/pressreleases/monetary20160727a.htm,https://www.federalreserve.gov/monetarypolicy/fomchistorical2016.htm
fomc_minutes,2016-07-27,2016-08-17,2016-08-17,utf-8,true,https://www.federalreserve.gov/monetarypolicy/fomcminutes20160727.htm,https://www.federalreserve.gov/monetarypolicy/fomchistorical2016.htm
fomc_statement,2016-09-21,2016-09-21,2016-09-21,utf-8,true,https://www.federalreserve.gov/newsevents/pressreleases/monetary20160921a.htm,https://www.federalreserve.gov/monetarypolicy/fomchistorical2016.htm
fomc_minutes,2016-09-21,2016-10-12,2016-10-12,utf-8,true,https://www.federalreserve.gov/monetarypolicy/fomcminutes20160921.htm,https://www.federalreserve.gov/monetarypolicy/fomchistorical2016.htm
fomc_statement,2016-11-02,2016-11-02,2016-11-02,utf-8,true,https://www.federalreserve.gov/newsevents/pressreleases/monetary20161102a.htm,https://www.federalreserve.gov/monetarypolicy/fomchistorical2016.htm
fomc_minutes,2016-11-02,2016-11-23,2016-11-23,utf-8,true,https://www.federalreserve.gov/monetarypolicy/fomcminutes20161102.htm,https://www.federalreserve.gov/monetarypolicy/fomchistorical2016.htm
fomc_statement,2016-12-14,2016-12-14,2016-12-14,utf-8,true,https://www.federalreserve.gov/newsevents/pressreleases/monetary20161214a.htm,https://www.federalreserve.gov/monetarypolicy/fomchistorical2016.htm
fomc_minutes,2016-12-14,2017-01-04,2017-01-04,utf-8,true,https://www.federalreserve.gov/monetarypolicy/fomcminutes20161214.htm,https://www.federalreserve.gov/monetarypolicy/fomchistorical2016.htm
fomc_statement,2017-02-01,2017-02-01,2017-02-01,utf-8,true,https://www.federalreserve.gov/newsevents/pressreleases/monetary20170201a.htm,https://www.federalreserve.gov/monetarypolicy/fomchistorical2017.htm
fomc_minutes,2017-02-01,2017-02-22,2017-02-22,utf-8,true,https://www.federalreserve.gov/monetarypolicy/fomcminutes20170201.htm,https://www.federalreserve.gov/monetarypolicy/fomchistorical2017.htm
fomc_statement,2017-03-15,2017-03-15,2017-03-15,utf-8,true,https://www.federalreserve.gov/newsevents/pressreleases/monetary20170315a.htm,https://www.federalreserve.gov/monetarypolicy/fomchistorical2017.htm
fomc_minutes,2017-03-15,2017-04-05,2017-04-05,utf-8,true,https://www.federalreserve.gov/monetarypolicy/fomcminutes20170315.htm,https://www.federalreserve.gov/monetarypolicy/fomchistorical2017.htm
fomc_statement,2017-05-03,2017-05-03,2017-05-03,utf-8,true,https://www.federalreserve.gov/newsevents/pressreleases/monetary20170503a.htm,https://www.federalreserve.gov/monetarypolicy/fomchistorical2017.htm
fomc_minutes,2017-05-03,2017-05-24,2017-05-24,utf-8,true,https://www.federalreserve.gov/monetarypolicy/fomcminutes20170503.htm,https://www.federalreserve.gov/monetarypolicy/fomchistorical2017.htm
fomc_statement,2017-06-14,2017-06-14,2017-06-14,utf-8,true,https://www.federalreserve.gov/newsevents/pressreleases/monetary20170614a.htm,https://www.federalreserve.gov/monetarypolicy/fomchistorical2017.htm
fomc_minutes,2017-06-14,2017-07-05,2017-07-05,utf-8,true,https://www.federalreserve.gov/monetarypolicy/fomcminutes20170614.htm,https://www.federalreserve.gov/monetarypolicy/fomchistorical2017.htm
fomc_statement,2017-07-26,2017-07-26,2017-07-26,utf-8,true,https://www.federalreserve.gov/newsevents/pressreleases/monetary20170726a.htm,https://www.federalreserve.gov/monetarypolicy/fomchistorical2017.htm
fomc_minutes,2017-07-26,2017-08-16,2017-08-16,utf-8,true,https://www.federalreserve.gov/monetarypolicy/fomcminutes20170726.htm,https://www.federalreserve.gov/monetarypolicy/fomchistorical2017.htm
fomc_statement,2017-09-20,2017-09-20,2017-09-20,utf-8,true,https://www.federalreserve.gov/newsevents/pressreleases/monetary20170920a.htm,https://www.federalreserve.gov/monetarypolicy/fomchistorical2017.htm
fomc_minutes,2017-09-20,2017-10-11,2017-10-11,utf-8,true,https://www.federalreserve.gov/monetarypolicy/fomcminutes20170920.htm,https://www.federalreserve.gov/monetarypolicy/fomchistorical2017.htm
fomc_statement,2017-11-01,2017-11-01,2017-11-01,utf-8,true,https://www.federalreserve.gov/newsevents/pressreleases/monetary20171101a.htm,https://www.federalreserve.gov/monetarypolicy/fomchistorical2017.htm
fomc_minutes,2017-11-01,2017-11-22,2017-11-22,utf-8,true,https://www.federalreserve.gov/monetarypolicy/fomcminutes20171101.htm,https://www.federalreserve.gov/monetarypolicy/fomchistorical2017.htm
fomc_statement,2017-12-13,2017-12-13,2017-12-13,utf-8,true,https://www.federalreserve.gov/newsevents/pressreleases/monetary20171213a.htm,https://www.federalreserve.gov/monetarypolicy/fomchistorical2017.htm
fomc_minutes,2017-12-13,2018-01-03,2018-01-03,utf-8,true,https://www.federalreserve.gov/monetarypolicy/fomcminutes20171213.htm,https://www.federalreserve.gov/monetarypolicy/fomchistorical2017.htm
fomc_statement,2018-01-31,2018-01-31,2018-02-01,utf-8,false,https://www.federalreserve.gov/newsevents/pressreleases/monetary20180131a.htm,https://www.federalreserve.gov/monetarypolicy/fomchistorical2018.htm
fomc_minutes,2018-01-31,2018-02-21,2018-02-21,utf-8,true,https://www.federalreserve.gov/monetarypolicy/fomcminutes20180131.htm,https://www.federalreserve.gov/monetarypolicy/fomchistorical2018.htm
fomc_statement,2018-03-21,2018-03-21,2018-03-21,utf-8,true,https://www.federalreserve.gov/newsevents/pressreleases/monetary20180321a.htm,https://www.federalreserve.gov/monetarypolicy/fomchistorical2018.htm
fomc_minutes,2018-03-21,2018-04-11,2018-04-11,utf-8,true,https://www.federalreserve.gov/monetarypolicy/fomcminutes20180321.htm,https://www.federalreserve.gov/monetarypolicy/fomchistorical2018.htm
fomc_statement,2018-05-02,2018-05-02,2018-05-02,utf-8,true,https://www.federalreserve.gov/newsevents/pressreleases/monetary20180502a.htm,https://www.federalreserve.gov/monetarypolicy/fomchistorical2018.htm
fomc_minutes,2018-05-02,2018-05-23,2018-05-23,utf-8,true,https://www.federalreserve.gov/monetarypolicy/fomcminutes20180502.htm,https://www.federalreserve.gov/monetarypolicy/fomchistorical2018.htm
fomc_statement,2018-06-13,2018-06-13,2018-06-13,utf-8,true,https://www.federalreserve.gov/newsevents/pressreleases/monetary20180613a.htm,https://www.federalreserve.gov/monetarypolicy/fomchistorical2018.htm
fomc_minutes,2018-06-13,2018-07-05,2018-07-05,utf-8,true,https://www.federalreserve.gov/monetarypolicy/fomcminutes20180613.htm,https://www.federalreserve.gov/monetarypolicy/fomchistorical2018.htm
fomc_statement,2018-08-01,2018-08-01,2018-08-01,utf-8,true,https://www.federalreserve.gov/newsevents/pressreleases/monetary20180801a.htm,https://www.federalreserve.gov/monetarypolicy/fomchistorical2018.htm
fomc_minutes,2018-08-01,2018-08-22,2018-08-22,utf-8,true,https://www.federalreserve.gov/monetarypolicy/fomcminutes20180801.htm,https://www.federalreserve.gov/monetarypolicy/fomchistorical2018.htm
fomc_statement,2018-09-26,2018-09-26,2018-09-26,utf-8,true,https://www.federalreserve.gov/newsevents/pressreleases/monetary20180926a.htm,https://www.federalreserve.gov/monetarypolicy/fomchistorical2018.htm
fomc_minutes,2018-09-26,2018-10-17,2018-10-17,utf-8,true,https://www.federalreserve.gov/monetarypolicy/fomcminutes20180926.htm,https://www.federalreserve.gov/monetarypolicy/fomchistorical2018.htm
fomc_statement,2018-11-08,2018-11-08,2018-11-08,utf-8,true,https://www.federalreserve.gov/newsevents/pressreleases/monetary20181108a.htm,https://www.federalreserve.gov/monetarypolicy/fomchistorical2018.htm
fomc_minutes,2018-11-08,2018-11-29,2018-11-29,utf-8,true,https://www.federalreserve.gov/monetarypolicy/fomcminutes20181108.htm,https://www.federalreserve.gov/monetarypolicy/fomchistorical2018.htm
fomc_statement,2018-12-19,2018-12-19,2018-12-19,utf-8,true,https://www.federalreserve.gov/newsevents/pressreleases/monetary20181219a.htm,https://www.federalreserve.gov/monetarypolicy/fomchistorical2018.htm
fomc_minutes,2018-12-19,2019-01-09,2019-01-09,utf-8,true,https://www.federalreserve.gov/monetarypolicy/fomcminutes20181219.htm,https://www.federalreserve.gov/monetarypolicy/fomchistorical2018.htm
fomc_statement,2019-01-30,2019-01-30,2019-01-30,utf-8,true,https://www.federalreserve.gov/newsevents/pressreleases/monetary20190130a.htm,https://www.federalreserve.gov/monetarypolicy/fomchistorical2019.htm
fomc_minutes,2019-01-30,2019-02-20,2019-02-20,utf-8,true,https://www.federalreserve.gov/monetarypolicy/fomcminutes20190130.htm,https://www.federalreserve.gov/monetarypolicy/fomchistorical2019.htm
fomc_statement,2019-03-20,2019-03-20,2019-03-20,utf-8,true,https://www.federalreserve.gov/newsevents/pressreleases/monetary20190320a.htm,https://www.federalreserve.gov/monetarypolicy/fomchistorical2019.htm
fomc_minutes,2019-03-20,2019-04-10,2019-04-10,utf-8,true,https://www.federalreserve.gov/monetarypolicy/fomcminutes20190320.htm,https://www.federalreserve.gov/monetarypolicy/fomchistorical2019.htm
fomc_statement,2019-05-01,2019-05-01,2019-05-01,utf-8,true,https://www.federalreserve.gov/newsevents/pressreleases/monetary20190501a.htm,https://www.federalreserve.gov/monetarypolicy/fomchistorical2019.htm
fomc_minutes,2019-05-01,2019-05-22,2019-05-22,utf-8,true,https://www.federalreserve.gov/monetarypolicy/fomcminutes20190501.htm,https://www.federalreserve.gov/monetarypolicy/fomchistorical2019.htm
fomc_statement,2019-06-19,2019-06-19,2019-06-19,utf-8,true,https://www.federalreserve.gov/newsevents/pressreleases/monetary20190619a.htm,https://www.federalreserve.gov/monetarypolicy/fomchistorical2019.htm
fomc_minutes,2019-06-19,2019-07-10,2019-07-10,utf-8,true,https://www.federalreserve.gov/monetarypolicy/fomcminutes20190619.htm,https://www.federalreserve.gov/monetarypolicy/fomchistorical2019.htm
fomc_statement,2019-07-31,2019-07-31,2019-07-31,utf-8,true,https://www.federalreserve.gov/newsevents/pressreleases/monetary20190731a.htm,https://www.federalreserve.gov/monetarypolicy/fomchistorical2019.htm
fomc_minutes,2019-07-31,2019-08-21,2019-08-21,utf-8,true,https://www.federalreserve.gov/monetarypolicy/fomcminutes20190731.htm,https://www.federalreserve.gov/monetarypolicy/fomchistorical2019.htm
fomc_statement,2019-09-18,2019-09-18,2019-09-18,utf-8,true,https://www.federalreserve.gov/newsevents/pressreleases/monetary20190918a.htm,https://www.federalreserve.gov/monetarypolicy/fomchistorical2019.htm
fomc_minutes,2019-09-18,2019-10-09,2019-10-09,utf-8,true,https://www.federalreserve.gov/monetarypolicy/fomcminutes20190918.htm,https://www.federalreserve.gov/monetarypolicy/fomchistorical2019.htm
fomc_statement,2019-10-11,2019-10-11,2019-10-15,utf-8,false,https://www.federalreserve.gov/newsevents/pressreleases/monetary20191011a.htm,https://www.federalreserve.gov/monetarypolicy/fomchistorical2019.htm
fomc_statement,2019-10-30,2019-10-30,2019-10-30,utf-8,true,https://www.federalreserve.gov/newsevents/pressreleases/monetary20191030a.htm,https://www.federalreserve.gov/monetarypolicy/fomchistorical2019.htm
fomc_minutes,2019-10-30,2019-11-20,2019-11-20,utf-8,true,https://www.federalreserve.gov/monetarypolicy/fomcminutes20191030.htm,https://www.federalreserve.gov/monetarypolicy/fomchistorical2019.htm
fomc_statement,2019-12-11,2019-12-11,2019-12-11,utf-8,true,https://www.federalreserve.gov/newsevents/pressreleases/monetary20191211a.htm,https://www.federalreserve.gov/monetarypolicy/fomchistorical2019.htm
fomc_minutes,2019-12-11,2020-01-03,2020-01-03,utf-8,true,https://www.federalreserve.gov/monetarypolicy/fomcminutes20191211.htm,https://www.federalreserve.gov/monetarypolicy/fomchistorical2019.htm
fomc_statement,2020-01-29,2020-01-29,2020-01-29,utf-8,true,https://www.federalreserve.gov/newsevents/pressreleases/monetary20200129a.htm,https://www.federalreserve.gov/monetarypolicy/fomchistorical2020.htm
fomc_minutes,2020-01-29,2020-02-19,2020-02-19,utf-8,true,https://www.federalreserve.gov/monetarypolicy/fomcminutes20200129.htm,https://www.federalreserve.gov/monetarypolicy/fomchistorical2020.htm
fomc_statement,2020-03-03,2020-03-03,2020-03-03,utf-8,true,https://www.federalreserve.gov/newsevents/pressreleases/monetary20200303a.htm,https://www.federalreserve.gov/monetarypolicy/fomchistorical2020.htm
fomc_statement,2020-03-15,2020-03-15,2020-03-15,utf-8,true,https://www.federalreserve.gov/newsevents/pressreleases/monetary20200315a.htm,https://www.federalreserve.gov/monetarypolicy/fomchistorical2020.htm
fomc_statement,2020-03-23,2020-03-23,2020-03-23,utf-8,true,https://www.federalreserve.gov/newsevents/pressreleases/monetary20200323a.htm,https://www.federalreserve.gov/monetarypolicy/fomchistorical2020.htm
fomc_minutes,2020-03-15,2020-04-08,2020-04-08,utf-8,true,https://www.federalreserve.gov/monetarypolicy/fomcminutes20200315.htm,https://www.federalreserve.gov/monetarypolicy/fomchistorical2020.htm
fomc_statement,2020-04-29,2020-04-29,2020-04-29,utf-8,true,https://www.federalreserve.gov/newsevents/pressreleases/monetary20200429a.htm,https://www.federalreserve.gov/monetarypolicy/fomchistorical2020.htm
fomc_minutes,2020-04-29,2020-05-20,2020-05-20,utf-8,true,https://www.federalreserve.gov/monetarypolicy/fomcminutes20200429.htm,https://www.federalreserve.gov/monetarypolicy/fomchistorical2020.htm
fomc_statement,2020-06-10,2020-06-10,2020-06-10,utf-8,true,https://www.federalreserve.gov/newsevents/pressreleases/monetary20200610a.htm,https://www.federalreserve.gov/monetarypolicy/fomchistorical2020.htm
fomc_minutes,2020-06-10,2020-07-01,2020-07-01,utf-8,true,https://www.federalreserve.gov/monetarypolicy/fomcminutes20200610.htm,https://www.federalreserve.gov/monetarypolicy/fomchistorical2020.htm
fomc_statement,2020-07-29,2020-07-29,2020-07-29,utf-8,true,https://www.federalreserve.gov/newsevents/pressreleases/monetary20200729a.htm,https://www.federalreserve.gov/monetarypolicy/fomchistorical2020.htm
fomc_minutes,2020-07-29,2020-08-19,2020-08-19,utf-8,true,https://www.federalreserve.gov/monetarypolicy/fomcminutes20200729.htm,https://www.federalreserve.gov/monetarypolicy/fomchistorical2020.htm
fomc_statement,2020-09-16,2020-09-16,2020-09-16,utf-8,true,https://www.federalreserve.gov/newsevents/pressreleases/monetary20200916a.htm,https://www.federalreserve.gov/monetarypolicy/fomchistorical2020.htm
fomc_minutes,2020-09-16,2020-10-07,2020-10-07,utf-8,true,https://www.federalreserve.gov/monetarypolicy/fomcminutes20200916.htm,https://www.federalreserve.gov/monetarypolicy/fomchistorical2020.htm
fomc_statement,2020-11-05,2020-11-05,2020-11-05,utf-8,true,https://www.federalreserve.gov/newsevents/pressreleases/monetary20201105a.htm,https://www.federalreserve.gov/monetarypolicy/fomchistorical2020.htm
fomc_minutes,2020-11-05,2020-11-25,2020-11-25,utf-8,true,https://www.federalreserve.gov/monetarypolicy/fomcminutes20201105.htm,https://www.federalreserve.gov/monetarypolicy/fomchistorical2020.htm
fomc_statement,2020-12-16,2020-12-16,2020-12-16,utf-8,true,https://www.federalreserve.gov/newsevents/pressreleases/monetary20201216a.htm,https://www.federalreserve.gov/monetarypolicy/fomchistorical2020.htm
