origin_position,signal_position,entry_position,exit_position,origin_date,signal_date,entry_date,exit_date,side,branch,delay_bars,hold_bars
2370,2370,2372,2516,2020-01-09 05:30:00,2020-01-09 05:30:00,2020-01-09 05:40:00,2020-01-09 17:40:00,-1,afcs_144,2,144
4722,4722,4724,4868,2020-01-17 09:30:00,2020-01-17 09:30:00,2020-01-17 09:40:00,2020-01-17 21:40:00,-1,afcs_144,2,144
5225,5225,5227,5371,2020-01-19 03:25:00,2020-01-19 03:25:00,2020-01-19 03:35:00,2020-01-19 15:35:00,1,afcs_144,2,144
5857,5857,5859,6003,2020-01-21 08:05:00,2020-01-21 08:05:00,2020-01-21 08:15:00,2020-01-21 20:15:00,-1,afcs_144,2,144
6170,6170,6172,6316,2020-01-22 10:10:00,2020-01-22 10:10:00,2020-01-22 10:20:00,2020-01-22 22:20:00,-1,afcs_144,2,144
6453,6453,6455,6599,2020-01-23 09:45:00,2020-01-23 09:45:00,2020-01-23 09:55:00,2020-01-23 21:55:00,-1,afcs_144,2,144
6754,6754,6756,6900,2020-01-24 10:50:00,2020-01-24 10:50:00,2020-01-24 11:00:00,2020-01-24 23:00:00,-1,afcs_144,2,144
7983,7983,7985,8129,2020-01-28 17:15:00,2020-01-28 17:15:00,2020-01-28 17:25:00,2020-01-29 05:25:00,-1,afcs_144,2,144
8420,8420,8422,8566,2020-01-30 05:40:00,2020-01-30 05:40:00,2020-01-30 05:50:00,2020-01-30 17:50:00,-1,afcs_144,2,144
9385,9385,9387,9531,2020-02-02 14:05:00,2020-02-02 14:05:00,2020-02-02 14:15:00,2020-02-03 02:15:00,-1,afcs_144,2,144
9972,9972,9974,10118,2020-02-04 15:00:00,2020-02-04 15:00:00,2020-02-04 15:10:00,2020-02-05 03:10:00,1,afcs_144,2,144
10296,10296,10298,10442,2020-02-05 18:00:00,2020-02-05 18:00:00,2020-02-05 18:10:00,2020-02-06 06:10:00,1,afcs_144,2,144
11107,11107,11109,11253,2020-02-08 13:35:00,2020-02-08 13:35:00,2020-02-08 13:45:00,2020-02-09 01:45:00,1,afcs_144,2,144
11823,11823,11825,11969,2020-02-11 01:15:00,2020-02-11 01:15:00,2020-02-11 01:25:00,2020-02-11 13:25:00,-1,afcs_144,2,144
15308,15308,15310,15454,2020-02-23 03:40:00,2020-02-23 03:40:00,2020-02-23 03:50:00,2020-02-23 15:50:00,1,afcs_144,2,144
15928,15928,15930,16074,2020-02-25 07:20:00,2020-02-25 07:20:00,2020-02-25 07:30:00,2020-02-25 19:30:00,-1,afcs_144,2,144
17725,17725,17727,17871,2020-03-02 13:05:00,2020-03-02 13:05:00,2020-03-02 13:15:00,2020-03-03 01:15:00,1,afcs_144,2,144
17939,17939,17941,18085,2020-03-03 06:55:00,2020-03-03 06:55:00,2020-03-03 07:05:00,2020-03-03 19:05:00,-1,afcs_144,2,144
18434,18434,18436,18580,2020-03-05 00:10:00,2020-03-05 00:10:00,2020-03-05 00:20:00,2020-03-05 12:20:00,1,afcs_144,2,144
18668,18668,18670,18814,2020-03-05 19:40:00,2020-03-05 19:40:00,2020-03-05 19:50:00,2020-03-06 07:50:00,1,afcs_144,2,144
18909,18909,18911,19055,2020-03-06 15:45:00,2020-03-06 15:45:00,2020-03-06 15:55:00,2020-03-07 03:55:00,-1,afcs_144,2,144
19418,19418,19420,19564,2020-03-08 10:10:00,2020-03-08 10:10:00,2020-03-08 10:20:00,2020-03-08 22:20:00,-1,afcs_144,2,144
25812,25812,25814,25958,2020-03-30 15:00:00,2020-03-30 15:00:00,2020-03-30 15:10:00,2020-03-31 03:10:00,1,afcs_144,2,144
26053,26053,26055,26199,2020-03-31 11:05:00,2020-03-31 11:05:00,2020-03-31 11:15:00,2020-03-31 23:15:00,-1,afcs_144,2,144
26426,26426,26428,26572,2020-04-01 18:10:00,2020-04-01 18:10:00,2020-04-01 18:20:00,2020-04-02 06:20:00,1,afcs_144,2,144
26712,26712,26714,26858,2020-04-02 18:00:00,2020-04-02 18:00:00,2020-04-02 18:10:00,2020-04-03 06:10:00,-1,afcs_144,2,144
27303,27303,27305,27449,2020-04-04 19:15:00,2020-04-04 19:15:00,2020-04-04 19:25:00,2020-04-05 07:25:00,-1,afcs_144,2,144
27723,27723,27725,27869,2020-04-06 06:15:00,2020-04-06 06:15:00,2020-04-06 06:25:00,2020-04-06 18:25:00,1,afcs_144,2,144
27988,27988,27990,28134,2020-04-07 04:20:00,2020-04-07 04:20:00,2020-04-07 04:30:00,2020-04-07 16:30:00,-1,afcs_144,2,144
28352,28352,28354,28498,2020-04-08 10:40:00,2020-04-08 10:40:00,2020-04-08 10:50:00,2020-04-08 22:50:00,-1,afcs_144,2,144
28554,28554,28556,28700,2020-04-09 03:30:00,2020-04-09 03:30:00,2020-04-09 03:40:00,2020-04-09 15:40:00,-1,afcs_144,2,144
29022,29022,29024,29168,2020-04-10 18:30:00,2020-04-10 18:30:00,2020-04-10 18:40:00,2020-04-11 06:40:00,1,afcs_144,2,144
29303,29303,29305,29449,2020-04-11 17:55:00,2020-04-11 17:55:00,2020-04-11 18:05:00,2020-04-12 06:05:00,-1,afcs_144,2,144
29514,29514,29516,29660,2020-04-12 11:30:00,2020-04-12 11:30:00,2020-04-12 11:40:00,2020-04-12 23:40:00,1,afcs_144,2,144
29669,29669,29671,29815,2020-04-13 00:25:00,2020-04-13 00:25:00,2020-04-13 00:35:00,2020-04-13 12:35:00,-1,afcs_144,2,144
29908,29908,29910,30054,2020-04-13 20:20:00,2020-04-13 20:20:00,2020-04-13 20:30:00,2020-04-14 08:30:00,1,afcs_144,2,144
30087,30087,30089,30233,2020-04-14 11:15:00,2020-04-14 11:15:00,2020-04-14 11:25:00,2020-04-14 23:25:00,1,afcs_144,2,144
30612,30612,30614,30758,2020-04-16 07:00:00,2020-04-16 07:00:00,2020-04-16 07:10:00,2020-04-16 19:10:00,1,afcs_144,2,144
30803,30803,30805,30949,2020-04-16 22:55:00,2020-04-16 22:55:00,2020-04-16 23:05:00,2020-04-17 11:05:00,1,afcs_144,2,144
30983,30983,30985,31129,2020-04-17 13:55:00,2020-04-17 13:55:00,2020-04-17 14:05:00,2020-04-18 02:05:00,1,afcs_144,2,144
31228,31228,31230,31374,2020-04-18 10:20:00,2020-04-18 10:20:00,2020-04-18 10:30:00,2020-04-18 22:30:00,-1,afcs_144,2,144
31597,31597,31599,31743,2020-04-19 17:05:00,2020-04-19 17:05:00,2020-04-19 17:15:00,2020-04-20 05:15:00,1,afcs_144,2,144
31776,31776,31778,31922,2020-04-20 08:00:00,2020-04-20 08:00:00,2020-04-20 08:10:00,2020-04-20 20:10:00,-1,afcs_144,2,144
31946,31946,31948,32092,2020-04-20 22:10:00,2020-04-20 22:10:00,2020-04-20 22:20:00,2020-04-21 10:20:00,1,afcs_144,2,144
32116,32116,32118,32262,2020-04-21 12:20:00,2020-04-21 12:20:00,2020-04-21 12:30:00,2020-04-22 00:30:00,1,afcs_144,2,144
32326,32326,32328,32472,2020-04-22 05:50:00,2020-04-22 05:50:00,2020-04-22 06:00:00,2020-04-22 18:00:00,1,afcs_144,2,144
32684,32684,32686,32830,2020-04-23 11:40:00,2020-04-23 11:40:00,2020-04-23 11:50:00,2020-04-23 23:50:00,1,afcs_144,2,144
32891,32891,32893,33037,2020-04-24 04:55:00,2020-04-24 04:55:00,2020-04-24 05:05:00,2020-04-24 17:05:00,1,afcs_144,2,144
33060,33060,33062,33206,2020-04-24 19:00:00,2020-04-24 19:00:00,2020-04-24 19:10:00,2020-04-25 07:10:00,-1,afcs_144,2,144
33218,33218,33220,33364,2020-04-25 08:10:00,2020-04-25 08:10:00,2020-04-25 08:20:00,2020-04-25 20:20:00,-1,afcs_144,2,144
33537,33537,33539,33683,2020-04-26 10:45:00,2020-04-26 10:45:00,2020-04-26 10:55:00,2020-04-26 22:55:00,1,afcs_144,2,144
33689,33689,33691,33835,2020-04-26 23:25:00,2020-04-26 23:25:00,2020-04-26 23:35:00,2020-04-27 11:35:00,1,afcs_144,2,144
33916,33916,33918,34062,2020-04-27 18:20:00,2020-04-27 18:20:00,2020-04-27 18:30:00,2020-04-28 06:30:00,1,afcs_144,2,144
34138,34138,34140,34284,2020-04-28 12:50:00,2020-04-28 12:50:00,2020-04-28 13:00:00,2020-04-29 01:00:00,1,afcs_144,2,144
34296,34296,34298,34442,2020-04-29 02:00:00,2020-04-29 02:00:00,2020-04-29 02:10:00,2020-04-29 14:10:00,1,afcs_144,2,144
35412,35412,35414,35558,2020-05-02 23:00:00,2020-05-02 23:00:00,2020-05-02 23:10:00,2020-05-03 11:10:00,1,afcs_144,2,144
37091,37091,37093,37237,2020-05-08 18:55:00,2020-05-08 18:55:00,2020-05-08 19:05:00,2020-05-09 07:05:00,-1,afcs_144,2,144
37366,37366,37368,37512,2020-05-09 17:50:00,2020-05-09 17:50:00,2020-05-09 18:00:00,2020-05-10 06:00:00,1,afcs_144,2,144
39217,39217,39219,39363,2020-05-16 04:05:00,2020-05-16 04:05:00,2020-05-16 04:15:00,2020-05-16 16:15:00,1,afcs_144,2,144
39817,39817,39819,39963,2020-05-18 06:05:00,2020-05-18 06:05:00,2020-05-18 06:15:00,2020-05-18 18:15:00,-1,afcs_144,2,144
40879,40879,40881,41025,2020-05-21 22:35:00,2020-05-21 22:35:00,2020-05-21 22:45:00,2020-05-22 10:45:00,1,afcs_144,2,144
41281,41281,41283,41427,2020-05-23 08:05:00,2020-05-23 08:05:00,2020-05-23 08:15:00,2020-05-23 20:15:00,-1,afcs_144,2,144
41637,41637,41639,41783,2020-05-24 13:45:00,2020-05-24 13:45:00,2020-05-24 13:55:00,2020-05-25 01:55:00,-1,afcs_144,2,144
41970,41970,41972,42116,2020-05-25 17:30:00,2020-05-25 17:30:00,2020-05-25 17:40:00,2020-05-26 05:40:00,1,afcs_144,2,144
42297,42297,42299,42443,2020-05-26 20:45:00,2020-05-26 20:45:00,2020-05-26 20:55:00,2020-05-27 08:55:00,1,afcs_144,2,144
42461,42461,42463,42607,2020-05-27 10:25:00,2020-05-27 10:25:00,2020-05-27 10:35:00,2020-05-27 22:35:00,1,afcs_144,2,144
42635,42635,42637,42781,2020-05-28 00:55:00,2020-05-28 00:55:00,2020-05-28 01:05:00,2020-05-28 13:05:00,1,afcs_144,2,144
43010,43010,43012,43156,2020-05-29 08:10:00,2020-05-29 08:10:00,2020-05-29 08:20:00,2020-05-29 20:20:00,1,afcs_144,2,144
43252,43252,43254,43398,2020-05-30 04:20:00,2020-05-30 04:20:00,2020-05-30 04:30:00,2020-05-30 16:30:00,1,afcs_144,2,144
43446,43446,43448,43592,2020-05-30 20:30:00,2020-05-30 20:30:00,2020-05-30 20:40:00,2020-05-31 08:40:00,-1,afcs_144,2,144
43971,43971,43973,44117,2020-06-01 16:15:00,2020-06-01 16:15:00,2020-06-01 16:25:00,2020-06-02 04:25:00,1,afcs_144,2,144
44224,44224,44226,44370,2020-06-02 13:20:00,2020-06-02 13:20:00,2020-06-02 13:30:00,2020-06-03 01:30:00,1,afcs_144,2,144
44472,44472,44474,44618,2020-06-03 10:00:00,2020-06-03 10:00:00,2020-06-03 10:10:00,2020-06-03 22:10:00,1,afcs_144,2,144
44636,44636,44638,44782,2020-06-03 23:40:00,2020-06-03 23:40:00,2020-06-03 23:50:00,2020-06-04 11:50:00,1,afcs_144,2,144
44831,44831,44833,44977,2020-06-04 15:55:00,2020-06-04 15:55:00,2020-06-04 16:05:00,2020-06-05 04:05:00,1,afcs_144,2,144
45070,45070,45072,45216,2020-06-05 11:50:00,2020-06-05 11:50:00,2020-06-05 12:00:00,2020-06-06 00:00:00,-1,afcs_144,2,144
45360,45360,45362,45506,2020-06-06 12:00:00,2020-06-06 12:00:00,2020-06-06 12:10:00,2020-06-07 00:10:00,1,afcs_144,2,144
45738,45738,45740,45884,2020-06-07 19:30:00,2020-06-07 19:30:00,2020-06-07 19:40:00,2020-06-08 07:40:00,1,afcs_144,2,144
46590,46590,46592,46736,2020-06-10 18:30:00,2020-06-10 18:30:00,2020-06-10 18:40:00,2020-06-11 06:40:00,1,afcs_144,2,144
46811,46811,46813,46957,2020-06-11 12:55:00,2020-06-11 12:55:00,2020-06-11 13:05:00,2020-06-12 01:05:00,-1,afcs_144,2,144
47032,47032,47034,47178,2020-06-12 07:20:00,2020-06-12 07:20:00,2020-06-12 07:30:00,2020-06-12 19:30:00,1,afcs_144,2,144
47468,47468,47470,47614,2020-06-13 19:40:00,2020-06-13 19:40:00,2020-06-13 19:50:00,2020-06-14 07:50:00,1,afcs_144,2,144
47676,47676,47678,47822,2020-06-14 13:00:00,2020-06-14 13:00:00,2020-06-14 13:10:00,2020-06-15 01:10:00,-1,afcs_144,2,144
47974,47974,47976,48120,2020-06-15 13:50:00,2020-06-15 13:50:00,2020-06-15 14:00:00,2020-06-16 02:00:00,1,afcs_144,2,144
48133,48133,48135,48279,2020-06-16 03:05:00,2020-06-16 03:05:00,2020-06-16 03:15:00,2020-06-16 15:15:00,1,afcs_144,2,144
48351,48351,48353,48497,2020-06-16 21:15:00,2020-06-16 21:15:00,2020-06-16 21:25:00,2020-06-17 09:25:00,1,afcs_144,2,144
48667,48667,48669,48813,2020-06-17 23:35:00,2020-06-17 23:35:00,2020-06-17 23:45:00,2020-06-18 11:45:00,1,afcs_144,2,144
48862,48862,48864,49008,2020-06-18 15:50:00,2020-06-18 15:50:00,2020-06-18 16:00:00,2020-06-19 04:00:00,-1,afcs_144,2,144
49134,49134,49136,49280,2020-06-19 14:30:00,2020-06-19 14:30:00,2020-06-19 14:40:00,2020-06-20 02:40:00,-1,afcs_144,2,144
49475,49475,49477,49621,2020-06-20 18:55:00,2020-06-20 18:55:00,2020-06-20 19:05:00,2020-06-21 07:05:00,1,afcs_144,2,144
49723,49723,49725,49869,2020-06-21 15:35:00,2020-06-21 15:35:00,2020-06-21 15:45:00,2020-06-22 03:45:00,1,afcs_144,2,144
49885,49885,49887,50031,2020-06-22 05:05:00,2020-06-22 05:05:00,2020-06-22 05:15:00,2020-06-22 17:15:00,1,afcs_144,2,144
50074,50074,50076,50220,2020-06-22 20:50:00,2020-06-22 20:50:00,2020-06-22 21:00:00,2020-06-23 09:00:00,1,afcs_144,2,144
50223,50223,50225,50369,2020-06-23 09:15:00,2020-06-23 09:15:00,2020-06-23 09:25:00,2020-06-23 21:25:00,-1,afcs_144,2,144
50941,50941,50943,51087,2020-06-25 21:05:00,2020-06-25 21:05:00,2020-06-25 21:15:00,2020-06-26 09:15:00,1,afcs_144,2,144
51434,51434,51436,51580,2020-06-27 14:10:00,2020-06-27 14:10:00,2020-06-27 14:20:00,2020-06-28 02:20:00,-1,afcs_144,2,144
51722,51722,51724,51868,2020-06-28 14:10:00,2020-06-28 14:10:00,2020-06-28 14:20:00,2020-06-29 02:20:00,1,afcs_144,2,144
52092,52092,52094,52238,2020-06-29 21:00:00,2020-06-29 21:00:00,2020-06-29 21:10:00,2020-06-30 09:10:00,1,afcs_144,2,144
52516,52516,52518,52662,2020-07-01 08:20:00,2020-07-01 08:20:00,2020-07-01 08:30:00,2020-07-01 20:30:00,1,afcs_144,2,144
52841,52841,52843,52987,2020-07-02 11:25:00,2020-07-02 11:25:00,2020-07-02 11:35:00,2020-07-02 23:35:00,-1,afcs_144,2,144
53424,53424,53426,53570,2020-07-04 12:00:00,2020-07-04 12:00:00,2020-07-04 12:10:00,2020-07-05 00:10:00,-1,afcs_144,2,144
53638,53638,53640,53784,2020-07-05 05:50:00,2020-07-05 05:50:00,2020-07-05 06:00:00,2020-07-05 18:00:00,-1,afcs_144,2,144
53819,53819,53821,53965,2020-07-05 20:55:00,2020-07-05 20:55:00,2020-07-05 21:05:00,2020-07-06 09:05:00,-1,afcs_144,2,144
54039,54039,54041,54185,2020-07-06 15:15:00,2020-07-06 15:15:00,2020-07-06 15:25:00,2020-07-07 03:25:00,1,afcs_144,2,144
54544,54544,54546,54690,2020-07-08 09:20:00,2020-07-08 09:20:00,2020-07-08 09:30:00,2020-07-08 21:30:00,-1,afcs_144,2,144
54846,54846,54848,54992,2020-07-09 10:30:00,2020-07-09 10:30:00,2020-07-09 10:40:00,2020-07-09 22:40:00,-1,afcs_144,2,144
55287,55287,55289,55433,2020-07-10 23:15:00,2020-07-10 23:15:00,2020-07-10 23:25:00,2020-07-11 11:25:00,1,afcs_144,2,144
57531,57531,57533,57677,2020-07-18 18:15:00,2020-07-18 18:15:00,2020-07-18 18:25:00,2020-07-19 06:25:00,1,afcs_144,2,144
58480,58480,58482,58626,2020-07-22 01:20:00,2020-07-22 01:20:00,2020-07-22 01:30:00,2020-07-22 13:30:00,1,afcs_144,2,144
59165,59165,59167,59311,2020-07-24 10:25:00,2020-07-24 10:25:00,2020-07-24 10:35:00,2020-07-24 22:35:00,-1,afcs_144,2,144
59451,59451,59453,59597,2020-07-25 10:15:00,2020-07-25 10:15:00,2020-07-25 10:25:00,2020-07-25 22:25:00,-1,afcs_144,2,144
65610,65610,65612,65756,2020-08-15 19:30:00,2020-08-15 19:30:00,2020-08-15 19:40:00,2020-08-16 07:40:00,-1,afcs_144,2,144
67000,67000,67002,67146,2020-08-20 15:20:00,2020-08-20 15:20:00,2020-08-20 15:30:00,2020-08-21 03:30:00,-1,afcs_144,2,144
68332,68332,68334,68478,2020-08-25 06:20:00,2020-08-25 06:20:00,2020-08-25 06:30:00,2020-08-25 18:30:00,-1,afcs_144,2,144
70083,70083,70085,70229,2020-08-31 08:15:00,2020-08-31 08:15:00,2020-08-31 08:25:00,2020-08-31 20:25:00,-1,afcs_144,2,144
70386,70386,70388,70532,2020-09-01 09:30:00,2020-09-01 09:30:00,2020-09-01 09:40:00,2020-09-01 21:40:00,1,afcs_144,2,144
70967,70967,70969,71113,2020-09-03 09:55:00,2020-09-03 09:55:00,2020-09-03 10:05:00,2020-09-03 22:05:00,-1,afcs_144,2,144
72291,72291,72293,72437,2020-09-08 00:15:00,2020-09-08 00:15:00,2020-09-08 00:25:00,2020-09-08 12:25:00,1,afcs_144,2,144
73332,73332,73334,73478,2020-09-11 15:00:00,2020-09-11 15:00:00,2020-09-11 15:10:00,2020-09-12 03:10:00,1,afcs_144,2,144
78132,78132,78134,78278,2020-09-28 07:00:00,2020-09-28 07:00:00,2020-09-28 07:10:00,2020-09-28 19:10:00,-1,afcs_144,2,144
78806,78806,78808,78952,2020-09-30 15:10:00,2020-09-30 15:10:00,2020-09-30 15:20:00,2020-10-01 03:20:00,1,afcs_144,2,144
81375,81375,81377,81521,2020-10-09 13:15:00,2020-10-09 13:15:00,2020-10-09 13:25:00,2020-10-10 01:25:00,-1,afcs_144,2,144
85525,85525,85527,85671,2020-10-23 23:05:00,2020-10-23 23:05:00,2020-10-23 23:15:00,2020-10-24 11:15:00,1,afcs_144,2,144
139416,139416,139418,139562,2021-04-29 02:00:00,2021-04-29 02:00:00,2021-04-29 02:10:00,2021-04-29 14:10:00,1,afcs_144,2,144
141635,141635,141637,141781,2021-05-06 18:55:00,2021-05-06 18:55:00,2021-05-06 19:05:00,2021-05-07 07:05:00,-1,afcs_144,2,144
141916,141916,141918,142062,2021-05-07 18:20:00,2021-05-07 18:20:00,2021-05-07 18:30:00,2021-05-08 06:30:00,1,afcs_144,2,144
142739,142739,142741,142885,2021-05-10 14:55:00,2021-05-10 14:55:00,2021-05-10 15:05:00,2021-05-11 03:05:00,-1,afcs_144,2,144
143252,143252,143254,143398,2021-05-12 09:40:00,2021-05-12 09:40:00,2021-05-12 09:50:00,2021-05-12 21:50:00,1,afcs_144,2,144
143534,143534,143536,143680,2021-05-13 09:10:00,2021-05-13 09:10:00,2021-05-13 09:20:00,2021-05-13 21:20:00,-1,afcs_144,2,144
144499,144499,144501,144645,2021-05-16 17:35:00,2021-05-16 17:35:00,2021-05-16 17:45:00,2021-05-17 05:45:00,1,afcs_144,2,144
151277,151277,151279,151423,2021-06-09 06:25:00,2021-06-09 06:25:00,2021-06-09 06:35:00,2021-06-09 18:35:00,1,afcs_144,2,144
152081,152081,152083,152227,2021-06-12 01:25:00,2021-06-12 01:25:00,2021-06-12 01:35:00,2021-06-12 13:35:00,-1,afcs_144,2,144
152310,152310,152312,152456,2021-06-12 20:30:00,2021-06-12 20:30:00,2021-06-12 20:40:00,2021-06-13 08:40:00,1,afcs_144,2,144
152546,152546,152548,152692,2021-06-13 16:10:00,2021-06-13 16:10:00,2021-06-13 16:20:00,2021-06-14 04:20:00,1,afcs_144,2,144
152946,152946,152948,153092,2021-06-15 01:30:00,2021-06-15 01:30:00,2021-06-15 01:40:00,2021-06-15 13:40:00,-1,afcs_144,2,144
153160,153160,153162,153306,2021-06-15 19:20:00,2021-06-15 19:20:00,2021-06-15 19:30:00,2021-06-16 07:30:00,-1,afcs_144,2,144
153394,153394,153396,153540,2021-06-16 14:50:00,2021-06-16 14:50:00,2021-06-16 15:00:00,2021-06-17 03:00:00,-1,afcs_144,2,144
153622,153622,153624,153768,2021-06-17 09:50:00,2021-06-17 09:50:00,2021-06-17 10:00:00,2021-06-17 22:00:00,1,afcs_144,2,144
153817,153817,153819,153963,2021-06-18 02:05:00,2021-06-18 02:05:00,2021-06-18 02:15:00,2021-06-18 14:15:00,-1,afcs_144,2,144
154010,154010,154012,154156,2021-06-18 18:10:00,2021-06-18 18:10:00,2021-06-18 18:20:00,2021-06-19 06:20:00,-1,afcs_144,2,144
154477,154477,154479,154623,2021-06-20 09:05:00,2021-06-20 09:05:00,2021-06-20 09:15:00,2021-06-20 21:15:00,-1,afcs_144,2,144
154688,154688,154690,154834,2021-06-21 02:40:00,2021-06-21 02:40:00,2021-06-21 02:50:00,2021-06-21 14:50:00,-1,afcs_144,2,144
155358,155358,155360,155504,2021-06-23 10:30:00,2021-06-23 10:30:00,2021-06-23 10:40:00,2021-06-23 22:40:00,1,afcs_144,2,144
155541,155541,155543,155687,2021-06-24 01:45:00,2021-06-24 01:45:00,2021-06-24 01:55:00,2021-06-24 13:55:00,-1,afcs_144,2,144
157226,157226,157228,157372,2021-06-29 22:10:00,2021-06-29 22:10:00,2021-06-29 22:20:00,2021-06-30 10:20:00,-1,afcs_144,2,144
157768,157768,157770,157914,2021-07-01 19:20:00,2021-07-01 19:20:00,2021-07-01 19:30:00,2021-07-02 07:30:00,-1,afcs_144,2,144
158201,158201,158203,158347,2021-07-03 07:25:00,2021-07-03 07:25:00,2021-07-03 07:35:00,2021-07-03 19:35:00,1,afcs_144,2,144
160528,160528,160530,160674,2021-07-11 09:20:00,2021-07-11 09:20:00,2021-07-11 09:30:00,2021-07-11 21:30:00,1,afcs_144,2,144
163363,163363,163365,163509,2021-07-21 05:35:00,2021-07-21 05:35:00,2021-07-21 05:45:00,2021-07-21 17:45:00,1,afcs_144,2,144
164396,164396,164398,164542,2021-07-24 19:40:00,2021-07-24 19:40:00,2021-07-24 19:50:00,2021-07-25 07:50:00,-1,afcs_144,2,144
165991,165991,165993,166137,2021-07-30 08:35:00,2021-07-30 08:35:00,2021-07-30 08:45:00,2021-07-30 20:45:00,-1,afcs_144,2,144
166438,166438,166440,166584,2021-07-31 21:50:00,2021-07-31 21:50:00,2021-07-31 22:00:00,2021-08-01 10:00:00,1,afcs_144,2,144
169950,169950,169952,170096,2021-08-13 02:30:00,2021-08-13 02:30:00,2021-08-13 02:40:00,2021-08-13 14:40:00,1,afcs_144,2,144
170134,170134,170136,170280,2021-08-13 17:50:00,2021-08-13 17:50:00,2021-08-13 18:00:00,2021-08-14 06:00:00,1,afcs_144,2,144
170612,170612,170614,170758,2021-08-15 09:40:00,2021-08-15 09:40:00,2021-08-15 09:50:00,2021-08-15 21:50:00,1,afcs_144,2,144
170862,170862,170864,171008,2021-08-16 06:30:00,2021-08-16 06:30:00,2021-08-16 06:40:00,2021-08-16 18:40:00,1,afcs_144,2,144
171021,171021,171023,171167,2021-08-16 19:45:00,2021-08-16 19:45:00,2021-08-16 19:55:00,2021-08-17 07:55:00,-1,afcs_144,2,144
171915,171915,171917,172061,2021-08-19 22:15:00,2021-08-19 22:15:00,2021-08-19 22:25:00,2021-08-20 10:25:00,-1,afcs_144,2,144
172611,172611,172613,172757,2021-08-22 08:15:00,2021-08-22 08:15:00,2021-08-22 08:25:00,2021-08-22 20:25:00,-1,afcs_144,2,144
173808,173808,173810,173954,2021-08-26 12:00:00,2021-08-26 12:00:00,2021-08-26 12:10:00,2021-08-27 00:10:00,-1,afcs_144,2,144
174197,174197,174199,174343,2021-08-27 20:25:00,2021-08-27 20:25:00,2021-08-27 20:35:00,2021-08-28 08:35:00,1,afcs_144,2,144
174537,174537,174539,174683,2021-08-29 00:45:00,2021-08-29 00:45:00,2021-08-29 00:55:00,2021-08-29 12:55:00,1,afcs_144,2,144
174978,174978,174980,175124,2021-08-30 13:30:00,2021-08-30 13:30:00,2021-08-30 13:40:00,2021-08-31 01:40:00,1,afcs_144,2,144
175188,175188,175190,175334,2021-08-31 07:00:00,2021-08-31 07:00:00,2021-08-31 07:10:00,2021-08-31 19:10:00,-1,afcs_144,2,144
175354,175354,175356,175500,2021-08-31 20:50:00,2021-08-31 20:50:00,2021-08-31 21:00:00,2021-09-01 09:00:00,-1,afcs_144,2,144
175974,175974,175976,176120,2021-09-03 00:30:00,2021-09-03 00:30:00,2021-09-03 00:40:00,2021-09-03 12:40:00,-1,afcs_144,2,144
176774,176774,176776,176920,2021-09-05 19:10:00,2021-09-05 19:10:00,2021-09-05 19:20:00,2021-09-06 07:20:00,1,afcs_144,2,144
177939,177939,177941,178085,2021-09-09 20:15:00,2021-09-09 20:15:00,2021-09-09 20:25:00,2021-09-10 08:25:00,-1,afcs_144,2,144
178566,178566,178568,178712,2021-09-12 00:30:00,2021-09-12 00:30:00,2021-09-12 00:40:00,2021-09-12 12:40:00,-1,afcs_144,2,144
179702,179702,179704,179848,2021-09-15 23:10:00,2021-09-15 23:10:00,2021-09-15 23:20:00,2021-09-16 11:20:00,1,afcs_144,2,144
180218,180218,180220,180364,2021-09-17 18:10:00,2021-09-17 18:10:00,2021-09-17 18:20:00,2021-09-18 06:20:00,-1,afcs_144,2,144
180430,180430,180432,180576,2021-09-18 11:50:00,2021-09-18 11:50:00,2021-09-18 12:00:00,2021-09-19 00:00:00,-1,afcs_144,2,144
184821,184821,184823,184967,2021-10-03 17:45:00,2021-10-03 17:45:00,2021-10-03 17:55:00,2021-10-04 05:55:00,1,afcs_144,2,144
185063,185063,185065,185209,2021-10-04 13:55:00,2021-10-04 13:55:00,2021-10-04 14:05:00,2021-10-05 02:05:00,1,afcs_144,2,144
187438,187438,187440,187584,2021-10-12 19:50:00,2021-10-12 19:50:00,2021-10-12 20:00:00,2021-10-13 08:00:00,-1,afcs_144,2,144
189863,189863,189865,190009,2021-10-21 05:55:00,2021-10-21 05:55:00,2021-10-21 06:05:00,2021-10-21 18:05:00,-1,afcs_144,2,144
197507,197507,197509,197653,2021-11-16 18:55:00,2021-11-16 18:55:00,2021-11-16 19:05:00,2021-11-17 07:05:00,-1,afcs_144,2,144
197991,197991,197993,198137,2021-11-18 11:15:00,2021-11-18 11:15:00,2021-11-18 11:25:00,2021-11-18 23:25:00,-1,afcs_144,2,144
207937,207937,207939,208083,2021-12-23 00:05:00,2021-12-23 00:05:00,2021-12-23 00:15:00,2021-12-23 12:15:00,-1,afcs_144,2,144
208250,208250,208252,208396,2021-12-24 02:10:00,2021-12-24 02:10:00,2021-12-24 02:20:00,2021-12-24 14:20:00,-1,afcs_144,2,144
208830,208830,208832,208976,2021-12-26 02:30:00,2021-12-26 02:30:00,2021-12-26 02:40:00,2021-12-26 14:40:00,-1,afcs_144,2,144
209193,209193,209195,209339,2021-12-27 08:45:00,2021-12-27 08:45:00,2021-12-27 08:55:00,2021-12-27 20:55:00,-1,afcs_144,2,144
209427,209427,209429,209573,2021-12-28 04:15:00,2021-12-28 04:15:00,2021-12-28 04:25:00,2021-12-28 16:25:00,-1,afcs_144,2,144
209604,209604,209606,209750,2021-12-28 19:00:00,2021-12-28 19:00:00,2021-12-28 19:10:00,2021-12-29 07:10:00,-1,afcs_144,2,144
212257,212257,212259,212403,2022-01-07 00:05:00,2022-01-07 00:05:00,2022-01-07 00:15:00,2022-01-07 12:15:00,-1,afcs_144,2,144
213053,213053,213055,213199,2022-01-09 18:25:00,2022-01-09 18:25:00,2022-01-09 18:35:00,2022-01-10 06:35:00,1,afcs_144,2,144
213508,213508,213510,213654,2022-01-11 08:20:00,2022-01-11 08:20:00,2022-01-11 08:30:00,2022-01-11 20:30:00,1,afcs_144,2,144
213835,213835,213837,213981,2022-01-12 11:35:00,2022-01-12 11:35:00,2022-01-12 11:45:00,2022-01-12 23:45:00,1,afcs_144,2,144
214001,214001,214003,214147,2022-01-13 01:25:00,2022-01-13 01:25:00,2022-01-13 01:35:00,2022-01-13 13:35:00,-1,afcs_144,2,144
214402,214402,214404,214548,2022-01-14 10:50:00,2022-01-14 10:50:00,2022-01-14 11:00:00,2022-01-14 23:00:00,-1,afcs_144,2,144
214702,214702,214704,214848,2022-01-15 11:50:00,2022-01-15 11:50:00,2022-01-15 12:00:00,2022-01-16 00:00:00,-1,afcs_144,2,144
216030,216030,216032,216176,2022-01-20 02:30:00,2022-01-20 02:30:00,2022-01-20 02:40:00,2022-01-20 14:40:00,1,afcs_144,2,144
217785,217785,217787,217931,2022-01-26 04:45:00,2022-01-26 04:45:00,2022-01-26 04:55:00,2022-01-26 16:55:00,1,afcs_144,2,144
218340,218340,218342,218486,2022-01-28 03:00:00,2022-01-28 03:00:00,2022-01-28 03:10:00,2022-01-28 15:10:00,1,afcs_144,2,144
218552,218552,218554,218698,2022-01-28 20:40:00,2022-01-28 20:40:00,2022-01-28 20:50:00,2022-01-29 08:50:00,1,afcs_144,2,144
218837,218837,218839,218983,2022-01-29 20:25:00,2022-01-29 20:25:00,2022-01-29 20:35:00,2022-01-30 08:35:00,1,afcs_144,2,144
219135,219135,219137,219281,2022-01-30 21:15:00,2022-01-30 21:15:00,2022-01-30 21:25:00,2022-01-31 09:25:00,-1,afcs_144,2,144
219283,219283,219285,219429,2022-01-31 09:35:00,2022-01-31 09:35:00,2022-01-31 09:45:00,2022-01-31 21:45:00,1,afcs_144,2,144
219477,219477,219479,219623,2022-02-01 01:45:00,2022-02-01 01:45:00,2022-02-01 01:55:00,2022-02-01 13:55:00,-1,afcs_144,2,144
220169,220169,220171,220315,2022-02-03 11:25:00,2022-02-03 11:25:00,2022-02-03 11:35:00,2022-02-03 23:35:00,1,afcs_144,2,144
220319,220319,220321,220465,2022-02-03 23:55:00,2022-02-03 23:55:00,2022-02-04 00:05:00,2022-02-04 12:05:00,1,afcs_144,2,144
220605,220605,220607,220751,2022-02-04 23:45:00,2022-02-04 23:45:00,2022-02-04 23:55:00,2022-02-05 11:55:00,1,afcs_144,2,144
220786,220786,220788,220932,2022-02-05 14:50:00,2022-02-05 14:50:00,2022-02-05 15:00:00,2022-02-06 03:00:00,1,afcs_144,2,144
220945,220945,220947,221091,2022-02-06 04:05:00,2022-02-06 04:05:00,2022-02-06 04:15:00,2022-02-06 16:15:00,-1,afcs_144,2,144
221094,221094,221096,221240,2022-02-06 16:30:00,2022-02-06 16:30:00,2022-02-06 16:40:00,2022-02-07 04:40:00,1,afcs_144,2,144
221563,221563,221565,221709,2022-02-08 07:35:00,2022-02-08 07:35:00,2022-02-08 07:45:00,2022-02-08 19:45:00,1,afcs_144,2,144
221993,221993,221995,222139,2022-02-09 19:25:00,2022-02-09 19:25:00,2022-02-09 19:35:00,2022-02-10 07:35:00,1,afcs_144,2,144
222184,222184,222186,222330,2022-02-10 11:20:00,2022-02-10 11:20:00,2022-02-10 11:30:00,2022-02-10 23:30:00,1,afcs_144,2,144
222613,222613,222615,222759,2022-02-11 23:05:00,2022-02-11 23:05:00,2022-02-11 23:15:00,2022-02-12 11:15:00,-1,afcs_144,2,144
222823,222823,222825,222969,2022-02-12 16:35:00,2022-02-12 16:35:00,2022-02-12 16:45:00,2022-02-13 04:45:00,1,afcs_144,2,144
223163,223163,223165,223309,2022-02-13 20:55:00,2022-02-13 20:55:00,2022-02-13 21:05:00,2022-02-14 09:05:00,1,afcs_144,2,144
223506,223506,223508,223652,2022-02-15 01:30:00,2022-02-15 01:30:00,2022-02-15 01:40:00,2022-02-15 13:40:00,1,afcs_144,2,144
223661,223661,223663,223807,2022-02-15 14:25:00,2022-02-15 14:25:00,2022-02-15 14:35:00,2022-02-16 02:35:00,-1,afcs_144,2,144
223827,223827,223829,223973,2022-02-16 04:15:00,2022-02-16 04:15:00,2022-02-16 04:25:00,2022-02-16 16:25:00,-1,afcs_144,2,144
224062,224062,224064,224208,2022-02-16 23:50:00,2022-02-16 23:50:00,2022-02-17 00:00:00,2022-02-17 12:00:00,-1,afcs_144,2,144
224282,224282,224284,224428,2022-02-17 18:10:00,2022-02-17 18:10:00,2022-02-17 18:20:00,2022-02-18 06:20:00,-1,afcs_144,2,144
224484,224484,224486,224630,2022-02-18 11:00:00,2022-02-18 11:00:00,2022-02-18 11:10:00,2022-02-18 23:10:00,-1,afcs_144,2,144
224719,224719,224721,224865,2022-02-19 06:35:00,2022-02-19 06:35:00,2022-02-19 06:45:00,2022-02-19 18:45:00,1,afcs_144,2,144
225028,225028,225030,225174,2022-02-20 08:20:00,2022-02-20 08:20:00,2022-02-20 08:30:00,2022-02-20 20:30:00,-1,afcs_144,2,144
225201,225201,225203,225347,2022-02-20 22:45:00,2022-02-20 22:45:00,2022-02-20 22:55:00,2022-02-21 10:55:00,1,afcs_144,2,144
225355,225355,225357,225501,2022-02-21 11:35:00,2022-02-21 11:35:00,2022-02-21 11:45:00,2022-02-21 23:45:00,-1,afcs_144,2,144
225540,225540,225542,225686,2022-02-22 03:00:00,2022-02-22 03:00:00,2022-02-22 03:10:00,2022-02-22 15:10:00,-1,afcs_144,2,144
225788,225788,225790,225934,2022-02-22 23:40:00,2022-02-22 23:40:00,2022-02-22 23:50:00,2022-02-23 11:50:00,1,afcs_144,2,144
226002,226002,226004,226148,2022-02-23 17:30:00,2022-02-23 17:30:00,2022-02-23 17:40:00,2022-02-24 05:40:00,-1,afcs_144,2,144
226889,226889,226891,227035,2022-02-26 19:25:00,2022-02-26 19:25:00,2022-02-26 19:35:00,2022-02-27 07:35:00,1,afcs_144,2,144
227054,227054,227056,227200,2022-02-27 09:10:00,2022-02-27 09:10:00,2022-02-27 09:20:00,2022-02-27 21:20:00,1,afcs_144,2,144
228040,228040,228042,228186,2022-03-02 19:20:00,2022-03-02 19:20:00,2022-03-02 19:30:00,2022-03-03 07:30:00,-1,afcs_144,2,144
228259,228259,228261,228405,2022-03-03 13:35:00,2022-03-03 13:35:00,2022-03-03 13:45:00,2022-03-04 01:45:00,1,afcs_144,2,144
228613,228613,228615,228759,2022-03-04 19:05:00,2022-03-04 19:05:00,2022-03-04 19:15:00,2022-03-05 07:15:00,-1,afcs_144,2,144
228776,228776,228778,228922,2022-03-05 08:40:00,2022-03-05 08:40:00,2022-03-05 08:50:00,2022-03-05 20:50:00,1,afcs_144,2,144
228971,228971,228973,229117,2022-03-06 00:55:00,2022-03-06 00:55:00,2022-03-06 01:05:00,2022-03-06 13:05:00,1,afcs_144,2,144
229276,229276,229278,229422,2022-03-07 02:20:00,2022-03-07 02:20:00,2022-03-07 02:30:00,2022-03-07 14:30:00,-1,afcs_144,2,144
229853,229853,229855,229999,2022-03-09 02:25:00,2022-03-09 02:25:00,2022-03-09 02:35:00,2022-03-09 14:35:00,1,afcs_144,2,144
230477,230477,230479,230623,2022-03-11 06:25:00,2022-03-11 06:25:00,2022-03-11 06:35:00,2022-03-11 18:35:00,1,afcs_144,2,144
230892,230892,230894,231038,2022-03-12 17:00:00,2022-03-12 17:00:00,2022-03-12 17:10:00,2022-03-13 05:10:00,1,afcs_144,2,144
231123,231123,231125,231269,2022-03-13 12:15:00,2022-03-13 12:15:00,2022-03-13 12:25:00,2022-03-14 00:25:00,-1,afcs_144,2,144
231485,231485,231487,231631,2022-03-14 18:25:00,2022-03-14 18:25:00,2022-03-14 18:35:00,2022-03-15 06:35:00,-1,afcs_144,2,144
231636,231636,231638,231782,2022-03-15 07:00:00,2022-03-15 07:00:00,2022-03-15 07:10:00,2022-03-15 19:10:00,-1,afcs_144,2,144
231900,231900,231902,232046,2022-03-16 05:00:00,2022-03-16 05:00:00,2022-03-16 05:10:00,2022-03-16 17:10:00,-1,afcs_144,2,144
232272,232272,232274,232418,2022-03-17 12:00:00,2022-03-17 12:00:00,2022-03-17 12:10:00,2022-03-18 00:10:00,1,afcs_144,2,144
232447,232447,232449,232593,2022-03-18 02:35:00,2022-03-18 02:35:00,2022-03-18 02:45:00,2022-03-18 14:45:00,1,afcs_144,2,144
232667,232667,232669,232813,2022-03-18 20:55:00,2022-03-18 20:55:00,2022-03-18 21:05:00,2022-03-19 09:05:00,-1,afcs_144,2,144
233310,233310,233312,233456,2022-03-21 02:30:00,2022-03-21 02:30:00,2022-03-21 02:40:00,2022-03-21 14:40:00,-1,afcs_144,2,144
233542,233542,233544,233688,2022-03-21 21:50:00,2022-03-21 21:50:00,2022-03-21 22:00:00,2022-03-22 10:00:00,1,afcs_144,2,144
233742,233742,233744,233888,2022-03-22 14:30:00,2022-03-22 14:30:00,2022-03-22 14:40:00,2022-03-23 02:40:00,1,afcs_144,2,144
233907,233907,233909,234053,2022-03-23 04:15:00,2022-03-23 04:15:00,2022-03-23 04:25:00,2022-03-23 16:25:00,-1,afcs_144,2,144
234563,234563,234565,234709,2022-03-25 10:55:00,2022-03-25 10:55:00,2022-03-25 11:05:00,2022-03-25 23:05:00,1,afcs_144,2,144
234963,234963,234965,235109,2022-03-26 20:15:00,2022-03-26 20:15:00,2022-03-26 20:25:00,2022-03-27 08:25:00,1,afcs_144,2,144
235192,235192,235194,235338,2022-03-27 15:20:00,2022-03-27 15:20:00,2022-03-27 15:30:00,2022-03-28 03:30:00,1,afcs_144,2,144
235749,235749,235751,235895,2022-03-29 13:45:00,2022-03-29 13:45:00,2022-03-29 13:55:00,2022-03-30 01:55:00,-1,afcs_144,2,144
236006,236006,236008,236152,2022-03-30 11:10:00,2022-03-30 11:10:00,2022-03-30 11:20:00,2022-03-30 23:20:00,-1,afcs_144,2,144
236299,236299,236301,236445,2022-03-31 11:35:00,2022-03-31 11:35:00,2022-03-31 11:45:00,2022-03-31 23:45:00,-1,afcs_144,2,144
236467,236467,236469,236613,2022-04-01 01:35:00,2022-04-01 01:35:00,2022-04-01 01:45:00,2022-04-01 13:45:00,-1,afcs_144,2,144
236953,236953,236955,237099,2022-04-02 18:05:00,2022-04-02 18:05:00,2022-04-02 18:15:00,2022-04-03 06:15:00,-1,afcs_144,2,144
237287,237287,237289,237433,2022-04-03 21:55:00,2022-04-03 21:55:00,2022-04-03 22:05:00,2022-04-04 10:05:00,1,afcs_144,2,144
237524,237524,237526,237670,2022-04-04 17:40:00,2022-04-04 17:40:00,2022-04-04 17:50:00,2022-04-05 05:50:00,-1,afcs_144,2,144
237747,237747,237749,237893,2022-04-05 12:15:00,2022-04-05 12:15:00,2022-04-05 12:25:00,2022-04-06 00:25:00,1,afcs_144,2,144
238596,238596,238598,238742,2022-04-08 11:00:00,2022-04-08 11:00:00,2022-04-08 11:10:00,2022-04-08 23:10:00,-1,afcs_144,2,144
239034,239034,239036,239180,2022-04-09 23:30:00,2022-04-09 23:30:00,2022-04-09 23:40:00,2022-04-10 11:40:00,1,afcs_144,2,144
239298,239298,239300,239444,2022-04-10 21:30:00,2022-04-10 21:30:00,2022-04-10 21:40:00,2022-04-11 09:40:00,-1,afcs_144,2,144
240418,240418,240420,240564,2022-04-14 18:50:00,2022-04-14 18:50:00,2022-04-14 19:00:00,2022-04-15 07:00:00,-1,afcs_144,2,144
240657,240657,240659,240803,2022-04-15 14:45:00,2022-04-15 14:45:00,2022-04-15 14:55:00,2022-04-16 02:55:00,1,afcs_144,2,144
241018,241018,241020,241164,2022-04-16 20:50:00,2022-04-16 20:50:00,2022-04-16 21:00:00,2022-04-17 09:00:00,1,afcs_144,2,144
241271,241271,241273,241417,2022-04-17 17:55:00,2022-04-17 17:55:00,2022-04-17 18:05:00,2022-04-18 06:05:00,-1,afcs_144,2,144
241423,241423,241425,241569,2022-04-18 06:35:00,2022-04-18 06:35:00,2022-04-18 06:45:00,2022-04-18 18:45:00,1,afcs_144,2,144
241612,241612,241614,241758,2022-04-18 22:20:00,2022-04-18 22:20:00,2022-04-18 22:30:00,2022-04-19 10:30:00,1,afcs_144,2,144
241853,241853,241855,241999,2022-04-19 18:25:00,2022-04-19 18:25:00,2022-04-19 18:35:00,2022-04-20 06:35:00,1,afcs_144,2,144
242176,242176,242178,242322,2022-04-20 21:20:00,2022-04-20 21:20:00,2022-04-20 21:30:00,2022-04-21 09:30:00,1,afcs_144,2,144
242367,242367,242369,242513,2022-04-21 13:15:00,2022-04-21 13:15:00,2022-04-21 13:25:00,2022-04-22 01:25:00,1,afcs_144,2,144
242698,242698,242700,242844,2022-04-22 16:50:00,2022-04-22 16:50:00,2022-04-22 17:00:00,2022-04-23 05:00:00,-1,afcs_144,2,144
242900,242900,242902,243046,2022-04-23 09:40:00,2022-04-23 09:40:00,2022-04-23 09:50:00,2022-04-23 21:50:00,-1,afcs_144,2,144
243066,243066,243068,243212,2022-04-23 23:30:00,2022-04-23 23:30:00,2022-04-23 23:40:00,2022-04-24 11:40:00,-1,afcs_144,2,144
243781,243781,243783,243927,2022-04-26 11:05:00,2022-04-26 11:05:00,2022-04-26 11:15:00,2022-04-26 23:15:00,-1,afcs_144,2,144
244041,244041,244043,244187,2022-04-27 08:45:00,2022-04-27 08:45:00,2022-04-27 08:55:00,2022-04-27 20:55:00,-1,afcs_144,2,144
244237,244237,244239,244383,2022-04-28 01:05:00,2022-04-28 01:05:00,2022-04-28 01:15:00,2022-04-28 13:15:00,1,afcs_144,2,144
244614,244614,244616,244760,2022-04-29 08:30:00,2022-04-29 08:30:00,2022-04-29 08:40:00,2022-04-29 20:40:00,-1,afcs_144,2,144
244854,244854,244856,245000,2022-04-30 04:30:00,2022-04-30 04:30:00,2022-04-30 04:40:00,2022-04-30 16:40:00,-1,afcs_144,2,144
245076,245076,245078,245222,2022-04-30 23:00:00,2022-04-30 23:00:00,2022-04-30 23:10:00,2022-05-01 11:10:00,-1,afcs_144,2,144
245491,245491,245493,245637,2022-05-02 09:35:00,2022-05-02 09:35:00,2022-05-02 09:45:00,2022-05-02 21:45:00,1,afcs_144,2,144
245800,245800,245802,245946,2022-05-03 11:20:00,2022-05-03 11:20:00,2022-05-03 11:30:00,2022-05-03 23:30:00,-1,afcs_144,2,144
246243,246243,246245,246389,2022-05-05 00:15:00,2022-05-05 00:15:00,2022-05-05 00:25:00,2022-05-05 12:25:00,-1,afcs_144,2,144
247070,247070,247072,247216,2022-05-07 21:10:00,2022-05-07 21:10:00,2022-05-07 21:20:00,2022-05-08 09:20:00,-1,afcs_144,2,144
247349,247349,247351,247495,2022-05-08 20:25:00,2022-05-08 20:25:00,2022-05-08 20:35:00,2022-05-09 08:35:00,-1,afcs_144,2,144
250528,250528,250530,250674,2022-05-19 21:20:00,2022-05-19 21:20:00,2022-05-19 21:30:00,2022-05-20 09:30:00,-1,afcs_144,2,144
250936,250936,250938,251082,2022-05-21 07:20:00,2022-05-21 07:20:00,2022-05-21 07:30:00,2022-05-21 19:30:00,1,afcs_144,2,144
251187,251187,251189,251333,2022-05-22 04:15:00,2022-05-22 04:15:00,2022-05-22 04:25:00,2022-05-22 16:25:00,-1,afcs_144,2,144
251703,251703,251705,251849,2022-05-23 23:15:00,2022-05-23 23:15:00,2022-05-23 23:25:00,2022-05-24 11:25:00,-1,afcs_144,2,144
251989,251989,251991,252135,2022-05-24 23:05:00,2022-05-24 23:05:00,2022-05-24 23:15:00,2022-05-25 11:15:00,1,afcs_144,2,144
252643,252643,252645,252789,2022-05-27 05:35:00,2022-05-27 05:35:00,2022-05-27 05:45:00,2022-05-27 17:45:00,-1,afcs_144,2,144
253170,253170,253172,253316,2022-05-29 01:30:00,2022-05-29 01:30:00,2022-05-29 01:40:00,2022-05-29 13:40:00,-1,afcs_144,2,144
253684,253684,253686,253830,2022-05-30 20:20:00,2022-05-30 20:20:00,2022-05-30 20:30:00,2022-05-31 08:30:00,1,afcs_144,2,144
254065,254065,254067,254211,2022-06-01 04:05:00,2022-06-01 04:05:00,2022-06-01 04:15:00,2022-06-01 16:15:00,-1,afcs_144,2,144
254569,254569,254571,254715,2022-06-02 22:05:00,2022-06-02 22:05:00,2022-06-02 22:15:00,2022-06-03 10:15:00,1,afcs_144,2,144
255465,255465,255467,255611,2022-06-06 00:45:00,2022-06-06 00:45:00,2022-06-06 00:55:00,2022-06-06 12:55:00,1,afcs_144,2,144
256559,256559,256561,256705,2022-06-09 19:55:00,2022-06-09 19:55:00,2022-06-09 20:05:00,2022-06-10 08:05:00,-1,afcs_144,2,144
261358,261358,261360,261504,2022-06-26 11:50:00,2022-06-26 11:50:00,2022-06-26 12:00:00,2022-06-27 00:00:00,1,afcs_144,2,144
261876,261876,261878,262022,2022-06-28 07:00:00,2022-06-28 07:00:00,2022-06-28 07:10:00,2022-06-28 19:10:00,1,afcs_144,2,144
262149,262149,262151,262295,2022-06-29 05:45:00,2022-06-29 05:45:00,2022-06-29 05:55:00,2022-06-29 17:55:00,-1,afcs_144,2,144
262318,262318,262320,262464,2022-06-29 19:50:00,2022-06-29 19:50:00,2022-06-29 20:00:00,2022-06-30 08:00:00,1,afcs_144,2,144
262468,262468,262470,262614,2022-06-30 08:20:00,2022-06-30 08:20:00,2022-06-30 08:30:00,2022-06-30 20:30:00,-1,afcs_144,2,144
263431,263431,263433,263577,2022-07-03 16:35:00,2022-07-03 16:35:00,2022-07-03 16:45:00,2022-07-04 04:45:00,1,afcs_144,2,144
263657,263657,263659,263803,2022-07-04 11:25:00,2022-07-04 11:25:00,2022-07-04 11:35:00,2022-07-04 23:35:00,1,afcs_144,2,144
264454,264454,264456,264600,2022-07-07 05:50:00,2022-07-07 05:50:00,2022-07-07 06:00:00,2022-07-07 18:00:00,-1,afcs_144,2,144
265046,265046,265048,265192,2022-07-09 07:10:00,2022-07-09 07:10:00,2022-07-09 07:20:00,2022-07-09 19:20:00,1,afcs_144,2,144
265250,265250,265252,265396,2022-07-10 00:10:00,2022-07-10 00:10:00,2022-07-10 00:20:00,2022-07-10 12:20:00,-1,afcs_144,2,144
265500,265500,265502,265646,2022-07-10 21:00:00,2022-07-10 21:00:00,2022-07-10 21:10:00,2022-07-11 09:10:00,1,afcs_144,2,144
265684,265684,265686,265830,2022-07-11 12:20:00,2022-07-11 12:20:00,2022-07-11 12:30:00,2022-07-12 00:30:00,1,afcs_144,2,144
265834,265834,265836,265980,2022-07-12 00:50:00,2022-07-12 00:50:00,2022-07-12 01:00:00,2022-07-12 13:00:00,-1,afcs_144,2,144
266087,266087,266089,266233,2022-07-12 21:55:00,2022-07-12 21:55:00,2022-07-12 22:05:00,2022-07-13 10:05:00,-1,afcs_144,2,144
266557,266557,266559,266703,2022-07-14 13:05:00,2022-07-14 13:05:00,2022-07-14 13:15:00,2022-07-15 01:15:00,-1,afcs_144,2,144
266822,266822,266824,266968,2022-07-15 11:10:00,2022-07-15 11:10:00,2022-07-15 11:20:00,2022-07-15 23:20:00,1,afcs_144,2,144
267047,267047,267049,267193,2022-07-16 05:55:00,2022-07-16 05:55:00,2022-07-16 06:05:00,2022-07-16 18:05:00,-1,afcs_144,2,144
267356,267356,267358,267502,2022-07-17 07:40:00,2022-07-17 07:40:00,2022-07-17 07:50:00,2022-07-17 19:50:00,-1,afcs_144,2,144
268818,268818,268820,268964,2022-07-22 09:30:00,2022-07-22 09:30:00,2022-07-22 09:40:00,2022-07-22 21:40:00,-1,afcs_144,2,144
269077,269077,269079,269223,2022-07-23 07:05:00,2022-07-23 07:05:00,2022-07-23 07:15:00,2022-07-23 19:15:00,-1,afcs_144,2,144
269462,269462,269464,269608,2022-07-24 15:10:00,2022-07-24 15:10:00,2022-07-24 15:20:00,2022-07-25 03:20:00,1,afcs_144,2,144
269671,269671,269673,269817,2022-07-25 08:35:00,2022-07-25 08:35:00,2022-07-25 08:45:00,2022-07-25 20:45:00,1,afcs_144,2,144
269822,269822,269824,269968,2022-07-25 21:10:00,2022-07-25 21:10:00,2022-07-25 21:20:00,2022-07-26 09:20:00,1,afcs_144,2,144
270114,270114,270116,270260,2022-07-26 21:30:00,2022-07-26 21:30:00,2022-07-26 21:40:00,2022-07-27 09:40:00,-1,afcs_144,2,144
270402,270402,270404,270548,2022-07-27 21:30:00,2022-07-27 21:30:00,2022-07-27 21:40:00,2022-07-28 09:40:00,-1,afcs_144,2,144
271148,271148,271150,271294,2022-07-30 11:40:00,2022-07-30 11:40:00,2022-07-30 11:50:00,2022-07-30 23:50:00,1,afcs_144,2,144
271984,271984,271986,272130,2022-08-02 09:20:00,2022-08-02 09:20:00,2022-08-02 09:30:00,2022-08-02 21:30:00,-1,afcs_144,2,144
272297,272297,272299,272443,2022-08-03 11:25:00,2022-08-03 11:25:00,2022-08-03 11:35:00,2022-08-03 23:35:00,1,afcs_144,2,144
272756,272756,272758,272902,2022-08-05 01:40:00,2022-08-05 01:40:00,2022-08-05 01:50:00,2022-08-05 13:50:00,1,afcs_144,2,144
272957,272957,272959,273103,2022-08-05 18:25:00,2022-08-05 18:25:00,2022-08-05 18:35:00,2022-08-06 06:35:00,-1,afcs_144,2,144
273518,273518,273520,273664,2022-08-07 17:10:00,2022-08-07 17:10:00,2022-08-07 17:20:00,2022-08-08 05:20:00,1,afcs_144,2,144
273672,273672,273674,273818,2022-08-08 06:00:00,2022-08-08 06:00:00,2022-08-08 06:10:00,2022-08-08 18:10:00,1,afcs_144,2,144
273831,273831,273833,273977,2022-08-08 19:15:00,2022-08-08 19:15:00,2022-08-08 19:25:00,2022-08-09 07:25:00,-1,afcs_144,2,144
274395,274395,274397,274541,2022-08-10 18:15:00,2022-08-10 18:15:00,2022-08-10 18:25:00,2022-08-11 06:25:00,-1,afcs_144,2,144
274722,274722,274724,274868,2022-08-11 21:30:00,2022-08-11 21:30:00,2022-08-11 21:40:00,2022-08-12 09:40:00,1,afcs_144,2,144
275157,275157,275159,275303,2022-08-13 09:45:00,2022-08-13 09:45:00,2022-08-13 09:55:00,2022-08-13 21:55:00,1,afcs_144,2,144
275412,275412,275414,275558,2022-08-14 07:00:00,2022-08-14 07:00:00,2022-08-14 07:10:00,2022-08-14 19:10:00,1,afcs_144,2,144
276314,276314,276316,276460,2022-08-17 10:10:00,2022-08-17 10:10:00,2022-08-17 10:20:00,2022-08-17 22:20:00,-1,afcs_144,2,144
277983,277983,277985,278129,2022-08-23 05:15:00,2022-08-23 05:15:00,2022-08-23 05:25:00,2022-08-23 17:25:00,-1,afcs_144,2,144
278401,278401,278403,278547,2022-08-24 16:05:00,2022-08-24 16:05:00,2022-08-24 16:15:00,2022-08-25 04:15:00,1,afcs_144,2,144
279867,279867,279869,280013,2022-08-29 18:15:00,2022-08-29 18:15:00,2022-08-29 18:25:00,2022-08-30 06:25:00,-1,afcs_144,2,144
280022,280022,280024,280168,2022-08-30 07:10:00,2022-08-30 07:10:00,2022-08-30 07:20:00,2022-08-30 19:20:00,1,afcs_144,2,144
280258,280258,280260,280404,2022-08-31 02:50:00,2022-08-31 02:50:00,2022-08-31 03:00:00,2022-08-31 15:00:00,-1,afcs_144,2,144
280621,280621,280623,280767,2022-09-01 09:05:00,2022-09-01 09:05:00,2022-09-01 09:15:00,2022-09-01 21:15:00,-1,afcs_144,2,144
280836,280836,280838,280982,2022-09-02 03:00:00,2022-09-02 03:00:00,2022-09-02 03:10:00,2022-09-02 15:10:00,1,afcs_144,2,144
280995,280995,280997,281141,2022-09-02 16:15:00,2022-09-02 16:15:00,2022-09-02 16:25:00,2022-09-03 04:25:00,-1,afcs_144,2,144
281164,281164,281166,281310,2022-09-03 06:20:00,2022-09-03 06:20:00,2022-09-03 06:30:00,2022-09-03 18:30:00,-1,afcs_144,2,144
281471,281471,281473,281617,2022-09-04 07:55:00,2022-09-04 07:55:00,2022-09-04 08:05:00,2022-09-04 20:05:00,-1,afcs_144,2,144
281725,281725,281727,281871,2022-09-05 05:05:00,2022-09-05 05:05:00,2022-09-05 05:15:00,2022-09-05 17:15:00,-1,afcs_144,2,144
282268,282268,282270,282414,2022-09-07 02:20:00,2022-09-07 02:20:00,2022-09-07 02:30:00,2022-09-07 14:30:00,-1,afcs_144,2,144
282452,282452,282454,282598,2022-09-07 17:40:00,2022-09-07 17:40:00,2022-09-07 17:50:00,2022-09-08 05:50:00,1,afcs_144,2,144
282766,282766,282768,282912,2022-09-08 19:50:00,2022-09-08 19:50:00,2022-09-08 20:00:00,2022-09-09 08:00:00,1,afcs_144,2,144
282931,282931,282933,283077,2022-09-09 09:35:00,2022-09-09 09:35:00,2022-09-09 09:45:00,2022-09-09 21:45:00,1,afcs_144,2,144
283365,283365,283367,283511,2022-09-10 21:45:00,2022-09-10 21:45:00,2022-09-10 21:55:00,2022-09-11 09:55:00,1,afcs_144,2,144
283697,283697,283699,283843,2022-09-12 01:25:00,2022-09-12 01:25:00,2022-09-12 01:35:00,2022-09-12 13:35:00,1,afcs_144,2,144
284209,284209,284211,284355,2022-09-13 20:05:00,2022-09-13 20:05:00,2022-09-13 20:15:00,2022-09-14 08:15:00,-1,afcs_144,2,144
284882,284882,284884,285028,2022-09-16 04:10:00,2022-09-16 04:10:00,2022-09-16 04:20:00,2022-09-16 16:20:00,1,afcs_144,2,144
285072,285072,285074,285218,2022-09-16 20:00:00,2022-09-16 20:00:00,2022-09-16 20:10:00,2022-09-17 08:10:00,1,afcs_144,2,144
286337,286337,286339,286483,2022-09-21 05:25:00,2022-09-21 05:25:00,2022-09-21 05:35:00,2022-09-21 17:35:00,1,afcs_144,2,144
286487,286487,286489,286633,2022-09-21 17:55:00,2022-09-21 17:55:00,2022-09-21 18:05:00,2022-09-22 06:05:00,1,afcs_144,2,144
287125,287125,287127,287271,2022-09-23 23:05:00,2022-09-23 23:05:00,2022-09-23 23:15:00,2022-09-24 11:15:00,1,afcs_144,2,144
287391,287391,287393,287537,2022-09-24 21:15:00,2022-09-24 21:15:00,2022-09-24 21:25:00,2022-09-25 09:25:00,-1,afcs_144,2,144
287565,287565,287567,287711,2022-09-25 11:45:00,2022-09-25 11:45:00,2022-09-25 11:55:00,2022-09-25 23:55:00,1,afcs_144,2,144
287786,287786,287788,287932,2022-09-26 06:10:00,2022-09-26 06:10:00,2022-09-26 06:20:00,2022-09-26 18:20:00,-1,afcs_144,2,144
287994,287994,287996,288140,2022-09-26 23:30:00,2022-09-26 23:30:00,2022-09-26 23:40:00,2022-09-27 11:40:00,1,afcs_144,2,144
288493,288493,288495,288639,2022-09-28 17:05:00,2022-09-28 17:05:00,2022-09-28 17:15:00,2022-09-29 05:15:00,1,afcs_144,2,144
288862,288862,288864,289008,2022-09-29 23:50:00,2022-09-29 23:50:00,2022-09-30 00:00:00,2022-09-30 12:00:00,1,afcs_144,2,144
289158,289158,289160,289304,2022-10-01 00:30:00,2022-10-01 00:30:00,2022-10-01 00:40:00,2022-10-01 12:40:00,-1,afcs_144,2,144
289885,289885,289887,290031,2022-10-03 13:05:00,2022-10-03 13:05:00,2022-10-03 13:15:00,2022-10-04 01:15:00,1,afcs_144,2,144
290261,290261,290263,290407,2022-10-04 20:25:00,2022-10-04 20:25:00,2022-10-04 20:35:00,2022-10-05 08:35:00,1,afcs_144,2,144
291125,291125,291127,291271,2022-10-07 20:25:00,2022-10-07 20:25:00,2022-10-07 20:35:00,2022-10-08 08:35:00,1,afcs_144,2,144
291428,291428,291430,291574,2022-10-08 21:40:00,2022-10-08 21:40:00,2022-10-08 21:50:00,2022-10-09 09:50:00,-1,afcs_144,2,144
292009,292009,292011,292155,2022-10-10 22:05:00,2022-10-10 22:05:00,2022-10-10 22:15:00,2022-10-11 10:15:00,-1,afcs_144,2,144
292914,292914,292916,293060,2022-10-14 01:30:00,2022-10-14 01:30:00,2022-10-14 01:40:00,2022-10-14 13:40:00,1,afcs_144,2,144
293089,293089,293091,293235,2022-10-14 16:05:00,2022-10-14 16:05:00,2022-10-14 16:15:00,2022-10-15 04:15:00,-1,afcs_144,2,144
293273,293273,293275,293419,2022-10-15 07:25:00,2022-10-15 07:25:00,2022-10-15 07:35:00,2022-10-15 19:35:00,-1,afcs_144,2,144
293465,293465,293467,293611,2022-10-15 23:25:00,2022-10-15 23:25:00,2022-10-15 23:35:00,2022-10-16 11:35:00,1,afcs_144,2,144
293884,293884,293886,294030,2022-10-17 10:20:00,2022-10-17 10:20:00,2022-10-17 10:30:00,2022-10-17 22:30:00,1,afcs_144,2,144
294301,294301,294303,294447,2022-10-18 21:05:00,2022-10-18 21:05:00,2022-10-18 21:15:00,2022-10-19 09:15:00,-1,afcs_144,2,144
294621,294621,294623,294767,2022-10-19 23:45:00,2022-10-19 23:45:00,2022-10-19 23:55:00,2022-10-20 11:55:00,-1,afcs_144,2,144
294996,294996,294998,295142,2022-10-21 07:00:00,2022-10-21 07:00:00,2022-10-21 07:10:00,2022-10-21 19:10:00,-1,afcs_144,2,144
295148,295148,295150,295294,2022-10-21 19:40:00,2022-10-21 19:40:00,2022-10-21 19:50:00,2022-10-22 07:50:00,1,afcs_144,2,144
295354,295354,295356,295500,2022-10-22 12:50:00,2022-10-22 12:50:00,2022-10-22 13:00:00,2022-10-23 01:00:00,1,afcs_144,2,144
295545,295545,295547,295691,2022-10-23 04:45:00,2022-10-23 04:45:00,2022-10-23 04:55:00,2022-10-23 16:55:00,-1,afcs_144,2,144
295698,295698,295700,295844,2022-10-23 17:30:00,2022-10-23 17:30:00,2022-10-23 17:40:00,2022-10-24 05:40:00,1,afcs_144,2,144
296375,296375,296377,296521,2022-10-26 01:55:00,2022-10-26 01:55:00,2022-10-26 02:05:00,2022-10-26 14:05:00,-1,afcs_144,2,144
296675,296675,296677,296821,2022-10-27 02:55:00,2022-10-27 02:55:00,2022-10-27 03:05:00,2022-10-27 15:05:00,-1,afcs_144,2,144
297052,297052,297054,297198,2022-10-28 10:20:00,2022-10-28 10:20:00,2022-10-28 10:30:00,2022-10-28 22:30:00,1,afcs_144,2,144
297248,297248,297250,297394,2022-10-29 02:40:00,2022-10-29 02:40:00,2022-10-29 02:50:00,2022-10-29 14:50:00,1,afcs_144,2,144
297749,297749,297751,297895,2022-10-30 20:25:00,2022-10-30 20:25:00,2022-10-30 20:35:00,2022-10-31 08:35:00,1,afcs_144,2,144
298475,298475,298477,298621,2022-11-02 08:55:00,2022-11-02 08:55:00,2022-11-02 09:05:00,2022-11-02 21:05:00,1,afcs_144,2,144
298874,298874,298876,299020,2022-11-03 18:10:00,2022-11-03 18:10:00,2022-11-03 18:20:00,2022-11-04 06:20:00,-1,afcs_144,2,144
299206,299206,299208,299352,2022-11-04 21:50:00,2022-11-04 21:50:00,2022-11-04 22:00:00,2022-11-05 10:00:00,1,afcs_144,2,144
299364,299364,299366,299510,2022-11-05 11:00:00,2022-11-05 11:00:00,2022-11-05 11:10:00,2022-11-05 23:10:00,1,afcs_144,2,144
303575,303575,303577,303721,2022-11-20 01:55:00,2022-11-20 01:55:00,2022-11-20 02:05:00,2022-11-20 14:05:00,-1,afcs_144,2,144
303932,303932,303934,304078,2022-11-21 07:40:00,2022-11-21 07:40:00,2022-11-21 07:50:00,2022-11-21 19:50:00,-1,afcs_144,2,144
304163,304163,304165,304309,2022-11-22 02:55:00,2022-11-22 02:55:00,2022-11-22 03:05:00,2022-11-22 15:05:00,1,afcs_144,2,144
304402,304402,304404,304548,2022-11-22 22:50:00,2022-11-22 22:50:00,2022-11-22 23:00:00,2022-11-23 11:00:00,1,afcs_144,2,144
304564,304564,304566,304710,2022-11-23 12:20:00,2022-11-23 12:20:00,2022-11-23 12:30:00,2022-11-24 00:30:00,-1,afcs_144,2,144
304817,304817,304819,304963,2022-11-24 09:25:00,2022-11-24 09:25:00,2022-11-24 09:35:00,2022-11-24 21:35:00,1,afcs_144,2,144
305047,305047,305049,305193,2022-11-25 04:35:00,2022-11-25 04:35:00,2022-11-25 04:45:00,2022-11-25 16:45:00,-1,afcs_144,2,144
305247,305247,305249,305393,2022-11-25 21:15:00,2022-11-25 21:15:00,2022-11-25 21:25:00,2022-11-26 09:25:00,-1,afcs_144,2,144
305463,305463,305465,305609,2022-11-26 15:15:00,2022-11-26 15:15:00,2022-11-26 15:25:00,2022-11-27 03:25:00,-1,afcs_144,2,144
305919,305919,305921,306065,2022-11-28 05:15:00,2022-11-28 05:15:00,2022-11-28 05:25:00,2022-11-28 17:25:00,-1,afcs_144,2,144
306146,306146,306148,306292,2022-11-29 00:10:00,2022-11-29 00:10:00,2022-11-29 00:20:00,2022-11-29 12:20:00,-1,afcs_144,2,144
306385,306385,306387,306531,2022-11-29 20:05:00,2022-11-29 20:05:00,2022-11-29 20:15:00,2022-11-30 08:15:00,1,afcs_144,2,144
306683,306683,306685,306829,2022-11-30 20:55:00,2022-11-30 20:55:00,2022-11-30 21:05:00,2022-12-01 09:05:00,1,afcs_144,2,144
307019,307019,307021,307165,2022-12-02 00:55:00,2022-12-02 00:55:00,2022-12-02 01:05:00,2022-12-02 13:05:00,1,afcs_144,2,144
307168,307168,307170,307314,2022-12-02 13:20:00,2022-12-02 13:20:00,2022-12-02 13:30:00,2022-12-03 01:30:00,-1,afcs_144,2,144
307369,307369,307371,307515,2022-12-03 06:05:00,2022-12-03 06:05:00,2022-12-03 06:15:00,2022-12-03 18:15:00,-1,afcs_144,2,144
307600,307600,307602,307746,2022-12-04 01:20:00,2022-12-04 01:20:00,2022-12-04 01:30:00,2022-12-04 13:30:00,1,afcs_144,2,144
307762,307762,307764,307908,2022-12-04 14:50:00,2022-12-04 14:50:00,2022-12-04 15:00:00,2022-12-05 03:00:00,1,afcs_144,2,144
307914,307914,307916,308060,2022-12-05 03:30:00,2022-12-05 03:30:00,2022-12-05 03:40:00,2022-12-05 15:40:00,-1,afcs_144,2,144
308091,308091,308093,308237,2022-12-05 18:15:00,2022-12-05 18:15:00,2022-12-05 18:25:00,2022-12-06 06:25:00,1,afcs_144,2,144
308915,308915,308917,309061,2022-12-08 14:55:00,2022-12-08 14:55:00,2022-12-08 15:05:00,2022-12-09 03:05:00,1,afcs_144,2,144
309890,309890,309892,310036,2022-12-12 00:10:00,2022-12-12 00:10:00,2022-12-12 00:20:00,2022-12-12 12:20:00,-1,afcs_144,2,144
310059,310059,310061,310205,2022-12-12 14:15:00,2022-12-12 14:15:00,2022-12-12 14:25:00,2022-12-13 02:25:00,1,afcs_144,2,144
310335,310335,310337,310481,2022-12-13 13:15:00,2022-12-13 13:15:00,2022-12-13 13:25:00,2022-12-14 01:25:00,1,afcs_144,2,144
311012,311012,311014,311158,2022-12-15 21:40:00,2022-12-15 21:40:00,2022-12-15 21:50:00,2022-12-16 09:50:00,-1,afcs_144,2,144
311373,311373,311375,311519,2022-12-17 03:45:00,2022-12-17 03:45:00,2022-12-17 03:55:00,2022-12-17 15:55:00,1,afcs_144,2,144
311729,311729,311731,311875,2022-12-18 09:25:00,2022-12-18 09:25:00,2022-12-18 09:35:00,2022-12-18 21:35:00,-1,afcs_144,2,144
311887,311887,311889,312033,2022-12-18 22:35:00,2022-12-18 22:35:00,2022-12-18 22:45:00,2022-12-19 10:45:00,1,afcs_144,2,144
312767,312767,312769,312913,2022-12-21 23:55:00,2022-12-21 23:55:00,2022-12-22 00:05:00,2022-12-22 12:05:00,1,afcs_144,2,144
313985,313985,313987,314131,2022-12-26 05:25:00,2022-12-26 05:25:00,2022-12-26 05:35:00,2022-12-26 17:35:00,-1,afcs_144,2,144
314391,314391,314393,314537,2022-12-27 15:15:00,2022-12-27 15:15:00,2022-12-27 15:25:00,2022-12-28 03:25:00,1,afcs_144,2,144
315141,315141,315143,315287,2022-12-30 05:45:00,2022-12-30 05:45:00,2022-12-30 05:55:00,2022-12-30 17:55:00,-1,afcs_144,2,144
315735,315735,315737,315881,2023-01-01 07:15:00,2023-01-01 07:15:00,2023-01-01 07:25:00,2023-01-01 19:25:00,-1,afcs_144,2,144
316138,316138,316140,316284,2023-01-02 16:50:00,2023-01-02 16:50:00,2023-01-02 17:00:00,2023-01-03 05:00:00,-1,afcs_144,2,144
316682,316682,316684,316828,2023-01-04 14:10:00,2023-01-04 14:10:00,2023-01-04 14:20:00,2023-01-05 02:20:00,-1,afcs_144,2,144
316979,316979,316981,317125,2023-01-05 14:55:00,2023-01-05 14:55:00,2023-01-05 15:05:00,2023-01-06 03:05:00,1,afcs_144,2,144
317323,317323,317325,317469,2023-01-06 19:35:00,2023-01-06 19:35:00,2023-01-06 19:45:00,2023-01-07 07:45:00,1,afcs_144,2,144
318563,318563,318565,318709,2023-01-11 02:55:00,2023-01-11 02:55:00,2023-01-11 03:05:00,2023-01-11 15:05:00,-1,afcs_144,2,144
318744,318744,318746,318890,2023-01-11 18:00:00,2023-01-11 18:00:00,2023-01-11 18:10:00,2023-01-12 06:10:00,1,afcs_144,2,144
320872,320872,320874,321018,2023-01-19 03:20:00,2023-01-19 03:20:00,2023-01-19 03:30:00,2023-01-19 15:30:00,1,afcs_144,2,144
321683,321683,321685,321829,2023-01-21 22:55:00,2023-01-21 22:55:00,2023-01-21 23:05:00,2023-01-22 11:05:00,-1,afcs_144,2,144
323228,323228,323230,323374,2023-01-27 07:40:00,2023-01-27 07:40:00,2023-01-27 07:50:00,2023-01-27 19:50:00,1,afcs_144,2,144
323718,323718,323720,323864,2023-01-29 00:30:00,2023-01-29 00:30:00,2023-01-29 00:40:00,2023-01-29 12:40:00,1,afcs_144,2,144
325180,325180,325182,325326,2023-02-03 02:20:00,2023-02-03 02:20:00,2023-02-03 02:30:00,2023-02-03 14:30:00,-1,afcs_144,2,144
325420,325420,325422,325566,2023-02-03 22:20:00,2023-02-03 22:20:00,2023-02-03 22:30:00,2023-02-04 10:30:00,1,afcs_144,2,144
325596,325596,325598,325742,2023-02-04 13:00:00,2023-02-04 13:00:00,2023-02-04 13:10:00,2023-02-05 01:10:00,1,afcs_144,2,144
326206,326206,326208,326352,2023-02-06 15:50:00,2023-02-06 15:50:00,2023-02-06 16:00:00,2023-02-07 04:00:00,1,afcs_144,2,144
326358,326358,326360,326504,2023-02-07 04:30:00,2023-02-07 04:30:00,2023-02-07 04:40:00,2023-02-07 16:40:00,1,afcs_144,2,144
326905,326905,326907,327051,2023-02-09 02:05:00,2023-02-09 02:05:00,2023-02-09 02:15:00,2023-02-09 14:15:00,-1,afcs_144,2,144
327314,327314,327316,327460,2023-02-10 12:10:00,2023-02-10 12:10:00,2023-02-10 12:20:00,2023-02-11 00:20:00,1,afcs_144,2,144
327462,327462,327464,327608,2023-02-11 00:30:00,2023-02-11 00:30:00,2023-02-11 00:40:00,2023-02-11 12:40:00,1,afcs_144,2,144
327716,327716,327718,327862,2023-02-11 21:40:00,2023-02-11 21:40:00,2023-02-11 21:50:00,2023-02-12 09:50:00,1,afcs_144,2,144
327862,327862,327864,328008,2023-02-12 09:50:00,2023-02-12 09:50:00,2023-02-12 10:00:00,2023-02-12 22:00:00,1,afcs_144,2,144
328169,328169,328171,328315,2023-02-13 11:25:00,2023-02-13 11:25:00,2023-02-13 11:35:00,2023-02-13 23:35:00,1,afcs_144,2,144
328394,328394,328396,328540,2023-02-14 06:10:00,2023-02-14 06:10:00,2023-02-14 06:20:00,2023-02-14 18:20:00,1,afcs_144,2,144
328675,328675,328677,328821,2023-02-15 05:35:00,2023-02-15 05:35:00,2023-02-15 05:45:00,2023-02-15 17:45:00,1,afcs_144,2,144
329030,329030,329032,329176,2023-02-16 11:10:00,2023-02-16 11:10:00,2023-02-16 11:20:00,2023-02-16 23:20:00,-1,afcs_144,2,144
329683,329683,329685,329829,2023-02-18 17:35:00,2023-02-18 17:35:00,2023-02-18 17:45:00,2023-02-19 05:45:00,-1,afcs_144,2,144
330098,330098,330100,330244,2023-02-20 04:10:00,2023-02-20 04:10:00,2023-02-20 04:20:00,2023-02-20 16:20:00,1,afcs_144,2,144
330365,330365,330367,330511,2023-02-21 02:25:00,2023-02-21 02:25:00,2023-02-21 02:35:00,2023-02-21 14:35:00,1,afcs_144,2,144
330891,330891,330893,331037,2023-02-22 22:15:00,2023-02-22 22:15:00,2023-02-22 22:25:00,2023-02-23 10:25:00,1,afcs_144,2,144
331063,331063,331065,331209,2023-02-23 12:35:00,2023-02-23 12:35:00,2023-02-23 12:45:00,2023-02-24 00:45:00,-1,afcs_144,2,144
331229,331229,331231,331375,2023-02-24 02:25:00,2023-02-24 02:25:00,2023-02-24 02:35:00,2023-02-24 14:35:00,1,afcs_144,2,144
331753,331753,331755,331899,2023-02-25 22:05:00,2023-02-25 22:05:00,2023-02-25 22:15:00,2023-02-26 10:15:00,1,afcs_144,2,144
331921,331921,331923,332067,2023-02-26 12:05:00,2023-02-26 12:05:00,2023-02-26 12:15:00,2023-02-27 00:15:00,-1,afcs_144,2,144
332223,332223,332225,332369,2023-02-27 13:15:00,2023-02-27 13:15:00,2023-02-27 13:25:00,2023-02-28 01:25:00,1,afcs_144,2,144
332374,332374,332376,332520,2023-02-28 01:50:00,2023-02-28 01:50:00,2023-02-28 02:00:00,2023-02-28 14:00:00,1,afcs_144,2,144
332583,332583,332585,332729,2023-02-28 19:15:00,2023-02-28 19:15:00,2023-02-28 19:25:00,2023-03-01 07:25:00,-1,afcs_144,2,144
332746,332746,332748,332892,2023-03-01 08:50:00,2023-03-01 08:50:00,2023-03-01 09:00:00,2023-03-01 21:00:00,1,afcs_144,2,144
332990,332990,332992,333136,2023-03-02 05:10:00,2023-03-02 05:10:00,2023-03-02 05:20:00,2023-03-02 17:20:00,-1,afcs_144,2,144
333221,333221,333223,333367,2023-03-03 00:25:00,2023-03-03 00:25:00,2023-03-03 00:35:00,2023-03-03 12:35:00,-1,afcs_144,2,144
333578,333578,333580,333724,2023-03-04 06:10:00,2023-03-04 06:10:00,2023-03-04 06:20:00,2023-03-04 18:20:00,1,afcs_144,2,144
333803,333803,333805,333949,2023-03-05 00:55:00,2023-03-05 00:55:00,2023-03-05 01:05:00,2023-03-05 13:05:00,1,afcs_144,2,144
334046,334046,334048,334192,2023-03-05 21:10:00,2023-03-05 21:10:00,2023-03-05 21:20:00,2023-03-06 09:20:00,1,afcs_144,2,144
334382,334382,334384,334528,2023-03-07 01:10:00,2023-03-07 01:10:00,2023-03-07 01:20:00,2023-03-07 13:20:00,1,afcs_144,2,144
334637,334637,334639,334783,2023-03-07 22:25:00,2023-03-07 22:25:00,2023-03-07 22:35:00,2023-03-08 10:35:00,1,afcs_144,2,144
335581,335581,335583,335727,2023-03-11 05:05:00,2023-03-11 05:05:00,2023-03-11 05:15:00,2023-03-11 17:15:00,1,afcs_144,2,144
341814,341814,341816,341960,2023-04-01 20:30:00,2023-04-01 20:30:00,2023-04-01 20:40:00,2023-04-02 08:40:00,1,afcs_144,2,144
344102,344102,344104,344248,2023-04-09 19:10:00,2023-04-09 19:10:00,2023-04-09 19:20:00,2023-04-10 07:20:00,1,afcs_144,2,144
344342,344342,344344,344488,2023-04-10 15:10:00,2023-04-10 15:10:00,2023-04-10 15:20:00,2023-04-11 03:20:00,1,afcs_144,2,144
344534,344534,344536,344680,2023-04-11 07:10:00,2023-04-11 07:10:00,2023-04-11 07:20:00,2023-04-11 19:20:00,1,afcs_144,2,144
345043,345043,345045,345189,2023-04-13 01:35:00,2023-04-13 01:35:00,2023-04-13 01:45:00,2023-04-13 13:45:00,1,afcs_144,2,144
345197,345197,345199,345343,2023-04-13 14:25:00,2023-04-13 14:25:00,2023-04-13 14:35:00,2023-04-14 02:35:00,1,afcs_144,2,144
345793,345793,345795,345939,2023-04-15 16:05:00,2023-04-15 16:05:00,2023-04-15 16:15:00,2023-04-16 04:15:00,-1,afcs_144,2,144
346207,346207,346209,346353,2023-04-17 02:35:00,2023-04-17 02:35:00,2023-04-17 02:45:00,2023-04-17 14:45:00,1,afcs_144,2,144
346382,346382,346384,346528,2023-04-17 17:10:00,2023-04-17 17:10:00,2023-04-17 17:20:00,2023-04-18 05:20:00,1,afcs_144,2,144
347514,347514,347516,347660,2023-04-21 15:30:00,2023-04-21 15:30:00,2023-04-21 15:40:00,2023-04-22 03:40:00,1,afcs_144,2,144
347709,347709,347711,347855,2023-04-22 07:45:00,2023-04-22 07:45:00,2023-04-22 07:55:00,2023-04-22 19:55:00,-1,afcs_144,2,144
347887,347887,347889,348033,2023-04-22 22:35:00,2023-04-22 22:35:00,2023-04-22 22:45:00,2023-04-23 10:45:00,1,afcs_144,2,144
348101,348101,348103,348247,2023-04-23 16:25:00,2023-04-23 16:25:00,2023-04-23 16:35:00,2023-04-24 04:35:00,1,afcs_144,2,144
348276,348276,348278,348422,2023-04-24 07:00:00,2023-04-24 07:00:00,2023-04-24 07:10:00,2023-04-24 19:10:00,-1,afcs_144,2,144
348422,348422,348424,348568,2023-04-24 19:10:00,2023-04-24 19:10:00,2023-04-24 19:20:00,2023-04-25 07:20:00,1,afcs_144,2,144
348622,348622,348624,348768,2023-04-25 11:50:00,2023-04-25 11:50:00,2023-04-25 12:00:00,2023-04-26 00:00:00,-1,afcs_144,2,144
348804,348804,348806,348950,2023-04-26 03:00:00,2023-04-26 03:00:00,2023-04-26 03:10:00,2023-04-26 15:10:00,1,afcs_144,2,144
348963,348963,348965,349109,2023-04-26 16:15:00,2023-04-26 16:15:00,2023-04-26 16:25:00,2023-04-27 04:25:00,-1,afcs_144,2,144
349171,349171,349173,349317,2023-04-27 09:35:00,2023-04-27 09:35:00,2023-04-27 09:45:00,2023-04-27 21:45:00,1,afcs_144,2,144
349430,349430,349432,349576,2023-04-28 07:10:00,2023-04-28 07:10:00,2023-04-28 07:20:00,2023-04-28 19:20:00,1,afcs_144,2,144
350095,350095,350097,350241,2023-04-30 14:35:00,2023-04-30 14:35:00,2023-04-30 14:45:00,2023-05-01 02:45:00,1,afcs_144,2,144
350242,350242,350244,350388,2023-05-01 02:50:00,2023-05-01 02:50:00,2023-05-01 03:00:00,2023-05-01 15:00:00,-1,afcs_144,2,144
350709,350709,350711,350855,2023-05-02 17:45:00,2023-05-02 17:45:00,2023-05-02 17:55:00,2023-05-03 05:55:00,1,afcs_144,2,144
350859,350859,350861,351005,2023-05-03 06:15:00,2023-05-03 06:15:00,2023-05-03 06:25:00,2023-05-03 18:25:00,1,afcs_144,2,144
351078,351078,351080,351224,2023-05-04 00:30:00,2023-05-04 00:30:00,2023-05-04 00:40:00,2023-05-04 12:40:00,-1,afcs_144,2,144
352038,352038,352040,352184,2023-05-07 08:30:00,2023-05-07 08:30:00,2023-05-07 08:40:00,2023-05-07 20:40:00,-1,afcs_144,2,144
352309,352309,352311,352455,2023-05-08 07:05:00,2023-05-08 07:05:00,2023-05-08 07:15:00,2023-05-08 19:15:00,-1,afcs_144,2,144
352539,352539,352541,352685,2023-05-09 02:15:00,2023-05-09 02:15:00,2023-05-09 02:25:00,2023-05-09 14:25:00,-1,afcs_144,2,144
352803,352803,352805,352949,2023-05-10 00:15:00,2023-05-10 00:15:00,2023-05-10 00:25:00,2023-05-10 12:25:00,1,afcs_144,2,144
353052,353052,353054,353198,2023-05-10 21:00:00,2023-05-10 21:00:00,2023-05-10 21:10:00,2023-05-11 09:10:00,-1,afcs_144,2,144
353367,353367,353369,353513,2023-05-11 23:15:00,2023-05-11 23:15:00,2023-05-11 23:25:00,2023-05-12 11:25:00,1,afcs_144,2,144
354512,354512,354514,354658,2023-05-15 22:40:00,2023-05-15 22:40:00,2023-05-15 22:50:00,2023-05-16 10:50:00,-1,afcs_144,2,144
354918,354918,354920,355064,2023-05-17 08:30:00,2023-05-17 08:30:00,2023-05-17 08:40:00,2023-05-17 20:40:00,1,afcs_144,2,144
355892,355892,355894,356038,2023-05-20 17:40:00,2023-05-20 17:40:00,2023-05-20 17:50:00,2023-05-21 05:50:00,1,afcs_144,2,144
360110,360110,360112,360256,2023-06-04 09:10:00,2023-06-04 09:10:00,2023-06-04 09:20:00,2023-06-04 21:20:00,1,afcs_144,2,144
360710,360710,360712,360856,2023-06-06 11:10:00,2023-06-06 11:10:00,2023-06-06 11:20:00,2023-06-06 23:20:00,-1,afcs_144,2,144
362916,362916,362918,363062,2023-06-14 03:00:00,2023-06-14 03:00:00,2023-06-14 03:10:00,2023-06-14 15:10:00,-1,afcs_144,2,144
363217,363217,363219,363363,2023-06-15 04:05:00,2023-06-15 04:05:00,2023-06-15 04:15:00,2023-06-15 16:15:00,-1,afcs_144,2,144
363476,363476,363478,363622,2023-06-16 01:40:00,2023-06-16 01:40:00,2023-06-16 01:50:00,2023-06-16 13:50:00,1,afcs_144,2,144
363803,363803,363805,363949,2023-06-17 04:55:00,2023-06-17 04:55:00,2023-06-17 05:05:00,2023-06-17 17:05:00,1,afcs_144,2,144
364102,364102,364104,364248,2023-06-18 05:50:00,2023-06-18 05:50:00,2023-06-18 06:00:00,2023-06-18 18:00:00,-1,afcs_144,2,144
364334,364334,364336,364480,2023-06-19 01:10:00,2023-06-19 01:10:00,2023-06-19 01:20:00,2023-06-19 13:20:00,1,afcs_144,2,144
368069,368069,368071,368215,2023-07-02 00:25:00,2023-07-02 00:25:00,2023-07-02 00:35:00,2023-07-02 12:35:00,1,afcs_144,2,144
368258,368258,368260,368404,2023-07-02 16:10:00,2023-07-02 16:10:00,2023-07-02 16:20:00,2023-07-03 04:20:00,1,afcs_144,2,144
369005,369005,369007,369151,2023-07-05 06:25:00,2023-07-05 06:25:00,2023-07-05 06:35:00,2023-07-05 18:35:00,-1,afcs_144,2,144
369304,369304,369306,369450,2023-07-06 07:20:00,2023-07-06 07:20:00,2023-07-06 07:30:00,2023-07-06 19:30:00,1,afcs_144,2,144
369568,369568,369570,369714,2023-07-07 05:20:00,2023-07-07 05:20:00,2023-07-07 05:30:00,2023-07-07 17:30:00,1,afcs_144,2,144
370308,370308,370310,370454,2023-07-09 19:00:00,2023-07-09 19:00:00,2023-07-09 19:10:00,2023-07-10 07:10:00,-1,afcs_144,2,144
370974,370974,370976,371120,2023-07-12 02:30:00,2023-07-12 02:30:00,2023-07-12 02:40:00,2023-07-12 14:40:00,1,afcs_144,2,144
372157,372157,372159,372303,2023-07-16 05:05:00,2023-07-16 05:05:00,2023-07-16 05:15:00,2023-07-16 17:15:00,1,afcs_144,2,144
372319,372319,372321,372465,2023-07-16 18:35:00,2023-07-16 18:35:00,2023-07-16 18:45:00,2023-07-17 06:45:00,-1,afcs_144,2,144
373325,373325,373327,373471,2023-07-20 06:25:00,2023-07-20 06:25:00,2023-07-20 06:35:00,2023-07-20 18:35:00,1,afcs_144,2,144
373672,373672,373674,373818,2023-07-21 11:20:00,2023-07-21 11:20:00,2023-07-21 11:30:00,2023-07-21 23:30:00,-1,afcs_144,2,144
373860,373860,373862,374006,2023-07-22 03:00:00,2023-07-22 03:00:00,2023-07-22 03:10:00,2023-07-22 15:10:00,-1,afcs_144,2,144
374175,374175,374177,374321,2023-07-23 05:15:00,2023-07-23 05:15:00,2023-07-23 05:25:00,2023-07-23 17:25:00,1,afcs_144,2,144
374326,374326,374328,374472,2023-07-23 17:50:00,2023-07-23 17:50:00,2023-07-23 18:00:00,2023-07-24 06:00:00,1,afcs_144,2,144
374485,374485,374487,374631,2023-07-24 07:05:00,2023-07-24 07:05:00,2023-07-24 07:15:00,2023-07-24 19:15:00,-1,afcs_144,2,144
374845,374845,374847,374991,2023-07-25 13:05:00,2023-07-25 13:05:00,2023-07-25 13:15:00,2023-07-26 01:15:00,1,afcs_144,2,144
375005,375005,375007,375151,2023-07-26 02:25:00,2023-07-26 02:25:00,2023-07-26 02:35:00,2023-07-26 14:35:00,1,afcs_144,2,144
375299,375299,375301,375445,2023-07-27 02:55:00,2023-07-27 02:55:00,2023-07-27 03:05:00,2023-07-27 15:05:00,1,afcs_144,2,144
375525,375525,375527,375671,2023-07-27 21:45:00,2023-07-27 21:45:00,2023-07-27 21:55:00,2023-07-28 09:55:00,1,afcs_144,2,144
376321,376321,376323,376467,2023-07-30 16:05:00,2023-07-30 16:05:00,2023-07-30 16:15:00,2023-07-31 04:15:00,1,afcs_144,2,144
376729,376729,376731,376875,2023-08-01 02:05:00,2023-08-01 02:05:00,2023-08-01 02:15:00,2023-08-01 14:15:00,-1,afcs_144,2,144
377106,377106,377108,377252,2023-08-02 09:30:00,2023-08-02 09:30:00,2023-08-02 09:40:00,2023-08-02 21:40:00,-1,afcs_144,2,144
377309,377309,377311,377455,2023-08-03 02:25:00,2023-08-03 02:25:00,2023-08-03 02:35:00,2023-08-03 14:35:00,-1,afcs_144,2,144
377761,377761,377763,377907,2023-08-04 16:05:00,2023-08-04 16:05:00,2023-08-04 16:15:00,2023-08-05 04:15:00,-1,afcs_144,2,144
378394,378394,378396,378540,2023-08-06 20:50:00,2023-08-06 20:50:00,2023-08-06 21:00:00,2023-08-07 09:00:00,1,afcs_144,2,144
379014,379014,379016,379160,2023-08-09 00:30:00,2023-08-09 00:30:00,2023-08-09 00:40:00,2023-08-09 12:40:00,1,afcs_144,2,144
379283,379283,379285,379429,2023-08-09 22:55:00,2023-08-09 22:55:00,2023-08-09 23:05:00,2023-08-10 11:05:00,1,afcs_144,2,144
379860,379860,379862,380006,2023-08-11 23:00:00,2023-08-11 23:00:00,2023-08-11 23:10:00,2023-08-12 11:10:00,-1,afcs_144,2,144
381042,381042,381044,381188,2023-08-16 01:30:00,2023-08-16 01:30:00,2023-08-16 01:40:00,2023-08-16 13:40:00,-1,afcs_144,2,144
384776,384776,384778,384922,2023-08-29 00:40:00,2023-08-29 00:40:00,2023-08-29 00:50:00,2023-08-29 12:50:00,1,afcs_144,2,144
385181,385181,385183,385327,2023-08-30 10:25:00,2023-08-30 10:25:00,2023-08-30 10:35:00,2023-08-30 22:35:00,1,afcs_144,2,144
385618,385618,385620,385764,2023-08-31 22:50:00,2023-08-31 22:50:00,2023-08-31 23:00:00,2023-09-01 11:00:00,1,afcs_144,2,144
386096,386096,386098,386242,2023-09-02 14:40:00,2023-09-02 14:40:00,2023-09-02 14:50:00,2023-09-03 02:50:00,1,afcs_144,2,144
386286,386286,386288,386432,2023-09-03 06:30:00,2023-09-03 06:30:00,2023-09-03 06:40:00,2023-09-03 18:40:00,1,afcs_144,2,144
386506,386506,386508,386652,2023-09-04 00:50:00,2023-09-04 00:50:00,2023-09-04 01:00:00,2023-09-04 13:00:00,-1,afcs_144,2,144
386929,386929,386931,387075,2023-09-05 12:05:00,2023-09-05 12:05:00,2023-09-05 12:15:00,2023-09-06 00:15:00,-1,afcs_144,2,144
387696,387696,387698,387842,2023-09-08 04:00:00,2023-09-08 04:00:00,2023-09-08 04:10:00,2023-09-08 16:10:00,1,afcs_144,2,144
388385,388385,388387,388531,2023-09-10 13:25:00,2023-09-10 13:25:00,2023-09-10 13:35:00,2023-09-11 01:35:00,1,afcs_144,2,144
390231,390231,390233,390377,2023-09-16 23:15:00,2023-09-16 23:15:00,2023-09-16 23:25:00,2023-09-17 11:25:00,-1,afcs_144,2,144
390526,390526,390528,390672,2023-09-17 23:50:00,2023-09-17 23:50:00,2023-09-18 00:00:00,2023-09-18 12:00:00,1,afcs_144,2,144
394350,394350,394352,394496,2023-10-01 06:30:00,2023-10-01 06:30:00,2023-10-01 06:40:00,2023-10-01 18:40:00,1,afcs_144,2,144
396337,396337,396339,396483,2023-10-08 04:05:00,2023-10-08 04:05:00,2023-10-08 04:15:00,2023-10-08 16:15:00,-1,afcs_144,2,144
396836,396836,396838,396982,2023-10-09 21:40:00,2023-10-09 21:40:00,2023-10-09 21:50:00,2023-10-10 09:50:00,1,afcs_144,2,144
398222,398222,398224,398368,2023-10-14 17:10:00,2023-10-14 17:10:00,2023-10-14 17:20:00,2023-10-15 05:20:00,-1,afcs_144,2,144
398436,398436,398438,398582,2023-10-15 11:00:00,2023-10-15 11:00:00,2023-10-15 11:10:00,2023-10-15 23:10:00,-1,afcs_144,2,144
398600,398600,398602,398746,2023-10-16 00:40:00,2023-10-16 00:40:00,2023-10-16 00:50:00,2023-10-16 12:50:00,-1,afcs_144,2,144
399516,399516,399518,399662,2023-10-19 05:00:00,2023-10-19 05:00:00,2023-10-19 05:10:00,2023-10-19 17:10:00,1,afcs_144,2,144
400074,400074,400076,400220,2023-10-21 03:30:00,2023-10-21 03:30:00,2023-10-21 03:40:00,2023-10-21 15:40:00,1,afcs_144,2,144
400583,400583,400585,400729,2023-10-22 21:55:00,2023-10-22 21:55:00,2023-10-22 22:05:00,2023-10-23 10:05:00,-1,afcs_144,2,144
404625,404625,404627,404771,2023-11-05 22:45:00,2023-11-05 22:45:00,2023-11-05 22:55:00,2023-11-06 10:55:00,1,afcs_144,2,144
405043,405043,405045,405189,2023-11-07 09:35:00,2023-11-07 09:35:00,2023-11-07 09:45:00,2023-11-07 21:45:00,-1,afcs_144,2,144
406437,406437,406439,406583,2023-11-12 05:45:00,2023-11-12 05:45:00,2023-11-12 05:55:00,2023-11-12 17:55:00,1,afcs_144,2,144
408362,408362,408364,408508,2023-11-18 22:10:00,2023-11-18 22:10:00,2023-11-18 22:20:00,2023-11-19 10:20:00,-1,afcs_144,2,144
410548,410548,410550,410694,2023-11-26 12:20:00,2023-11-26 12:20:00,2023-11-26 12:30:00,2023-11-27 00:30:00,-1,afcs_144,2,144
411595,411595,411597,411741,2023-11-30 03:35:00,2023-11-30 03:35:00,2023-11-30 03:45:00,2023-11-30 15:45:00,1,afcs_144,2,144
414157,414157,414159,414303,2023-12-09 01:05:00,2023-12-09 01:05:00,2023-12-09 01:15:00,2023-12-09 13:15:00,-1,afcs_144,2,144
414546,414546,414548,414692,2023-12-10 09:30:00,2023-12-10 09:30:00,2023-12-10 09:40:00,2023-12-10 21:40:00,-1,afcs_144,2,144
414710,414710,414712,414856,2023-12-10 23:10:00,2023-12-10 23:10:00,2023-12-10 23:20:00,2023-12-11 11:20:00,-1,afcs_144,2,144
416346,416346,416348,416492,2023-12-16 15:30:00,2023-12-16 15:30:00,2023-12-16 15:40:00,2023-12-17 03:40:00,1,afcs_144,2,144
416713,416713,416715,416859,2023-12-17 22:05:00,2023-12-17 22:05:00,2023-12-17 22:15:00,2023-12-18 10:15:00,-1,afcs_144,2,144
417078,417078,417080,417224,2023-12-19 04:30:00,2023-12-19 04:30:00,2023-12-19 04:40:00,2023-12-19 16:40:00,-1,afcs_144,2,144
417394,417394,417396,417540,2023-12-20 06:50:00,2023-12-20 06:50:00,2023-12-20 07:00:00,2023-12-20 19:00:00,1,afcs_144,2,144
419969,419969,419971,420115,2023-12-29 05:25:00,2023-12-29 05:25:00,2023-12-29 05:35:00,2023-12-29 17:35:00,-1,afcs_144,2,144
420324,420324,420326,420470,2023-12-30 11:00:00,2023-12-30 11:00:00,2023-12-30 11:10:00,2023-12-30 23:10:00,1,afcs_144,2,144
420588,420588,420590,420734,2023-12-31 09:00:00,2023-12-31 09:00:00,2023-12-31 09:10:00,2023-12-31 21:10:00,1,afcs_144,2,144
