signal_position,entry_position,exit_position,signal_date,entry_date,exit_date,side,branch,hold_bars
17275,17276,17300,2020-02-29 23:35:00,2020-02-29 23:40:00,2020-03-01 01:40:00,-1,clasp24,24
17729,17730,17754,2020-03-02 13:25:00,2020-03-02 13:30:00,2020-03-02 15:30:00,-1,clasp24,24
17845,17846,17870,2020-03-02 23:05:00,2020-03-02 23:10:00,2020-03-03 01:10:00,1,clasp24,24
21362,21363,21387,2020-03-15 04:10:00,2020-03-15 04:15:00,2020-03-15 06:15:00,1,clasp24,24
21481,21482,21506,2020-03-15 14:05:00,2020-03-15 14:10:00,2020-03-15 16:10:00,-1,clasp24,24
21518,21519,21543,2020-03-15 17:10:00,2020-03-15 17:15:00,2020-03-15 19:15:00,1,clasp24,24
22541,22542,22566,2020-03-19 06:25:00,2020-03-19 06:30:00,2020-03-19 08:30:00,1,clasp24,24
23214,23215,23239,2020-03-21 14:30:00,2020-03-21 14:35:00,2020-03-21 16:35:00,-1,clasp24,24
23774,23775,23799,2020-03-23 13:10:00,2020-03-23 13:15:00,2020-03-23 15:15:00,-1,clasp24,24
23916,23917,23941,2020-03-24 01:00:00,2020-03-24 01:05:00,2020-03-24 03:05:00,1,clasp24,24
24729,24730,24754,2020-03-26 20:45:00,2020-03-26 20:50:00,2020-03-26 22:50:00,1,clasp24,24
24817,24818,24842,2020-03-27 04:05:00,2020-03-27 04:10:00,2020-03-27 06:10:00,-1,clasp24,24
25069,25070,25094,2020-03-28 01:05:00,2020-03-28 01:10:00,2020-03-28 03:10:00,-1,clasp24,24
26272,26273,26297,2020-04-01 05:20:00,2020-04-01 05:25:00,2020-04-01 07:25:00,1,clasp24,24
26303,26304,26328,2020-04-01 07:55:00,2020-04-01 08:00:00,2020-04-01 10:00:00,1,clasp24,24
27047,27048,27072,2020-04-03 21:55:00,2020-04-03 22:00:00,2020-04-04 00:00:00,1,clasp24,24
27224,27225,27249,2020-04-04 12:40:00,2020-04-04 12:45:00,2020-04-04 14:45:00,-1,clasp24,24
30224,30225,30249,2020-04-14 22:40:00,2020-04-14 22:45:00,2020-04-15 00:45:00,-1,clasp24,24
31613,31614,31638,2020-04-19 18:25:00,2020-04-19 18:30:00,2020-04-19 20:30:00,1,clasp24,24
33726,33727,33751,2020-04-27 02:30:00,2020-04-27 02:35:00,2020-04-27 04:35:00,1,clasp24,24
34847,34848,34872,2020-04-30 23:55:00,2020-05-01 00:00:00,2020-05-01 02:00:00,1,clasp24,24
36098,36099,36123,2020-05-05 08:10:00,2020-05-05 08:15:00,2020-05-05 10:15:00,-1,clasp24,24
37140,37141,37165,2020-05-08 23:00:00,2020-05-08 23:05:00,2020-05-09 01:05:00,1,clasp24,24
39574,39575,39599,2020-05-17 09:50:00,2020-05-17 09:55:00,2020-05-17 11:55:00,-1,clasp24,24
44159,44160,44184,2020-06-02 07:55:00,2020-06-02 08:00:00,2020-06-02 10:00:00,-1,clasp24,24
44287,44288,44312,2020-06-02 18:35:00,2020-06-02 18:40:00,2020-06-02 20:40:00,1,clasp24,24
45281,45282,45306,2020-06-06 05:25:00,2020-06-06 05:30:00,2020-06-06 07:30:00,1,clasp24,24
45511,45512,45536,2020-06-07 00:35:00,2020-06-07 00:40:00,2020-06-07 02:40:00,-1,clasp24,24
46317,46318,46342,2020-06-09 19:45:00,2020-06-09 19:50:00,2020-06-09 21:50:00,-1,clasp24,24
46537,46538,46562,2020-06-10 14:05:00,2020-06-10 14:10:00,2020-06-10 16:10:00,-1,clasp24,24
46960,46961,46985,2020-06-12 01:20:00,2020-06-12 01:25:00,2020-06-12 03:25:00,-1,clasp24,24
47101,47102,47126,2020-06-12 13:05:00,2020-06-12 13:10:00,2020-06-12 15:10:00,-1,clasp24,24
47786,47787,47811,2020-06-14 22:10:00,2020-06-14 22:15:00,2020-06-15 00:15:00,-1,clasp24,24
48154,48155,48179,2020-06-16 04:50:00,2020-06-16 04:55:00,2020-06-16 06:55:00,1,clasp24,24
48524,48525,48549,2020-06-17 11:40:00,2020-06-17 11:45:00,2020-06-17 13:45:00,-1,clasp24,24
48820,48821,48845,2020-06-18 12:20:00,2020-06-18 12:25:00,2020-06-18 14:25:00,1,clasp24,24
48880,48881,48905,2020-06-18 17:20:00,2020-06-18 17:25:00,2020-06-18 19:25:00,1,clasp24,24
49801,49802,49826,2020-06-21 22:05:00,2020-06-21 22:10:00,2020-06-22 00:10:00,-1,clasp24,24
49915,49916,49940,2020-06-22 07:35:00,2020-06-22 07:40:00,2020-06-22 09:40:00,-1,clasp24,24
50030,50031,50055,2020-06-22 17:10:00,2020-06-22 17:15:00,2020-06-22 19:15:00,1,clasp24,24
50642,50643,50667,2020-06-24 20:10:00,2020-06-24 20:15:00,2020-06-24 22:15:00,1,clasp24,24
50719,50720,50744,2020-06-25 02:35:00,2020-06-25 02:40:00,2020-06-25 04:40:00,1,clasp24,24
51238,51239,51263,2020-06-26 21:50:00,2020-06-26 21:55:00,2020-06-26 23:55:00,-1,clasp24,24
52723,52724,52748,2020-07-02 01:35:00,2020-07-02 01:40:00,2020-07-02 03:40:00,1,clasp24,24
52775,52776,52800,2020-07-02 05:55:00,2020-07-02 06:00:00,2020-07-02 08:00:00,-1,clasp24,24
54619,54620,54644,2020-07-08 15:35:00,2020-07-08 15:40:00,2020-07-08 17:40:00,-1,clasp24,24
55132,55133,55157,2020-07-10 10:20:00,2020-07-10 10:25:00,2020-07-10 12:25:00,-1,clasp24,24
55194,55195,55219,2020-07-10 15:30:00,2020-07-10 15:35:00,2020-07-10 17:35:00,-1,clasp24,24
56943,56944,56968,2020-07-16 17:15:00,2020-07-16 17:20:00,2020-07-16 19:20:00,1,clasp24,24
58205,58206,58230,2020-07-21 02:25:00,2020-07-21 02:30:00,2020-07-21 04:30:00,-1,clasp24,24
58321,58322,58346,2020-07-21 12:05:00,2020-07-21 12:10:00,2020-07-21 14:10:00,-1,clasp24,24
58374,58375,58399,2020-07-21 16:30:00,2020-07-21 16:35:00,2020-07-21 18:35:00,-1,clasp24,24
58500,58501,58525,2020-07-22 03:00:00,2020-07-22 03:05:00,2020-07-22 05:05:00,-1,clasp24,24
58632,58633,58657,2020-07-22 14:00:00,2020-07-22 14:05:00,2020-07-22 16:05:00,-1,clasp24,24
59706,59707,59731,2020-07-26 07:30:00,2020-07-26 07:35:00,2020-07-26 09:35:00,1,clasp24,24
62233,62234,62258,2020-08-04 02:05:00,2020-08-04 02:10:00,2020-08-04 04:10:00,1,clasp24,24
62815,62816,62840,2020-08-06 02:35:00,2020-08-06 02:40:00,2020-08-06 04:40:00,1,clasp24,24
63116,63117,63141,2020-08-07 03:40:00,2020-08-07 03:45:00,2020-08-07 05:45:00,-1,clasp24,24
63150,63151,63175,2020-08-07 06:30:00,2020-08-07 06:35:00,2020-08-07 08:35:00,-1,clasp24,24
63432,63433,63457,2020-08-08 06:00:00,2020-08-08 06:05:00,2020-08-08 08:05:00,-1,clasp24,24
63695,63696,63720,2020-08-09 03:55:00,2020-08-09 04:00:00,2020-08-09 06:00:00,-1,clasp24,24
65849,65850,65874,2020-08-16 15:25:00,2020-08-16 15:30:00,2020-08-16 17:30:00,1,clasp24,24
66498,66499,66523,2020-08-18 21:30:00,2020-08-18 21:35:00,2020-08-18 23:35:00,1,clasp24,24
66997,66998,67022,2020-08-20 15:05:00,2020-08-20 15:10:00,2020-08-20 17:10:00,-1,clasp24,24
67106,67107,67131,2020-08-21 00:10:00,2020-08-21 00:15:00,2020-08-21 02:15:00,-1,clasp24,24
67287,67288,67312,2020-08-21 15:15:00,2020-08-21 15:20:00,2020-08-21 17:20:00,1,clasp24,24
67428,67429,67453,2020-08-22 03:00:00,2020-08-22 03:05:00,2020-08-22 05:05:00,1,clasp24,24
67758,67759,67783,2020-08-23 06:30:00,2020-08-23 06:35:00,2020-08-23 08:35:00,-1,clasp24,24
67942,67943,67967,2020-08-23 21:50:00,2020-08-23 21:55:00,2020-08-23 23:55:00,-1,clasp24,24
68033,68034,68058,2020-08-24 05:25:00,2020-08-24 05:30:00,2020-08-24 07:30:00,1,clasp24,24
68063,68064,68088,2020-08-24 07:55:00,2020-08-24 08:00:00,2020-08-24 10:00:00,1,clasp24,24
68228,68229,68253,2020-08-24 21:40:00,2020-08-24 21:45:00,2020-08-24 23:45:00,-1,clasp24,24
69178,69179,69203,2020-08-28 04:50:00,2020-08-28 04:55:00,2020-08-28 06:55:00,-1,clasp24,24
69242,69243,69267,2020-08-28 10:10:00,2020-08-28 10:15:00,2020-08-28 12:15:00,1,clasp24,24
69428,69429,69453,2020-08-29 01:40:00,2020-08-29 01:45:00,2020-08-29 03:45:00,-1,clasp24,24
70087,70088,70112,2020-08-31 08:35:00,2020-08-31 08:40:00,2020-08-31 10:40:00,1,clasp24,24
70113,70114,70138,2020-08-31 10:45:00,2020-08-31 10:50:00,2020-08-31 12:50:00,-1,clasp24,24
70557,70558,70582,2020-09-01 23:45:00,2020-09-01 23:50:00,2020-09-02 01:50:00,-1,clasp24,24
71875,71876,71900,2020-09-06 13:35:00,2020-09-06 13:40:00,2020-09-06 15:40:00,-1,clasp24,24
72317,72318,72342,2020-09-08 02:25:00,2020-09-08 02:30:00,2020-09-08 04:30:00,1,clasp24,24
73308,73309,73333,2020-09-11 13:00:00,2020-09-11 13:05:00,2020-09-11 15:05:00,-1,clasp24,24
73368,73369,73393,2020-09-11 18:00:00,2020-09-11 18:05:00,2020-09-11 20:05:00,1,clasp24,24
74827,74828,74852,2020-09-16 19:35:00,2020-09-16 19:40:00,2020-09-16 21:40:00,-1,clasp24,24
75212,75213,75237,2020-09-18 03:40:00,2020-09-18 03:45:00,2020-09-18 05:45:00,1,clasp24,24
75709,75710,75734,2020-09-19 21:05:00,2020-09-19 21:10:00,2020-09-19 23:10:00,-1,clasp24,24
77192,77193,77217,2020-09-25 00:40:00,2020-09-25 00:45:00,2020-09-25 02:45:00,1,clasp24,24
77262,77263,77287,2020-09-25 06:30:00,2020-09-25 06:35:00,2020-09-25 08:35:00,-1,clasp24,24
77614,77615,77639,2020-09-26 11:50:00,2020-09-26 11:55:00,2020-09-26 13:55:00,1,clasp24,24
78840,78841,78865,2020-09-30 18:00:00,2020-09-30 18:05:00,2020-09-30 20:05:00,-1,clasp24,24
79226,79227,79251,2020-10-02 02:10:00,2020-10-02 02:15:00,2020-10-02 04:15:00,1,clasp24,24
79504,79505,79529,2020-10-03 01:20:00,2020-10-03 01:25:00,2020-10-03 03:25:00,-1,clasp24,24
79592,79593,79617,2020-10-03 08:40:00,2020-10-03 08:45:00,2020-10-03 10:45:00,-1,clasp24,24
80188,80189,80213,2020-10-05 10:20:00,2020-10-05 10:25:00,2020-10-05 12:25:00,-1,clasp24,24
80635,80636,80660,2020-10-06 23:35:00,2020-10-06 23:40:00,2020-10-07 01:40:00,-1,clasp24,24
80949,80950,80974,2020-10-08 01:45:00,2020-10-08 01:50:00,2020-10-08 03:50:00,-1,clasp24,24
81667,81668,81692,2020-10-10 13:35:00,2020-10-10 13:40:00,2020-10-10 15:40:00,1,clasp24,24
81833,81834,81858,2020-10-11 03:25:00,2020-10-11 03:30:00,2020-10-11 05:30:00,-1,clasp24,24
82767,82768,82792,2020-10-14 09:15:00,2020-10-14 09:20:00,2020-10-14 11:20:00,1,clasp24,24
82883,82884,82908,2020-10-14 18:55:00,2020-10-14 19:00:00,2020-10-14 21:00:00,-1,clasp24,24
82996,82997,83021,2020-10-15 04:20:00,2020-10-15 04:25:00,2020-10-15 06:25:00,1,clasp24,24
83021,83022,83046,2020-10-15 06:25:00,2020-10-15 06:30:00,2020-10-15 08:30:00,-1,clasp24,24
83161,83162,83186,2020-10-15 18:05:00,2020-10-15 18:10:00,2020-10-15 20:10:00,1,clasp24,24
83906,83907,83931,2020-10-18 08:10:00,2020-10-18 08:15:00,2020-10-18 10:15:00,-1,clasp24,24
84019,84020,84044,2020-10-18 17:35:00,2020-10-18 17:40:00,2020-10-18 19:40:00,-1,clasp24,24
84090,84091,84115,2020-10-18 23:30:00,2020-10-18 23:35:00,2020-10-19 01:35:00,-1,clasp24,24
84632,84633,84657,2020-10-20 20:40:00,2020-10-20 20:45:00,2020-10-20 22:45:00,1,clasp24,24
88613,88614,88638,2020-11-03 16:25:00,2020-11-03 16:30:00,2020-11-03 18:30:00,-1,clasp24,24
88670,88671,88695,2020-11-03 21:10:00,2020-11-03 21:15:00,2020-11-03 23:15:00,1,clasp24,24
89381,89382,89406,2020-11-06 08:25:00,2020-11-06 08:30:00,2020-11-06 10:30:00,-1,clasp24,24
90753,90754,90778,2020-11-11 02:45:00,2020-11-11 02:50:00,2020-11-11 04:50:00,-1,clasp24,24
91627,91628,91652,2020-11-14 03:35:00,2020-11-14 03:40:00,2020-11-14 05:40:00,-1,clasp24,24
93245,93246,93270,2020-11-19 18:25:00,2020-11-19 18:30:00,2020-11-19 20:30:00,-1,clasp24,24
93761,93762,93786,2020-11-21 13:25:00,2020-11-21 13:30:00,2020-11-21 15:30:00,1,clasp24,24
93951,93952,93976,2020-11-22 05:15:00,2020-11-22 05:20:00,2020-11-22 07:20:00,1,clasp24,24
94438,94439,94463,2020-11-23 21:50:00,2020-11-23 21:55:00,2020-11-23 23:55:00,-1,clasp24,24
94670,94671,94695,2020-11-24 17:10:00,2020-11-24 17:15:00,2020-11-24 19:15:00,-1,clasp24,24
97734,97735,97759,2020-12-05 08:30:00,2020-12-05 08:35:00,2020-12-05 10:35:00,-1,clasp24,24
98756,98757,98781,2020-12-08 21:40:00,2020-12-08 21:45:00,2020-12-08 23:45:00,-1,clasp24,24
98833,98834,98858,2020-12-09 04:05:00,2020-12-09 04:10:00,2020-12-09 06:10:00,-1,clasp24,24
99041,99042,99066,2020-12-09 21:25:00,2020-12-09 21:30:00,2020-12-09 23:30:00,-1,clasp24,24
99200,99201,99225,2020-12-10 10:40:00,2020-12-10 10:45:00,2020-12-10 12:45:00,-1,clasp24,24
99462,99463,99487,2020-12-11 08:30:00,2020-12-11 08:35:00,2020-12-11 10:35:00,-1,clasp24,24
99990,99991,100015,2020-12-13 04:30:00,2020-12-13 04:35:00,2020-12-13 06:35:00,1,clasp24,24
100052,100053,100077,2020-12-13 09:40:00,2020-12-13 09:45:00,2020-12-13 11:45:00,1,clasp24,24
100833,100834,100858,2020-12-16 02:45:00,2020-12-16 02:50:00,2020-12-16 04:50:00,1,clasp24,24
101742,101743,101767,2020-12-19 06:30:00,2020-12-19 06:35:00,2020-12-19 08:35:00,1,clasp24,24
101791,101792,101816,2020-12-19 10:35:00,2020-12-19 10:40:00,2020-12-19 12:40:00,-1,clasp24,24
103199,103200,103224,2020-12-24 07:55:00,2020-12-24 08:00:00,2020-12-24 10:00:00,-1,clasp24,24
103278,103279,103303,2020-12-24 14:30:00,2020-12-24 14:35:00,2020-12-24 16:35:00,-1,clasp24,24
103344,103345,103369,2020-12-24 20:00:00,2020-12-24 20:05:00,2020-12-24 22:05:00,-1,clasp24,24
104035,104036,104060,2020-12-27 05:35:00,2020-12-27 05:40:00,2020-12-27 07:40:00,-1,clasp24,24
104136,104137,104161,2020-12-27 14:00:00,2020-12-27 14:05:00,2020-12-27 16:05:00,-1,clasp24,24
104486,104487,104511,2020-12-28 19:10:00,2020-12-28 19:15:00,2020-12-28 21:15:00,-1,clasp24,24
104874,104875,104899,2020-12-30 03:30:00,2020-12-30 03:35:00,2020-12-30 05:35:00,1,clasp24,24
105535,105536,105560,2021-01-01 10:35:00,2021-01-01 10:40:00,2021-01-01 12:40:00,1,clasp24,24
105833,105834,105858,2021-01-02 11:25:00,2021-01-02 11:30:00,2021-01-02 13:30:00,1,clasp24,24
107335,107336,107360,2021-01-07 16:35:00,2021-01-07 16:40:00,2021-01-07 18:40:00,1,clasp24,24
107376,107377,107401,2021-01-07 20:00:00,2021-01-07 20:05:00,2021-01-07 22:05:00,-1,clasp24,24
107486,107487,107511,2021-01-08 05:10:00,2021-01-08 05:15:00,2021-01-08 07:15:00,-1,clasp24,24
108420,108421,108445,2021-01-11 11:00:00,2021-01-11 11:05:00,2021-01-11 13:05:00,-1,clasp24,24
108448,108449,108473,2021-01-11 13:20:00,2021-01-11 13:25:00,2021-01-11 15:25:00,-1,clasp24,24
108983,108984,109008,2021-01-13 09:55:00,2021-01-13 10:00:00,2021-01-13 12:00:00,-1,clasp24,24
109455,109456,109480,2021-01-15 01:15:00,2021-01-15 01:20:00,2021-01-15 03:20:00,1,clasp24,24
110127,110128,110152,2021-01-17 09:15:00,2021-01-17 09:20:00,2021-01-17 11:20:00,1,clasp24,24
111480,111481,111505,2021-01-22 02:00:00,2021-01-22 02:05:00,2021-01-22 04:05:00,-1,clasp24,24
111648,111649,111673,2021-01-22 16:00:00,2021-01-22 16:05:00,2021-01-22 18:05:00,-1,clasp24,24
112040,112041,112065,2021-01-24 00:40:00,2021-01-24 00:45:00,2021-01-24 02:45:00,1,clasp24,24
112099,112100,112124,2021-01-24 05:35:00,2021-01-24 05:40:00,2021-01-24 07:40:00,1,clasp24,24
112240,112241,112265,2021-01-24 17:20:00,2021-01-24 17:25:00,2021-01-24 19:25:00,-1,clasp24,24
113439,113440,113464,2021-01-28 21:15:00,2021-01-28 21:20:00,2021-01-28 23:20:00,1,clasp24,24
113670,113671,113695,2021-01-29 16:30:00,2021-01-29 16:35:00,2021-01-29 18:35:00,-1,clasp24,24
113705,113706,113730,2021-01-29 19:25:00,2021-01-29 19:30:00,2021-01-29 21:30:00,-1,clasp24,24
114000,114001,114025,2021-01-30 20:00:00,2021-01-30 20:05:00,2021-01-30 22:05:00,1,clasp24,24
114190,114191,114215,2021-01-31 11:50:00,2021-01-31 11:55:00,2021-01-31 13:55:00,1,clasp24,24
114711,114712,114736,2021-02-02 07:15:00,2021-02-02 07:20:00,2021-02-02 09:20:00,-1,clasp24,24
115003,115004,115028,2021-02-03 07:35:00,2021-02-03 07:40:00,2021-02-03 09:40:00,-1,clasp24,24
115277,115278,115302,2021-02-04 06:25:00,2021-02-04 06:30:00,2021-02-04 08:30:00,1,clasp24,24
115974,115975,115999,2021-02-06 16:30:00,2021-02-06 16:35:00,2021-02-06 18:35:00,-1,clasp24,24
117586,117587,117611,2021-02-12 06:50:00,2021-02-12 06:55:00,2021-02-12 08:55:00,-1,clasp24,24
118953,118954,118978,2021-02-17 00:45:00,2021-02-17 00:50:00,2021-02-17 02:50:00,-1,clasp24,24
120556,120557,120581,2021-02-22 14:20:00,2021-02-22 14:25:00,2021-02-22 16:25:00,1,clasp24,24
120841,120842,120866,2021-02-23 14:05:00,2021-02-23 14:10:00,2021-02-23 16:10:00,1,clasp24,24
121642,121643,121667,2021-02-26 08:50:00,2021-02-26 08:55:00,2021-02-26 10:55:00,1,clasp24,24
122082,122083,122107,2021-02-27 21:30:00,2021-02-27 21:35:00,2021-02-27 23:35:00,-1,clasp24,24
122386,122387,122411,2021-02-28 22:50:00,2021-02-28 22:55:00,2021-03-01 00:55:00,-1,clasp24,24
122425,122426,122450,2021-03-01 02:05:00,2021-03-01 02:10:00,2021-03-01 04:10:00,1,clasp24,24
123652,123653,123677,2021-03-05 08:20:00,2021-03-05 08:25:00,2021-03-05 10:25:00,-1,clasp24,24
123984,123985,124009,2021-03-06 12:00:00,2021-03-06 12:05:00,2021-03-06 14:05:00,-1,clasp24,24
124222,124223,124247,2021-03-07 07:50:00,2021-03-07 07:55:00,2021-03-07 09:55:00,1,clasp24,24
124496,124497,124521,2021-03-08 06:40:00,2021-03-08 06:45:00,2021-03-08 08:45:00,1,clasp24,24
124523,124524,124548,2021-03-08 08:55:00,2021-03-08 09:00:00,2021-03-08 11:00:00,1,clasp24,24
125291,125292,125316,2021-03-11 00:55:00,2021-03-11 01:00:00,2021-03-11 03:00:00,-1,clasp24,24
125321,125322,125346,2021-03-11 03:25:00,2021-03-11 03:30:00,2021-03-11 05:30:00,1,clasp24,24
126214,126215,126239,2021-03-14 05:50:00,2021-03-14 05:55:00,2021-03-14 07:55:00,1,clasp24,24
126874,126875,126899,2021-03-16 12:50:00,2021-03-16 12:55:00,2021-03-16 14:55:00,1,clasp24,24
127395,127396,127420,2021-03-18 08:15:00,2021-03-18 08:20:00,2021-03-18 10:20:00,-1,clasp24,24
129473,129474,129498,2021-03-25 13:25:00,2021-03-25 13:30:00,2021-03-25 15:30:00,1,clasp24,24
132825,132826,132850,2021-04-06 04:45:00,2021-04-06 04:50:00,2021-04-06 06:50:00,1,clasp24,24
133199,133200,133224,2021-04-07 11:55:00,2021-04-07 12:00:00,2021-04-07 14:00:00,1,clasp24,24
134013,134014,134038,2021-04-10 07:45:00,2021-04-10 07:50:00,2021-04-10 09:50:00,1,clasp24,24
134767,134768,134792,2021-04-12 22:35:00,2021-04-12 22:40:00,2021-04-13 00:40:00,-1,clasp24,24
134794,134795,134819,2021-04-13 00:50:00,2021-04-13 00:55:00,2021-04-13 02:55:00,1,clasp24,24
135084,135085,135109,2021-04-14 01:00:00,2021-04-14 01:05:00,2021-04-14 03:05:00,1,clasp24,24
135676,135677,135701,2021-04-16 02:20:00,2021-04-16 02:25:00,2021-04-16 04:25:00,1,clasp24,24
135795,135796,135820,2021-04-16 12:15:00,2021-04-16 12:20:00,2021-04-16 14:20:00,1,clasp24,24
136064,136065,136089,2021-04-17 10:40:00,2021-04-17 10:45:00,2021-04-17 12:45:00,-1,clasp24,24
136360,136361,136385,2021-04-18 11:20:00,2021-04-18 11:25:00,2021-04-18 13:25:00,-1,clasp24,24
136719,136720,136744,2021-04-19 17:15:00,2021-04-19 17:20:00,2021-04-19 19:20:00,1,clasp24,24
137590,137591,137615,2021-04-22 17:50:00,2021-04-22 17:55:00,2021-04-22 19:55:00,-1,clasp24,24
137626,137627,137651,2021-04-22 20:50:00,2021-04-22 20:55:00,2021-04-22 22:55:00,-1,clasp24,24
137997,137998,138022,2021-04-24 03:45:00,2021-04-24 03:50:00,2021-04-24 05:50:00,-1,clasp24,24
138206,138207,138231,2021-04-24 21:10:00,2021-04-24 21:15:00,2021-04-24 23:15:00,-1,clasp24,24
138875,138876,138900,2021-04-27 04:55:00,2021-04-27 05:00:00,2021-04-27 07:00:00,1,clasp24,24
139130,139131,139155,2021-04-28 02:10:00,2021-04-28 02:15:00,2021-04-28 04:15:00,1,clasp24,24
139709,139710,139734,2021-04-30 02:25:00,2021-04-30 02:30:00,2021-04-30 04:30:00,-1,clasp24,24
140066,140067,140091,2021-05-01 08:10:00,2021-05-01 08:15:00,2021-05-01 10:15:00,-1,clasp24,24
140502,140503,140527,2021-05-02 20:30:00,2021-05-02 20:35:00,2021-05-02 22:35:00,-1,clasp24,24
141744,141745,141769,2021-05-07 04:00:00,2021-05-07 04:05:00,2021-05-07 06:05:00,-1,clasp24,24
142780,142781,142805,2021-05-10 18:20:00,2021-05-10 18:25:00,2021-05-10 20:25:00,-1,clasp24,24
143028,143029,143053,2021-05-11 15:00:00,2021-05-11 15:05:00,2021-05-11 17:05:00,-1,clasp24,24
143560,143561,143585,2021-05-13 11:20:00,2021-05-13 11:25:00,2021-05-13 13:25:00,-1,clasp24,24
143830,143831,143855,2021-05-14 09:50:00,2021-05-14 09:55:00,2021-05-14 11:55:00,-1,clasp24,24
144043,144044,144068,2021-05-15 03:35:00,2021-05-15 03:40:00,2021-05-15 05:40:00,1,clasp24,24
144482,144483,144507,2021-05-16 16:10:00,2021-05-16 16:15:00,2021-05-16 18:15:00,1,clasp24,24
144637,144638,144662,2021-05-17 05:05:00,2021-05-17 05:10:00,2021-05-17 07:10:00,-1,clasp24,24
144882,144883,144907,2021-05-18 01:30:00,2021-05-18 01:35:00,2021-05-18 03:35:00,-1,clasp24,24
145237,145238,145262,2021-05-19 07:05:00,2021-05-19 07:10:00,2021-05-19 09:10:00,-1,clasp24,24
145279,145280,145304,2021-05-19 10:35:00,2021-05-19 10:40:00,2021-05-19 12:40:00,-1,clasp24,24
145362,145363,145387,2021-05-19 17:30:00,2021-05-19 17:35:00,2021-05-19 19:35:00,-1,clasp24,24
145525,145526,145550,2021-05-20 07:05:00,2021-05-20 07:10:00,2021-05-20 09:10:00,-1,clasp24,24
145968,145969,145993,2021-05-21 20:00:00,2021-05-21 20:05:00,2021-05-21 22:05:00,-1,clasp24,24
146374,146375,146399,2021-05-23 05:50:00,2021-05-23 05:55:00,2021-05-23 07:55:00,1,clasp24,24
147287,147288,147312,2021-05-26 09:55:00,2021-05-26 10:00:00,2021-05-26 12:00:00,-1,clasp24,24
147615,147616,147640,2021-05-27 13:15:00,2021-05-27 13:20:00,2021-05-27 15:20:00,1,clasp24,24
149912,149913,149937,2021-06-04 12:40:00,2021-06-04 12:45:00,2021-06-04 14:45:00,1,clasp24,24
152083,152084,152108,2021-06-12 01:35:00,2021-06-12 01:40:00,2021-06-12 03:40:00,-1,clasp24,24
152480,152481,152505,2021-06-13 10:40:00,2021-06-13 10:45:00,2021-06-13 12:45:00,1,clasp24,24
153163,153164,153188,2021-06-15 19:35:00,2021-06-15 19:40:00,2021-06-15 21:40:00,1,clasp24,24
153856,153857,153881,2021-06-18 05:20:00,2021-06-18 05:25:00,2021-06-18 07:25:00,-1,clasp24,24
154732,154733,154757,2021-06-21 06:20:00,2021-06-21 06:25:00,2021-06-21 08:25:00,-1,clasp24,24
154781,154782,154806,2021-06-21 10:25:00,2021-06-21 10:30:00,2021-06-21 12:30:00,-1,clasp24,24
154817,154818,154842,2021-06-21 13:25:00,2021-06-21 13:30:00,2021-06-21 15:30:00,1,clasp24,24
155085,155086,155110,2021-06-22 11:45:00,2021-06-22 11:50:00,2021-06-22 13:50:00,1,clasp24,24
155329,155330,155354,2021-06-23 08:05:00,2021-06-23 08:10:00,2021-06-23 10:10:00,-1,clasp24,24
156275,156276,156300,2021-06-26 14:55:00,2021-06-26 15:00:00,2021-06-26 17:00:00,-1,clasp24,24
157898,157899,157923,2021-07-02 06:10:00,2021-07-02 06:15:00,2021-07-02 08:15:00,-1,clasp24,24
160095,160096,160120,2021-07-09 21:15:00,2021-07-09 21:20:00,2021-07-09 23:20:00,-1,clasp24,24
160836,160837,160861,2021-07-12 11:00:00,2021-07-12 11:05:00,2021-07-12 13:05:00,-1,clasp24,24
161118,161119,161143,2021-07-13 10:30:00,2021-07-13 10:35:00,2021-07-13 12:35:00,-1,clasp24,24
161848,161849,161873,2021-07-15 23:20:00,2021-07-15 23:25:00,2021-07-16 01:25:00,-1,clasp24,24
161994,161995,162019,2021-07-16 11:30:00,2021-07-16 11:35:00,2021-07-16 13:35:00,-1,clasp24,24
162252,162253,162277,2021-07-17 09:00:00,2021-07-17 09:05:00,2021-07-17 11:05:00,-1,clasp24,24
162401,162402,162426,2021-07-17 21:25:00,2021-07-17 21:30:00,2021-07-17 23:30:00,-1,clasp24,24
162649,162650,162674,2021-07-18 18:05:00,2021-07-18 18:10:00,2021-07-18 20:10:00,1,clasp24,24
162972,162973,162997,2021-07-19 21:00:00,2021-07-19 21:05:00,2021-07-19 23:05:00,1,clasp24,24
163147,163148,163172,2021-07-20 11:35:00,2021-07-20 11:40:00,2021-07-20 13:40:00,1,clasp24,24
163300,163301,163325,2021-07-21 00:20:00,2021-07-21 00:25:00,2021-07-21 02:25:00,-1,clasp24,24
164492,164493,164517,2021-07-25 03:40:00,2021-07-25 03:45:00,2021-07-25 05:45:00,-1,clasp24,24
164874,164875,164899,2021-07-26 11:30:00,2021-07-26 11:35:00,2021-07-26 13:35:00,-1,clasp24,24
164957,164958,164982,2021-07-26 18:25:00,2021-07-26 18:30:00,2021-07-26 20:30:00,1,clasp24,24
165564,165565,165589,2021-07-28 21:00:00,2021-07-28 21:05:00,2021-07-28 23:05:00,1,clasp24,24
165687,165688,165712,2021-07-29 07:15:00,2021-07-29 07:20:00,2021-07-29 09:20:00,-1,clasp24,24
166070,166071,166095,2021-07-30 15:10:00,2021-07-30 15:15:00,2021-07-30 17:15:00,1,clasp24,24
166125,166126,166150,2021-07-30 19:45:00,2021-07-30 19:50:00,2021-07-30 21:50:00,1,clasp24,24
167716,167717,167741,2021-08-05 08:20:00,2021-08-05 08:25:00,2021-08-05 10:25:00,-1,clasp24,24
169837,169838,169862,2021-08-12 17:05:00,2021-08-12 17:10:00,2021-08-12 19:10:00,1,clasp24,24
170637,170638,170662,2021-08-15 11:45:00,2021-08-15 11:50:00,2021-08-15 13:50:00,-1,clasp24,24
170678,170679,170703,2021-08-15 15:10:00,2021-08-15 15:15:00,2021-08-15 17:15:00,1,clasp24,24
171580,171581,171605,2021-08-18 18:20:00,2021-08-18 18:25:00,2021-08-18 20:25:00,1,clasp24,24
172636,172637,172661,2021-08-22 10:20:00,2021-08-22 10:25:00,2021-08-22 12:25:00,1,clasp24,24
173219,173220,173244,2021-08-24 10:55:00,2021-08-24 11:00:00,2021-08-24 13:00:00,-1,clasp24,24
174253,174254,174278,2021-08-28 01:05:00,2021-08-28 01:10:00,2021-08-28 03:10:00,-1,clasp24,24
175015,175016,175040,2021-08-30 16:35:00,2021-08-30 16:40:00,2021-08-30 18:40:00,1,clasp24,24
175992,175993,176017,2021-09-03 02:00:00,2021-09-03 02:05:00,2021-09-03 04:05:00,-1,clasp24,24
176183,176184,176208,2021-09-03 17:55:00,2021-09-03 18:00:00,2021-09-03 20:00:00,-1,clasp24,24
176716,176717,176741,2021-09-05 14:20:00,2021-09-05 14:25:00,2021-09-05 16:25:00,1,clasp24,24
176753,176754,176778,2021-09-05 17:25:00,2021-09-05 17:30:00,2021-09-05 19:30:00,1,clasp24,24
176777,176778,176802,2021-09-05 19:25:00,2021-09-05 19:30:00,2021-09-05 21:30:00,1,clasp24,24
177236,177237,177261,2021-09-07 09:40:00,2021-09-07 09:45:00,2021-09-07 11:45:00,-1,clasp24,24
177873,177874,177898,2021-09-09 14:45:00,2021-09-09 14:50:00,2021-09-09 16:50:00,-1,clasp24,24
178957,178958,178982,2021-09-13 09:05:00,2021-09-13 09:10:00,2021-09-13 11:10:00,1,clasp24,24
179591,179592,179616,2021-09-15 13:55:00,2021-09-15 14:00:00,2021-09-15 16:00:00,-1,clasp24,24
179656,179657,179681,2021-09-15 19:20:00,2021-09-15 19:25:00,2021-09-15 21:25:00,1,clasp24,24
179816,179817,179841,2021-09-16 08:40:00,2021-09-16 08:45:00,2021-09-16 10:45:00,1,clasp24,24
180267,180268,180292,2021-09-17 22:15:00,2021-09-17 22:20:00,2021-09-18 00:20:00,-1,clasp24,24
180668,180669,180693,2021-09-19 07:40:00,2021-09-19 07:45:00,2021-09-19 09:45:00,-1,clasp24,24
180968,180969,180993,2021-09-20 08:40:00,2021-09-20 08:45:00,2021-09-20 10:45:00,1,clasp24,24
181440,181441,181465,2021-09-22 00:00:00,2021-09-22 00:05:00,2021-09-22 02:05:00,1,clasp24,24
181565,181566,181590,2021-09-22 10:25:00,2021-09-22 10:30:00,2021-09-22 12:30:00,-1,clasp24,24
181695,181696,181720,2021-09-22 21:15:00,2021-09-22 21:20:00,2021-09-22 23:20:00,-1,clasp24,24
182099,182100,182124,2021-09-24 06:55:00,2021-09-24 07:00:00,2021-09-24 09:00:00,-1,clasp24,24
182881,182882,182906,2021-09-27 00:05:00,2021-09-27 00:10:00,2021-09-27 02:10:00,-1,clasp24,24
183041,183042,183066,2021-09-27 13:25:00,2021-09-27 13:30:00,2021-09-27 15:30:00,1,clasp24,24
183275,183276,183300,2021-09-28 08:55:00,2021-09-28 09:00:00,2021-09-28 11:00:00,1,clasp24,24
184194,184195,184219,2021-10-01 13:30:00,2021-10-01 13:35:00,2021-10-01 15:35:00,-1,clasp24,24
184468,184469,184493,2021-10-02 12:20:00,2021-10-02 12:25:00,2021-10-02 14:25:00,1,clasp24,24
184783,184784,184808,2021-10-03 14:35:00,2021-10-03 14:40:00,2021-10-03 16:40:00,1,clasp24,24
185055,185056,185080,2021-10-04 13:15:00,2021-10-04 13:20:00,2021-10-04 15:20:00,-1,clasp24,24
185280,185281,185305,2021-10-05 08:00:00,2021-10-05 08:05:00,2021-10-05 10:05:00,-1,clasp24,24
186131,186132,186156,2021-10-08 06:55:00,2021-10-08 07:00:00,2021-10-08 09:00:00,-1,clasp24,24
186615,186616,186640,2021-10-09 23:15:00,2021-10-09 23:20:00,2021-10-10 01:20:00,1,clasp24,24
187012,187013,187037,2021-10-11 08:20:00,2021-10-11 08:25:00,2021-10-11 10:25:00,-1,clasp24,24
187210,187211,187235,2021-10-12 00:50:00,2021-10-12 00:55:00,2021-10-12 02:55:00,1,clasp24,24
188070,188071,188095,2021-10-15 00:30:00,2021-10-15 00:35:00,2021-10-15 02:35:00,-1,clasp24,24
188097,188098,188122,2021-10-15 02:45:00,2021-10-15 02:50:00,2021-10-15 04:50:00,1,clasp24,24
189138,189139,189163,2021-10-18 17:30:00,2021-10-18 17:35:00,2021-10-18 19:35:00,1,clasp24,24
189742,189743,189767,2021-10-20 19:50:00,2021-10-20 19:55:00,2021-10-20 21:55:00,1,clasp24,24
191554,191555,191579,2021-10-27 02:50:00,2021-10-27 02:55:00,2021-10-27 04:55:00,-1,clasp24,24
192015,192016,192040,2021-10-28 17:15:00,2021-10-28 17:20:00,2021-10-28 19:20:00,-1,clasp24,24
192977,192978,193002,2021-11-01 01:25:00,2021-11-01 01:30:00,2021-11-01 03:30:00,-1,clasp24,24
193079,193080,193104,2021-11-01 09:55:00,2021-11-01 10:00:00,2021-11-01 12:00:00,-1,clasp24,24
194074,194075,194099,2021-11-04 20:50:00,2021-11-04 20:55:00,2021-11-04 22:55:00,1,clasp24,24
194323,194324,194348,2021-11-05 17:35:00,2021-11-05 17:40:00,2021-11-05 19:40:00,-1,clasp24,24
195531,195532,195556,2021-11-09 22:15:00,2021-11-09 22:20:00,2021-11-10 00:20:00,-1,clasp24,24
196032,196033,196057,2021-11-11 16:00:00,2021-11-11 16:05:00,2021-11-11 18:05:00,-1,clasp24,24
196120,196121,196145,2021-11-11 23:20:00,2021-11-11 23:25:00,2021-11-12 01:25:00,1,clasp24,24
196996,196997,197021,2021-11-15 00:20:00,2021-11-15 00:25:00,2021-11-15 02:25:00,1,clasp24,24
197345,197346,197370,2021-11-16 05:25:00,2021-11-16 05:30:00,2021-11-16 07:30:00,1,clasp24,24
197577,197578,197602,2021-11-17 00:45:00,2021-11-17 00:50:00,2021-11-17 02:50:00,-1,clasp24,24
197914,197915,197939,2021-11-18 04:50:00,2021-11-18 04:55:00,2021-11-18 06:55:00,-1,clasp24,24
199272,199273,199297,2021-11-22 22:00:00,2021-11-22 22:05:00,2021-11-23 00:05:00,1,clasp24,24
199382,199383,199407,2021-11-23 07:10:00,2021-11-23 07:15:00,2021-11-23 09:15:00,-1,clasp24,24
200410,200411,200435,2021-11-26 20:50:00,2021-11-26 20:55:00,2021-11-26 22:55:00,1,clasp24,24
201239,201240,201264,2021-11-29 17:55:00,2021-11-29 18:00:00,2021-11-29 20:00:00,1,clasp24,24
202546,202547,202571,2021-12-04 06:50:00,2021-12-04 06:55:00,2021-12-04 08:55:00,-1,clasp24,24
203127,203128,203152,2021-12-06 07:15:00,2021-12-06 07:20:00,2021-12-06 09:20:00,-1,clasp24,24
203925,203926,203950,2021-12-09 01:45:00,2021-12-09 01:50:00,2021-12-09 03:50:00,1,clasp24,24
205422,205423,205447,2021-12-14 06:30:00,2021-12-14 06:35:00,2021-12-14 08:35:00,1,clasp24,24
205632,205633,205657,2021-12-15 00:00:00,2021-12-15 00:05:00,2021-12-15 02:05:00,-1,clasp24,24
206211,206212,206236,2021-12-17 00:15:00,2021-12-17 00:20:00,2021-12-17 02:20:00,-1,clasp24,24
206749,206750,206774,2021-12-18 21:05:00,2021-12-18 21:10:00,2021-12-18 23:10:00,-1,clasp24,24
206807,206808,206832,2021-12-19 01:55:00,2021-12-19 02:00:00,2021-12-19 04:00:00,1,clasp24,24
206859,206860,206884,2021-12-19 06:15:00,2021-12-19 06:20:00,2021-12-19 08:20:00,-1,clasp24,24
207020,207021,207045,2021-12-19 19:40:00,2021-12-19 19:45:00,2021-12-19 21:45:00,-1,clasp24,24
207426,207427,207451,2021-12-21 05:30:00,2021-12-21 05:35:00,2021-12-21 07:35:00,-1,clasp24,24
207895,207896,207920,2021-12-22 20:35:00,2021-12-22 20:40:00,2021-12-22 22:40:00,1,clasp24,24
209210,209211,209235,2021-12-27 10:10:00,2021-12-27 10:15:00,2021-12-27 12:15:00,-1,clasp24,24
209701,209702,209726,2021-12-29 03:05:00,2021-12-29 03:10:00,2021-12-29 05:10:00,1,clasp24,24
211615,211616,211640,2022-01-04 18:35:00,2022-01-04 18:40:00,2022-01-04 20:40:00,-1,clasp24,24
213155,213156,213180,2022-01-10 02:55:00,2022-01-10 03:00:00,2022-01-10 05:00:00,-1,clasp24,24
213289,213290,213314,2022-01-10 14:05:00,2022-01-10 14:10:00,2022-01-10 16:10:00,-1,clasp24,24
214056,214057,214081,2022-01-13 06:00:00,2022-01-13 06:05:00,2022-01-13 08:05:00,1,clasp24,24
214158,214159,214183,2022-01-13 14:30:00,2022-01-13 14:35:00,2022-01-13 16:35:00,1,clasp24,24
214304,214305,214329,2022-01-14 02:40:00,2022-01-14 02:45:00,2022-01-14 04:45:00,1,clasp24,24
214623,214624,214648,2022-01-15 05:15:00,2022-01-15 05:20:00,2022-01-15 07:20:00,-1,clasp24,24
215808,215809,215833,2022-01-19 08:00:00,2022-01-19 08:05:00,2022-01-19 10:05:00,-1,clasp24,24
216643,216644,216668,2022-01-22 05:35:00,2022-01-22 05:40:00,2022-01-22 07:40:00,-1,clasp24,24
216759,216760,216784,2022-01-22 15:15:00,2022-01-22 15:20:00,2022-01-22 17:20:00,-1,clasp24,24
216796,216797,216821,2022-01-22 18:20:00,2022-01-22 18:25:00,2022-01-22 20:25:00,-1,clasp24,24
217346,217347,217371,2022-01-24 16:10:00,2022-01-24 16:15:00,2022-01-24 18:15:00,1,clasp24,24
217389,217390,217414,2022-01-24 19:45:00,2022-01-24 19:50:00,2022-01-24 21:50:00,1,clasp24,24
217532,217533,217557,2022-01-25 07:40:00,2022-01-25 07:45:00,2022-01-25 09:45:00,1,clasp24,24
217585,217586,217610,2022-01-25 12:05:00,2022-01-25 12:10:00,2022-01-25 14:10:00,-1,clasp24,24
218415,218416,218440,2022-01-28 09:15:00,2022-01-28 09:20:00,2022-01-28 11:20:00,1,clasp24,24
218447,218448,218472,2022-01-28 11:55:00,2022-01-28 12:00:00,2022-01-28 14:00:00,1,clasp24,24
218622,218623,218647,2022-01-29 02:30:00,2022-01-29 02:35:00,2022-01-29 04:35:00,-1,clasp24,24
218867,218868,218892,2022-01-29 22:55:00,2022-01-29 23:00:00,2022-01-30 01:00:00,1,clasp24,24
219214,219215,219239,2022-01-31 03:50:00,2022-01-31 03:55:00,2022-01-31 05:55:00,-1,clasp24,24
219474,219475,219499,2022-02-01 01:30:00,2022-02-01 01:35:00,2022-02-01 03:35:00,-1,clasp24,24
220094,220095,220119,2022-02-03 05:10:00,2022-02-03 05:15:00,2022-02-03 07:15:00,-1,clasp24,24
220257,220258,220282,2022-02-03 18:45:00,2022-02-03 18:50:00,2022-02-03 20:50:00,1,clasp24,24
220328,220329,220353,2022-02-04 00:40:00,2022-02-04 00:45:00,2022-02-04 02:45:00,-1,clasp24,24
221322,221323,221347,2022-02-07 11:30:00,2022-02-07 11:35:00,2022-02-07 13:35:00,-1,clasp24,24
222343,222344,222368,2022-02-11 00:35:00,2022-02-11 00:40:00,2022-02-11 02:40:00,-1,clasp24,24
222711,222712,222736,2022-02-12 07:15:00,2022-02-12 07:20:00,2022-02-12 09:20:00,-1,clasp24,24
222889,222890,222914,2022-02-12 22:05:00,2022-02-12 22:10:00,2022-02-13 00:10:00,1,clasp24,24
222999,223000,223024,2022-02-13 07:15:00,2022-02-13 07:20:00,2022-02-13 09:20:00,1,clasp24,24
223229,223230,223254,2022-02-14 02:25:00,2022-02-14 02:30:00,2022-02-14 04:30:00,1,clasp24,24
223958,223959,223983,2022-02-16 15:10:00,2022-02-16 15:15:00,2022-02-16 17:15:00,-1,clasp24,24
224302,224303,224327,2022-02-17 19:50:00,2022-02-17 19:55:00,2022-02-17 21:55:00,1,clasp24,24
224377,224378,224402,2022-02-18 02:05:00,2022-02-18 02:10:00,2022-02-18 04:10:00,-1,clasp24,24
224750,224751,224775,2022-02-19 09:10:00,2022-02-19 09:15:00,2022-02-19 11:15:00,-1,clasp24,24
225521,225522,225546,2022-02-22 01:25:00,2022-02-22 01:30:00,2022-02-22 03:30:00,-1,clasp24,24
225560,225561,225585,2022-02-22 04:40:00,2022-02-22 04:45:00,2022-02-22 06:45:00,1,clasp24,24
226193,226194,226218,2022-02-24 09:25:00,2022-02-24 09:30:00,2022-02-24 11:30:00,1,clasp24,24
229915,229916,229940,2022-03-09 07:35:00,2022-03-09 07:40:00,2022-03-09 09:40:00,1,clasp24,24
231356,231357,231381,2022-03-14 07:40:00,2022-03-14 07:45:00,2022-03-14 09:45:00,1,clasp24,24
232505,232506,232530,2022-03-18 07:25:00,2022-03-18 07:30:00,2022-03-18 09:30:00,-1,clasp24,24
232654,232655,232679,2022-03-18 19:50:00,2022-03-18 19:55:00,2022-03-18 21:55:00,1,clasp24,24
232691,232692,232716,2022-03-18 22:55:00,2022-03-18 23:00:00,2022-03-19 01:00:00,-1,clasp24,24
233677,233678,233702,2022-03-22 09:05:00,2022-03-22 09:10:00,2022-03-22 11:10:00,1,clasp24,24
233767,233768,233792,2022-03-22 16:35:00,2022-03-22 16:40:00,2022-03-22 18:40:00,-1,clasp24,24
234295,234296,234320,2022-03-24 12:35:00,2022-03-24 12:40:00,2022-03-24 14:40:00,-1,clasp24,24
234335,234336,234360,2022-03-24 15:55:00,2022-03-24 16:00:00,2022-03-24 18:00:00,1,clasp24,24
235150,235151,235175,2022-03-27 11:50:00,2022-03-27 11:55:00,2022-03-27 13:55:00,-1,clasp24,24
235382,235383,235407,2022-03-28 07:10:00,2022-03-28 07:15:00,2022-03-28 09:15:00,1,clasp24,24
236102,236103,236127,2022-03-30 19:10:00,2022-03-30 19:15:00,2022-03-30 21:15:00,1,clasp24,24
237392,237393,237417,2022-04-04 06:40:00,2022-04-04 06:45:00,2022-04-04 08:45:00,1,clasp24,24
238224,238225,238249,2022-04-07 04:00:00,2022-04-07 04:05:00,2022-04-07 06:05:00,1,clasp24,24
238482,238483,238507,2022-04-08 01:30:00,2022-04-08 01:35:00,2022-04-08 03:35:00,1,clasp24,24
238965,238966,238990,2022-04-09 17:45:00,2022-04-09 17:50:00,2022-04-09 19:50:00,-1,clasp24,24
240207,240208,240232,2022-04-14 01:15:00,2022-04-14 01:20:00,2022-04-14 03:20:00,1,clasp24,24
240762,240763,240787,2022-04-15 23:30:00,2022-04-15 23:35:00,2022-04-16 01:35:00,1,clasp24,24
240818,240819,240843,2022-04-16 04:10:00,2022-04-16 04:15:00,2022-04-16 06:15:00,-1,clasp24,24
241003,241004,241028,2022-04-16 19:35:00,2022-04-16 19:40:00,2022-04-16 21:40:00,1,clasp24,24
241486,241487,241511,2022-04-18 11:50:00,2022-04-18 11:55:00,2022-04-18 13:55:00,-1,clasp24,24
241664,241665,241689,2022-04-19 02:40:00,2022-04-19 02:45:00,2022-04-19 04:45:00,-1,clasp24,24
242125,242126,242150,2022-04-20 17:05:00,2022-04-20 17:10:00,2022-04-20 19:10:00,-1,clasp24,24
242385,242386,242410,2022-04-21 14:45:00,2022-04-21 14:50:00,2022-04-21 16:50:00,-1,clasp24,24
242564,242565,242589,2022-04-22 05:40:00,2022-04-22 05:45:00,2022-04-22 07:45:00,1,clasp24,24
242711,242712,242736,2022-04-22 17:55:00,2022-04-22 18:00:00,2022-04-22 20:00:00,-1,clasp24,24
242945,242946,242970,2022-04-23 13:25:00,2022-04-23 13:30:00,2022-04-23 15:30:00,1,clasp24,24
243986,243987,244011,2022-04-27 04:10:00,2022-04-27 04:15:00,2022-04-27 06:15:00,1,clasp24,24
244314,244315,244339,2022-04-28 07:30:00,2022-04-28 07:35:00,2022-04-28 09:35:00,-1,clasp24,24
244463,244464,244488,2022-04-28 19:55:00,2022-04-28 20:00:00,2022-04-28 22:00:00,1,clasp24,24
245285,245286,245310,2022-05-01 16:25:00,2022-05-01 16:30:00,2022-05-01 18:30:00,-1,clasp24,24
245467,245468,245492,2022-05-02 07:35:00,2022-05-02 07:40:00,2022-05-02 09:40:00,1,clasp24,24
245919,245920,245944,2022-05-03 21:15:00,2022-05-03 21:20:00,2022-05-03 23:20:00,1,clasp24,24
246671,246672,246696,2022-05-06 11:55:00,2022-05-06 12:00:00,2022-05-06 14:00:00,-1,clasp24,24
246937,246938,246962,2022-05-07 10:05:00,2022-05-07 10:10:00,2022-05-07 12:10:00,1,clasp24,24
247113,247114,247138,2022-05-08 00:45:00,2022-05-08 00:50:00,2022-05-08 02:50:00,-1,clasp24,24
247229,247230,247254,2022-05-08 10:25:00,2022-05-08 10:30:00,2022-05-08 12:30:00,-1,clasp24,24
247397,247398,247422,2022-05-09 00:25:00,2022-05-09 00:30:00,2022-05-09 02:30:00,-1,clasp24,24
247575,247576,247600,2022-05-09 15:15:00,2022-05-09 15:20:00,2022-05-09 17:20:00,-1,clasp24,24
247727,247728,247752,2022-05-10 03:55:00,2022-05-10 04:00:00,2022-05-10 06:00:00,-1,clasp24,24
248347,248348,248372,2022-05-12 07:35:00,2022-05-12 07:40:00,2022-05-12 09:40:00,-1,clasp24,24
248704,248705,248729,2022-05-13 13:20:00,2022-05-13 13:25:00,2022-05-13 15:25:00,-1,clasp24,24
249290,249291,249315,2022-05-15 14:10:00,2022-05-15 14:15:00,2022-05-15 16:15:00,1,clasp24,24
249377,249378,249402,2022-05-15 21:25:00,2022-05-15 21:30:00,2022-05-15 23:30:00,-1,clasp24,24
251781,251782,251806,2022-05-24 05:45:00,2022-05-24 05:50:00,2022-05-24 07:50:00,1,clasp24,24
251835,251836,251860,2022-05-24 10:15:00,2022-05-24 10:20:00,2022-05-24 12:20:00,1,clasp24,24
252560,252561,252585,2022-05-26 22:40:00,2022-05-26 22:45:00,2022-05-27 00:45:00,1,clasp24,24
252734,252735,252759,2022-05-27 13:10:00,2022-05-27 13:15:00,2022-05-27 15:15:00,1,clasp24,24
253846,253847,253871,2022-05-31 09:50:00,2022-05-31 09:55:00,2022-05-31 11:55:00,-1,clasp24,24
253963,253964,253988,2022-05-31 19:35:00,2022-05-31 19:40:00,2022-05-31 21:40:00,-1,clasp24,24
254093,254094,254118,2022-06-01 06:25:00,2022-06-01 06:30:00,2022-06-01 08:30:00,1,clasp24,24
254121,254122,254146,2022-06-01 08:45:00,2022-06-01 08:50:00,2022-06-01 10:50:00,1,clasp24,24
255357,255358,255382,2022-06-05 15:45:00,2022-06-05 15:50:00,2022-06-05 17:50:00,1,clasp24,24
256304,256305,256329,2022-06-08 22:40:00,2022-06-08 22:45:00,2022-06-09 00:45:00,1,clasp24,24
256970,256971,256995,2022-06-11 06:10:00,2022-06-11 06:15:00,2022-06-11 08:15:00,-1,clasp24,24
257172,257173,257197,2022-06-11 23:00:00,2022-06-11 23:05:00,2022-06-12 01:05:00,-1,clasp24,24
257869,257870,257894,2022-06-14 09:05:00,2022-06-14 09:10:00,2022-06-14 11:10:00,1,clasp24,24
257933,257934,257958,2022-06-14 14:25:00,2022-06-14 14:30:00,2022-06-14 16:30:00,1,clasp24,24
258179,258180,258204,2022-06-15 10:55:00,2022-06-15 11:00:00,2022-06-15 13:00:00,-1,clasp24,24
258243,258244,258268,2022-06-15 16:15:00,2022-06-15 16:20:00,2022-06-15 18:20:00,1,clasp24,24
258911,258912,258936,2022-06-17 23:55:00,2022-06-18 00:00:00,2022-06-18 02:00:00,1,clasp24,24
259313,259314,259338,2022-06-19 09:25:00,2022-06-19 09:30:00,2022-06-19 11:30:00,1,clasp24,24
259587,259588,259612,2022-06-20 08:15:00,2022-06-20 08:20:00,2022-06-20 10:20:00,1,clasp24,24
259890,259891,259915,2022-06-21 09:30:00,2022-06-21 09:35:00,2022-06-21 11:35:00,1,clasp24,24
260438,260439,260463,2022-06-23 07:10:00,2022-06-23 07:15:00,2022-06-23 09:15:00,-1,clasp24,24
260483,260484,260508,2022-06-23 10:55:00,2022-06-23 11:00:00,2022-06-23 13:00:00,1,clasp24,24
263620,263621,263645,2022-07-04 08:20:00,2022-07-04 08:25:00,2022-07-04 10:25:00,1,clasp24,24
264476,264477,264501,2022-07-07 07:40:00,2022-07-07 07:45:00,2022-07-07 09:45:00,-1,clasp24,24
269770,269771,269795,2022-07-25 16:50:00,2022-07-25 16:55:00,2022-07-25 18:55:00,-1,clasp24,24
269873,269874,269898,2022-07-26 01:25:00,2022-07-26 01:30:00,2022-07-26 03:30:00,1,clasp24,24
270443,270444,270468,2022-07-28 00:55:00,2022-07-28 01:00:00,2022-07-28 03:00:00,-1,clasp24,24
283131,283132,283156,2022-09-10 02:15:00,2022-09-10 02:20:00,2022-09-10 04:20:00,-1,clasp24,24
283178,283179,283203,2022-09-10 06:10:00,2022-09-10 06:15:00,2022-09-10 08:15:00,1,clasp24,24
283437,283438,283462,2022-09-11 03:45:00,2022-09-11 03:50:00,2022-09-11 05:50:00,-1,clasp24,24
283556,283557,283581,2022-09-11 13:40:00,2022-09-11 13:45:00,2022-09-11 15:45:00,1,clasp24,24
283830,283831,283855,2022-09-12 12:30:00,2022-09-12 12:35:00,2022-09-12 14:35:00,1,clasp24,24
284438,284439,284463,2022-09-14 15:10:00,2022-09-14 15:15:00,2022-09-14 17:15:00,-1,clasp24,24
284843,284844,284868,2022-09-16 00:55:00,2022-09-16 01:00:00,2022-09-16 03:00:00,1,clasp24,24
285082,285083,285107,2022-09-16 20:50:00,2022-09-16 20:55:00,2022-09-16 22:55:00,1,clasp24,24
285394,285395,285419,2022-09-17 22:50:00,2022-09-17 22:55:00,2022-09-18 00:55:00,1,clasp24,24
285486,285487,285511,2022-09-18 06:30:00,2022-09-18 06:35:00,2022-09-18 08:35:00,1,clasp24,24
285524,285525,285549,2022-09-18 09:40:00,2022-09-18 09:45:00,2022-09-18 11:45:00,-1,clasp24,24
285572,285573,285597,2022-09-18 13:40:00,2022-09-18 13:45:00,2022-09-18 15:45:00,1,clasp24,24
286651,286652,286676,2022-09-22 07:35:00,2022-09-22 07:40:00,2022-09-22 09:40:00,-1,clasp24,24
286870,286871,286895,2022-09-23 01:50:00,2022-09-23 01:55:00,2022-09-23 03:55:00,1,clasp24,24
287441,287442,287466,2022-09-25 01:25:00,2022-09-25 01:30:00,2022-09-25 03:30:00,1,clasp24,24
287790,287791,287815,2022-09-26 06:30:00,2022-09-26 06:35:00,2022-09-26 08:35:00,-1,clasp24,24
287827,287828,287852,2022-09-26 09:35:00,2022-09-26 09:40:00,2022-09-26 11:40:00,-1,clasp24,24
288049,288050,288074,2022-09-27 04:05:00,2022-09-27 04:10:00,2022-09-27 06:10:00,-1,clasp24,24
288884,288885,288909,2022-09-30 01:40:00,2022-09-30 01:45:00,2022-09-30 03:45:00,1,clasp24,24
289138,289139,289163,2022-09-30 22:50:00,2022-09-30 22:55:00,2022-10-01 00:55:00,1,clasp24,24
289167,289168,289192,2022-10-01 01:15:00,2022-10-01 01:20:00,2022-10-01 03:20:00,-1,clasp24,24
289335,289336,289360,2022-10-01 15:15:00,2022-10-01 15:20:00,2022-10-01 17:20:00,-1,clasp24,24
289386,289387,289411,2022-10-01 19:30:00,2022-10-01 19:35:00,2022-10-01 21:35:00,-1,clasp24,24
289747,289748,289772,2022-10-03 01:35:00,2022-10-03 01:40:00,2022-10-03 03:40:00,-1,clasp24,24
289918,289919,289943,2022-10-03 15:50:00,2022-10-03 15:55:00,2022-10-03 17:55:00,-1,clasp24,24
290150,290151,290175,2022-10-04 11:10:00,2022-10-04 11:15:00,2022-10-04 13:15:00,-1,clasp24,24
290239,290240,290264,2022-10-04 18:35:00,2022-10-04 18:40:00,2022-10-04 20:40:00,-1,clasp24,24
297869,297870,297894,2022-10-31 06:25:00,2022-10-31 06:30:00,2022-10-31 08:30:00,-1,clasp24,24
298001,298002,298026,2022-10-31 17:25:00,2022-10-31 17:30:00,2022-10-31 19:30:00,1,clasp24,24
298903,298904,298928,2022-11-03 20:35:00,2022-11-03 20:40:00,2022-11-03 22:40:00,1,clasp24,24
302035,302036,302060,2022-11-14 17:35:00,2022-11-14 17:40:00,2022-11-14 19:40:00,1,clasp24,24
302108,302109,302133,2022-11-14 23:40:00,2022-11-14 23:45:00,2022-11-15 01:45:00,1,clasp24,24
303236,303237,303261,2022-11-18 21:40:00,2022-11-18 21:45:00,2022-11-18 23:45:00,1,clasp24,24
304952,304953,304977,2022-11-24 20:40:00,2022-11-24 20:45:00,2022-11-24 22:45:00,-1,clasp24,24
305449,305450,305474,2022-11-26 14:05:00,2022-11-26 14:10:00,2022-11-26 16:10:00,1,clasp24,24
305704,305705,305729,2022-11-27 11:20:00,2022-11-27 11:25:00,2022-11-27 13:25:00,1,clasp24,24
308237,308238,308262,2022-12-06 06:25:00,2022-12-06 06:30:00,2022-12-06 08:30:00,1,clasp24,24
308305,308306,308330,2022-12-06 12:05:00,2022-12-06 12:10:00,2022-12-06 14:10:00,-1,clasp24,24
308749,308750,308774,2022-12-08 01:05:00,2022-12-08 01:10:00,2022-12-08 03:10:00,1,clasp24,24
309009,309010,309034,2022-12-08 22:45:00,2022-12-08 22:50:00,2022-12-09 00:50:00,-1,clasp24,24
309553,309554,309578,2022-12-10 20:05:00,2022-12-10 20:10:00,2022-12-10 22:10:00,-1,clasp24,24
309654,309655,309679,2022-12-11 04:30:00,2022-12-11 04:35:00,2022-12-11 06:35:00,1,clasp24,24
309845,309846,309870,2022-12-11 20:25:00,2022-12-11 20:30:00,2022-12-11 22:30:00,-1,clasp24,24
309877,309878,309902,2022-12-11 23:05:00,2022-12-11 23:10:00,2022-12-12 01:10:00,1,clasp24,24
313838,313839,313863,2022-12-25 17:10:00,2022-12-25 17:15:00,2022-12-25 19:15:00,1,clasp24,24
315817,315818,315842,2023-01-01 14:05:00,2023-01-01 14:10:00,2023-01-01 16:10:00,-1,clasp24,24
322247,322248,322272,2023-01-23 21:55:00,2023-01-23 22:00:00,2023-01-24 00:00:00,1,clasp24,24
322571,322572,322596,2023-01-25 00:55:00,2023-01-25 01:00:00,2023-01-25 03:00:00,-1,clasp24,24
323176,323177,323201,2023-01-27 03:20:00,2023-01-27 03:25:00,2023-01-27 05:25:00,-1,clasp24,24
323806,323807,323831,2023-01-29 07:50:00,2023-01-29 07:55:00,2023-01-29 09:55:00,1,clasp24,24
323862,323863,323887,2023-01-29 12:30:00,2023-01-29 12:35:00,2023-01-29 14:35:00,-1,clasp24,24
323990,323991,324015,2023-01-29 23:10:00,2023-01-29 23:15:00,2023-01-30 01:15:00,1,clasp24,24
324682,324683,324707,2023-02-01 08:50:00,2023-02-01 08:55:00,2023-02-01 10:55:00,1,clasp24,24
325140,325141,325165,2023-02-02 23:00:00,2023-02-02 23:05:00,2023-02-03 01:05:00,1,clasp24,24
326383,326384,326408,2023-02-07 06:35:00,2023-02-07 06:40:00,2023-02-07 08:40:00,-1,clasp24,24
327321,327322,327346,2023-02-10 12:45:00,2023-02-10 12:50:00,2023-02-10 14:50:00,-1,clasp24,24
327640,327641,327665,2023-02-11 15:20:00,2023-02-11 15:25:00,2023-02-11 17:25:00,-1,clasp24,24
328705,328706,328730,2023-02-15 08:05:00,2023-02-15 08:10:00,2023-02-15 10:10:00,1,clasp24,24
334016,334017,334041,2023-03-05 18:40:00,2023-03-05 18:45:00,2023-03-05 20:45:00,1,clasp24,24
334174,334175,334199,2023-03-06 07:50:00,2023-03-06 07:55:00,2023-03-06 09:55:00,-1,clasp24,24
336325,336326,336350,2023-03-13 19:05:00,2023-03-13 19:10:00,2023-03-13 21:10:00,-1,clasp24,24
336553,336554,336578,2023-03-14 14:05:00,2023-03-14 14:10:00,2023-03-14 16:10:00,1,clasp24,24
337128,337129,337153,2023-03-16 14:00:00,2023-03-16 14:05:00,2023-03-16 16:05:00,-1,clasp24,24
337418,337419,337443,2023-03-17 14:10:00,2023-03-17 14:15:00,2023-03-17 16:15:00,1,clasp24,24
337530,337531,337555,2023-03-17 23:30:00,2023-03-17 23:35:00,2023-03-18 01:35:00,1,clasp24,24
337899,337900,337924,2023-03-19 06:15:00,2023-03-19 06:20:00,2023-03-19 08:20:00,1,clasp24,24
338249,338250,338274,2023-03-20 11:25:00,2023-03-20 11:30:00,2023-03-20 13:30:00,1,clasp24,24
338600,338601,338625,2023-03-21 16:40:00,2023-03-21 16:45:00,2023-03-21 18:45:00,1,clasp24,24
338797,338798,338822,2023-03-22 09:05:00,2023-03-22 09:10:00,2023-03-22 11:10:00,1,clasp24,24
339253,339254,339278,2023-03-23 23:05:00,2023-03-23 23:10:00,2023-03-24 01:10:00,1,clasp24,24
339285,339286,339310,2023-03-24 01:45:00,2023-03-24 01:50:00,2023-03-24 03:50:00,-1,clasp24,24
340419,340420,340444,2023-03-28 00:15:00,2023-03-28 00:20:00,2023-03-28 02:20:00,-1,clasp24,24
340670,340671,340695,2023-03-28 21:10:00,2023-03-28 21:15:00,2023-03-28 23:15:00,-1,clasp24,24
340819,340820,340844,2023-03-29 09:35:00,2023-03-29 09:40:00,2023-03-29 11:40:00,1,clasp24,24
341168,341169,341193,2023-03-30 14:40:00,2023-03-30 14:45:00,2023-03-30 16:45:00,1,clasp24,24
341243,341244,341268,2023-03-30 20:55:00,2023-03-30 21:00:00,2023-03-30 23:00:00,1,clasp24,24
341326,341327,341351,2023-03-31 03:50:00,2023-03-31 03:55:00,2023-03-31 05:55:00,1,clasp24,24
341559,341560,341584,2023-03-31 23:15:00,2023-03-31 23:20:00,2023-04-01 01:20:00,-1,clasp24,24
342519,342520,342544,2023-04-04 07:15:00,2023-04-04 07:20:00,2023-04-04 09:20:00,-1,clasp24,24
344154,344155,344179,2023-04-09 23:30:00,2023-04-09 23:35:00,2023-04-10 01:35:00,-1,clasp24,24
344513,344514,344538,2023-04-11 05:25:00,2023-04-11 05:30:00,2023-04-11 07:30:00,-1,clasp24,24
344704,344705,344729,2023-04-11 21:20:00,2023-04-11 21:25:00,2023-04-11 23:25:00,1,clasp24,24
345331,345332,345356,2023-04-14 01:35:00,2023-04-14 01:40:00,2023-04-14 03:40:00,-1,clasp24,24
345627,345628,345652,2023-04-15 02:15:00,2023-04-15 02:20:00,2023-04-15 04:20:00,-1,clasp24,24
345670,345671,345695,2023-04-15 05:50:00,2023-04-15 05:55:00,2023-04-15 07:55:00,-1,clasp24,24
346271,346272,346296,2023-04-17 07:55:00,2023-04-17 08:00:00,2023-04-17 10:00:00,-1,clasp24,24
346992,346993,347017,2023-04-19 20:00:00,2023-04-19 20:05:00,2023-04-19 22:05:00,-1,clasp24,24
347062,347063,347087,2023-04-20 01:50:00,2023-04-20 01:55:00,2023-04-20 03:55:00,-1,clasp24,24
347369,347370,347394,2023-04-21 03:25:00,2023-04-21 03:30:00,2023-04-21 05:30:00,1,clasp24,24
347714,347715,347739,2023-04-22 08:10:00,2023-04-22 08:15:00,2023-04-22 10:15:00,-1,clasp24,24
348747,348748,348772,2023-04-25 22:15:00,2023-04-25 22:20:00,2023-04-26 00:20:00,-1,clasp24,24
348853,348854,348878,2023-04-26 07:05:00,2023-04-26 07:10:00,2023-04-26 09:10:00,1,clasp24,24
349129,349130,349154,2023-04-27 06:05:00,2023-04-27 06:10:00,2023-04-27 08:10:00,-1,clasp24,24
349198,349199,349223,2023-04-27 11:50:00,2023-04-27 11:55:00,2023-04-27 13:55:00,1,clasp24,24
349406,349407,349431,2023-04-28 05:10:00,2023-04-28 05:15:00,2023-04-28 07:15:00,1,clasp24,24
350147,350148,350172,2023-04-30 18:55:00,2023-04-30 19:00:00,2023-04-30 21:00:00,-1,clasp24,24
350270,350271,350295,2023-05-01 05:10:00,2023-05-01 05:15:00,2023-05-01 07:15:00,1,clasp24,24
350356,350357,350381,2023-05-01 12:20:00,2023-05-01 12:25:00,2023-05-01 14:25:00,1,clasp24,24
350399,350400,350424,2023-05-01 15:55:00,2023-05-01 16:00:00,2023-05-01 18:00:00,-1,clasp24,24
350527,350528,350552,2023-05-02 02:35:00,2023-05-02 02:40:00,2023-05-02 04:40:00,-1,clasp24,24
351574,351575,351599,2023-05-05 17:50:00,2023-05-05 17:55:00,2023-05-05 19:55:00,-1,clasp24,24
352045,352046,352070,2023-05-07 09:05:00,2023-05-07 09:10:00,2023-05-07 11:10:00,-1,clasp24,24
352619,352620,352644,2023-05-09 08:55:00,2023-05-09 09:00:00,2023-05-09 11:00:00,1,clasp24,24
352841,352842,352866,2023-05-10 03:25:00,2023-05-10 03:30:00,2023-05-10 05:30:00,-1,clasp24,24
353363,353364,353388,2023-05-11 22:55:00,2023-05-11 23:00:00,2023-05-12 01:00:00,-1,clasp24,24
353962,353963,353987,2023-05-14 00:50:00,2023-05-14 00:55:00,2023-05-14 02:55:00,1,clasp24,24
354948,354949,354973,2023-05-17 11:00:00,2023-05-17 11:05:00,2023-05-17 13:05:00,-1,clasp24,24
356201,356202,356226,2023-05-21 19:25:00,2023-05-21 19:30:00,2023-05-21 21:30:00,-1,clasp24,24
358326,358327,358351,2023-05-29 04:30:00,2023-05-29 04:35:00,2023-05-29 06:35:00,-1,clasp24,24
358439,358440,358464,2023-05-29 13:55:00,2023-05-29 14:00:00,2023-05-29 16:00:00,-1,clasp24,24
363250,363251,363275,2023-06-15 06:50:00,2023-06-15 06:55:00,2023-06-15 08:55:00,-1,clasp24,24
363593,363594,363618,2023-06-16 11:25:00,2023-06-16 11:30:00,2023-06-16 13:30:00,-1,clasp24,24
363741,363742,363766,2023-06-16 23:45:00,2023-06-16 23:50:00,2023-06-17 01:50:00,-1,clasp24,24
364232,364233,364257,2023-06-18 16:40:00,2023-06-18 16:45:00,2023-06-18 18:45:00,1,clasp24,24
364639,364640,364664,2023-06-20 02:35:00,2023-06-20 02:40:00,2023-06-20 04:40:00,-1,clasp24,24
364720,364721,364745,2023-06-20 09:20:00,2023-06-20 09:25:00,2023-06-20 11:25:00,-1,clasp24,24
365767,365768,365792,2023-06-24 00:35:00,2023-06-24 00:40:00,2023-06-24 02:40:00,-1,clasp24,24
366107,366108,366132,2023-06-25 04:55:00,2023-06-25 05:00:00,2023-06-25 07:00:00,1,clasp24,24
367323,367324,367348,2023-06-29 10:15:00,2023-06-29 10:20:00,2023-06-29 12:20:00,1,clasp24,24
369375,369376,369400,2023-07-06 13:15:00,2023-07-06 13:20:00,2023-07-06 15:20:00,1,clasp24,24
370707,370708,370732,2023-07-11 04:15:00,2023-07-11 04:20:00,2023-07-11 06:20:00,-1,clasp24,24
370963,370964,370988,2023-07-12 01:35:00,2023-07-12 01:40:00,2023-07-12 03:40:00,1,clasp24,24
371379,371380,371404,2023-07-13 12:15:00,2023-07-13 12:20:00,2023-07-13 14:20:00,-1,clasp24,24
371551,371552,371576,2023-07-14 02:35:00,2023-07-14 02:40:00,2023-07-14 04:40:00,1,clasp24,24
373014,373015,373039,2023-07-19 04:30:00,2023-07-19 04:35:00,2023-07-19 06:35:00,1,clasp24,24
374601,374602,374626,2023-07-24 16:45:00,2023-07-24 16:50:00,2023-07-24 18:50:00,1,clasp24,24
375762,375763,375787,2023-07-28 17:30:00,2023-07-28 17:35:00,2023-07-28 19:35:00,-1,clasp24,24
377676,377677,377701,2023-08-04 09:00:00,2023-08-04 09:05:00,2023-08-04 11:05:00,-1,clasp24,24
378807,378808,378832,2023-08-08 07:15:00,2023-08-08 07:20:00,2023-08-08 09:20:00,-1,clasp24,24
379434,379435,379459,2023-08-10 11:30:00,2023-08-10 11:35:00,2023-08-10 13:35:00,-1,clasp24,24
380642,380643,380667,2023-08-14 16:10:00,2023-08-14 16:15:00,2023-08-14 18:15:00,-1,clasp24,24
381165,381166,381190,2023-08-16 11:45:00,2023-08-16 11:50:00,2023-08-16 13:50:00,-1,clasp24,24
381622,381623,381647,2023-08-18 01:50:00,2023-08-18 01:55:00,2023-08-18 03:55:00,-1,clasp24,24
382278,382279,382303,2023-08-20 08:30:00,2023-08-20 08:35:00,2023-08-20 10:35:00,1,clasp24,24
382781,382782,382806,2023-08-22 02:25:00,2023-08-22 02:30:00,2023-08-22 04:30:00,-1,clasp24,24
382821,382822,382846,2023-08-22 05:45:00,2023-08-22 05:50:00,2023-08-22 07:50:00,-1,clasp24,24
383068,383069,383093,2023-08-23 02:20:00,2023-08-23 02:25:00,2023-08-23 04:25:00,1,clasp24,24
383094,383095,383119,2023-08-23 04:30:00,2023-08-23 04:35:00,2023-08-23 06:35:00,1,clasp24,24
383328,383329,383353,2023-08-24 00:00:00,2023-08-24 00:05:00,2023-08-24 02:05:00,1,clasp24,24
385596,385597,385621,2023-08-31 21:00:00,2023-08-31 21:05:00,2023-08-31 23:05:00,-1,clasp24,24
388524,388525,388549,2023-09-11 01:00:00,2023-09-11 01:05:00,2023-09-11 03:05:00,1,clasp24,24
389023,389024,389048,2023-09-12 18:35:00,2023-09-12 18:40:00,2023-09-12 20:40:00,-1,clasp24,24
389451,389452,389476,2023-09-14 06:15:00,2023-09-14 06:20:00,2023-09-14 08:20:00,1,clasp24,24
391373,391374,391398,2023-09-20 22:25:00,2023-09-20 22:30:00,2023-09-21 00:30:00,1,clasp24,24
391772,391773,391797,2023-09-22 07:40:00,2023-09-22 07:45:00,2023-09-22 09:45:00,1,clasp24,24
393193,393194,393218,2023-09-27 06:05:00,2023-09-27 06:10:00,2023-09-27 08:10:00,-1,clasp24,24
393449,393450,393474,2023-09-28 03:25:00,2023-09-28 03:30:00,2023-09-28 05:30:00,1,clasp24,24
393539,393540,393564,2023-09-28 10:55:00,2023-09-28 11:00:00,2023-09-28 13:00:00,1,clasp24,24
394657,394658,394682,2023-10-02 08:05:00,2023-10-02 08:10:00,2023-10-02 10:10:00,1,clasp24,24
398788,398789,398813,2023-10-16 16:20:00,2023-10-16 16:25:00,2023-10-16 18:25:00,-1,clasp24,24
399124,399125,399149,2023-10-17 20:20:00,2023-10-17 20:25:00,2023-10-17 22:25:00,1,clasp24,24
399572,399573,399597,2023-10-19 09:40:00,2023-10-19 09:45:00,2023-10-19 11:45:00,1,clasp24,24
399688,399689,399713,2023-10-19 19:20:00,2023-10-19 19:25:00,2023-10-19 21:25:00,1,clasp24,24
400471,400472,400496,2023-10-22 12:35:00,2023-10-22 12:40:00,2023-10-22 14:40:00,-1,clasp24,24
400531,400532,400556,2023-10-22 17:35:00,2023-10-22 17:40:00,2023-10-22 19:40:00,1,clasp24,24
400582,400583,400607,2023-10-22 21:50:00,2023-10-22 21:55:00,2023-10-22 23:55:00,-1,clasp24,24
400820,400821,400845,2023-10-23 17:40:00,2023-10-23 17:45:00,2023-10-23 19:45:00,-1,clasp24,24
400875,400876,400900,2023-10-23 22:15:00,2023-10-23 22:20:00,2023-10-24 00:20:00,1,clasp24,24
401219,401220,401244,2023-10-25 02:55:00,2023-10-25 03:00:00,2023-10-25 05:00:00,-1,clasp24,24
401520,401521,401545,2023-10-26 04:00:00,2023-10-26 04:05:00,2023-10-26 06:05:00,-1,clasp24,24
401797,401798,401822,2023-10-27 03:05:00,2023-10-27 03:10:00,2023-10-27 05:10:00,1,clasp24,24
402540,402541,402565,2023-10-29 17:00:00,2023-10-29 17:05:00,2023-10-29 19:05:00,-1,clasp24,24
402695,402696,402720,2023-10-30 05:55:00,2023-10-30 06:00:00,2023-10-30 08:00:00,-1,clasp24,24
402968,402969,402993,2023-10-31 04:40:00,2023-10-31 04:45:00,2023-10-31 06:45:00,-1,clasp24,24
403341,403342,403366,2023-11-01 11:45:00,2023-11-01 11:50:00,2023-11-01 13:50:00,-1,clasp24,24
403624,403625,403649,2023-11-02 11:20:00,2023-11-02 11:25:00,2023-11-02 13:25:00,-1,clasp24,24
407057,407058,407082,2023-11-14 09:25:00,2023-11-14 09:30:00,2023-11-14 11:30:00,-1,clasp24,24
407818,407819,407843,2023-11-17 00:50:00,2023-11-17 00:55:00,2023-11-17 02:55:00,-1,clasp24,24
407995,407996,408020,2023-11-17 15:35:00,2023-11-17 15:40:00,2023-11-17 17:40:00,-1,clasp24,24
410028,410029,410053,2023-11-24 17:00:00,2023-11-24 17:05:00,2023-11-24 19:05:00,-1,clasp24,24
411965,411966,411990,2023-12-01 10:25:00,2023-12-01 10:30:00,2023-12-01 12:30:00,1,clasp24,24
414762,414763,414787,2023-12-11 03:30:00,2023-12-11 03:35:00,2023-12-11 05:35:00,1,clasp24,24
414834,414835,414859,2023-12-11 09:30:00,2023-12-11 09:35:00,2023-12-11 11:35:00,1,clasp24,24
414912,414913,414937,2023-12-11 16:00:00,2023-12-11 16:05:00,2023-12-11 18:05:00,-1,clasp24,24
416256,416257,416281,2023-12-16 08:00:00,2023-12-16 08:05:00,2023-12-16 10:05:00,-1,clasp24,24
416937,416938,416962,2023-12-18 16:45:00,2023-12-18 16:50:00,2023-12-18 18:50:00,1,clasp24,24
417128,417129,417153,2023-12-19 08:40:00,2023-12-19 08:45:00,2023-12-19 10:45:00,-1,clasp24,24
417396,417397,417421,2023-12-20 07:00:00,2023-12-20 07:05:00,2023-12-20 09:05:00,1,clasp24,24
417873,417874,417898,2023-12-21 22:45:00,2023-12-21 22:50:00,2023-12-22 00:50:00,1,clasp24,24
418274,418275,418299,2023-12-23 08:10:00,2023-12-23 08:15:00,2023-12-23 10:15:00,-1,clasp24,24
418529,418530,418554,2023-12-24 05:25:00,2023-12-24 05:30:00,2023-12-24 07:30:00,-1,clasp24,24
418685,418686,418710,2023-12-24 18:25:00,2023-12-24 18:30:00,2023-12-24 20:30:00,-1,clasp24,24
418858,418859,418883,2023-12-25 08:50:00,2023-12-25 08:55:00,2023-12-25 10:55:00,-1,clasp24,24
418998,418999,419023,2023-12-25 20:30:00,2023-12-25 20:35:00,2023-12-25 22:35:00,-1,clasp24,24
419434,419435,419459,2023-12-27 08:50:00,2023-12-27 08:55:00,2023-12-27 10:55:00,1,clasp24,24
419583,419584,419608,2023-12-27 21:15:00,2023-12-27 21:20:00,2023-12-27 23:20:00,1,clasp24,24
419625,419626,419650,2023-12-28 00:45:00,2023-12-28 00:50:00,2023-12-28 02:50:00,1,clasp24,24
419658,419659,419683,2023-12-28 03:30:00,2023-12-28 03:35:00,2023-12-28 05:35:00,-1,clasp24,24
420259,420260,420284,2023-12-30 05:35:00,2023-12-30 05:40:00,2023-12-30 07:40:00,1,clasp24,24
