policy_id,decision_date,entry_date,exit_date,source_observation_date,feature_available_at,observation_age_days,minimum_reference_count,all_features_finite,prediction_eligible,fee_share_level_z,fee_share_change_z,transaction_density_level_z,transaction_density_change_z,breadth_level_z,breadth_change_z,fanout_level_z,fanout_change_z
NWE-7,2020-01-06 12:00:00,2020-01-06 12:05:00,2020-01-13 12:05:00,2020-01-05 00:00:00,2021-02-26 11:07:54,1.5,0,False,False,,,,,,,,
NWE-7,2020-01-13 12:00:00,2020-01-13 12:05:00,2020-01-20 12:05:00,2020-01-12 00:00:00,2021-02-26 11:07:59,1.5,4,False,False,,,,,,,,
NWE-7,2020-01-20 12:00:00,2020-01-20 12:05:00,2020-01-27 12:05:00,2020-01-19 00:00:00,2021-02-26 11:08:04,1.5,11,False,False,,,,,,,,
NWE-7,2020-01-27 12:00:00,2020-01-27 12:05:00,2020-02-03 12:05:00,2020-01-26 00:00:00,2021-02-26 11:08:08,1.5,17,False,False,,,,,,,,
NWE-7,2020-02-03 12:00:00,2020-02-03 12:05:00,2020-02-10 12:05:00,2020-02-02 00:00:00,2021-02-26 11:08:13,1.5,25,False,False,,,,,,,,
NWE-7,2020-02-10 12:00:00,2020-02-10 12:05:00,2020-02-17 12:05:00,2020-02-09 00:00:00,2021-02-26 11:08:17,1.5,32,False,False,,,,,,,,
NWE-7,2020-02-17 12:00:00,2020-02-17 12:05:00,2020-02-24 12:05:00,2020-02-16 00:00:00,2021-02-26 11:08:20,1.5,39,False,False,,,,,,,,
NWE-7,2020-02-24 12:00:00,2020-02-24 12:05:00,2020-03-02 12:05:00,2020-02-23 00:00:00,2021-02-26 11:08:25,1.5,46,False,False,,,,,,,,
NWE-7,2020-03-02 12:00:00,2020-03-02 12:05:00,2020-03-09 12:05:00,2020-03-01 00:00:00,2021-02-26 11:08:29,1.5,52,False,False,,,,,,,,
NWE-7,2020-03-09 12:00:00,2020-03-09 12:05:00,2020-03-16 12:05:00,2020-03-08 00:00:00,2021-02-26 11:08:34,1.5,60,False,False,,,,,,,,
NWE-7,2020-03-16 12:00:00,2020-03-16 12:05:00,2020-03-23 12:05:00,2020-03-15 00:00:00,2021-02-26 11:08:39,1.5,67,False,False,,,,,,,,
NWE-7,2020-03-23 12:00:00,2020-03-23 12:05:00,2020-03-30 12:05:00,2020-03-22 00:00:00,2021-02-26 11:08:43,1.5,73,False,False,,,,,,,,
NWE-7,2020-03-30 12:00:00,2020-03-30 12:05:00,2020-04-06 12:05:00,2020-03-29 00:00:00,2021-02-26 11:08:48,1.5,81,False,False,,,,,,,,
NWE-7,2020-04-06 12:00:00,2020-04-06 12:05:00,2020-04-13 12:05:00,2020-04-05 00:00:00,2021-02-26 11:08:53,1.5,88,False,False,,,,,,,,
NWE-7,2020-04-13 12:00:00,2020-04-13 12:05:00,2020-04-20 12:05:00,2020-04-12 00:00:00,2021-02-26 11:08:57,1.5,95,False,False,,,,,,,,
NWE-7,2020-04-20 12:00:00,2020-04-20 12:05:00,2020-04-27 12:05:00,2020-04-19 00:00:00,2021-02-26 11:09:00,1.5,102,False,False,,,,,,,,
NWE-7,2020-04-27 12:00:00,2020-04-27 12:05:00,2020-05-04 12:05:00,2020-04-26 00:00:00,2021-02-26 11:09:04,1.5,108,False,False,,,,,,,,
NWE-7,2020-05-04 12:00:00,2020-05-04 12:05:00,2020-05-11 12:05:00,2020-05-03 00:00:00,2021-02-26 11:09:09,1.5,116,False,False,1.213062714911298,,-1.624266602936786,,3.18664300040574,,1.1088589383499574,
NWE-7,2020-05-11 12:00:00,2020-05-11 12:05:00,2020-05-18 12:05:00,2020-05-10 00:00:00,2021-02-26 11:09:14,1.5,123,True,False,1.1450329284259588,-0.06356411195421562,-1.7322535534658303,-0.16090987280689303,2.042664626619755,-1.026376802225438,1.1587618406836433,0.05688724074824555
NWE-7,2020-05-18 12:00:00,2020-05-18 12:05:00,2020-05-25 12:05:00,2020-05-17 00:00:00,2021-02-26 11:09:17,1.5,130,True,False,3.0852589992610273,2.869259937923153,0.8098818664296001,2.740846293530632,2.569848995403219,0.5128489176153485,1.2492388778202634,0.16498270693153705
NWE-7,2020-05-25 12:00:00,2020-05-25 12:05:00,2020-06-01 12:05:00,2020-05-24 00:00:00,2021-02-26 11:09:21,1.5,137,True,False,1.898089429776429,-1.0620320270972132,-0.9122371198766924,-1.950553157218245,3.9437074409620068,1.5755569644433935,1.60494286902143,0.7225150392274657
NWE-7,2020-06-01 12:00:00,2020-06-01 12:05:00,2020-06-08 12:05:00,2020-05-31 00:00:00,2021-02-26 11:09:25,1.5,143,True,False,1.2610300454130707,-1.0063693674186738,-1.568233191141709,-0.7556332573698205,1.8499593999297919,-2.219428267963387,0.7458438078907024,-1.776323491298783
NWE-7,2020-06-08 12:00:00,2020-06-08 12:05:00,2020-06-15 12:05:00,2020-06-07 00:00:00,2021-02-26 11:09:30,1.5,151,True,False,0.231047165705888,-1.739008441084541,-2.071422417095891,-0.646621259720775,0.0648552634224324,-2.0195114614116547,0.5437431926317354,-0.4723991665371656
NWE-7,2020-06-15 12:00:00,2020-06-15 12:05:00,2020-06-22 12:05:00,2020-06-14 00:00:00,2021-02-26 11:09:34,1.5,157,True,False,-0.36337659684207163,-1.0276419224760933,-1.8487744080729107,0.21675350613096106,-0.751089939567983,-0.9721060094059008,0.1619816404542136,-0.8503116933915528
NWE-7,2020-06-22 12:00:00,2020-06-22 12:05:00,2020-06-29 12:05:00,2020-06-21 00:00:00,2021-02-26 11:09:39,1.5,164,True,False,0.2036881110721105,0.8247545430217645,-1.3082221238535614,0.5294795948858917,0.8332018200570074,1.6664522855590718,-0.07156035393262106,-0.5440953733620072
NWE-7,2020-06-29 12:00:00,2020-06-29 12:05:00,2020-07-06 12:05:00,2020-06-28 00:00:00,2021-02-26 11:09:44,1.5,171,True,False,-0.09827219289141076,-0.5618557606687509,-1.2682186833604656,0.018960349112662617,-0.5255619761159563,-1.5517462701614866,0.2744360191490734,0.631249816349454
NWE-7,2020-07-06 12:00:00,2020-07-06 12:05:00,2020-07-13 12:05:00,2020-07-05 00:00:00,2021-02-26 11:09:49,1.5,179,True,False,0.007338754817062507,0.16471473656313423,-1.7951930078141094,-0.5128134391840528,0.8285539552249966,1.4202659119967367,0.12765190005975202,-0.30308510268375427
NWE-7,2020-07-13 12:00:00,2020-07-13 12:05:00,2020-07-20 12:05:00,2020-07-12 00:00:00,2021-02-26 11:09:54,1.5,180,True,False,-0.024458913342687183,-0.051040159623025515,-1.0183039302143835,0.8517889913396461,0.1474238310544261,-0.7124313175359225,-0.23885244022696528,-0.7605067728064376
NWE-7,2020-07-20 12:00:00,2020-07-20 12:05:00,2020-07-27 12:05:00,2020-07-19 00:00:00,2021-02-26 11:09:59,1.5,180,True,False,0.8149222457002134,1.3362310811739644,-0.015188069214432446,1.1038456213100893,2.0850722774691017,1.9385623248199648,0.5075841128356302,1.5051328738856011
NWE-7,2020-07-27 12:00:00,2020-07-27 12:05:00,2020-08-03 12:05:00,2020-07-26 00:00:00,2021-02-26 11:10:03,1.5,180,True,False,1.0479309010220594,0.36209981276779835,-0.8063595487715738,-0.9125771261880005,2.5852684328711826,0.5079894627542583,0.5598329374797725,0.027174926067146294
NWE-7,2020-08-03 12:00:00,2020-08-03 12:05:00,2020-08-10 12:05:00,2020-08-02 00:00:00,2021-02-26 11:10:08,1.5,180,True,False,1.370919912110065,0.6174141979752592,-0.2939823776001308,0.5839337296673285,1.4551762056090642,-1.0740705521785001,1.5557660691849122,1.78360132886987
NWE-7,2020-08-10 12:00:00,2020-08-10 12:05:00,2020-08-17 12:05:00,2020-08-09 00:00:00,2021-02-26 11:10:13,1.5,180,True,False,0.61748566875377,-1.2206753908515717,-1.403895496465216,-1.2777520474031245,1.6331215966312673,0.20126317878097963,1.1715046745410795,-0.7599583956793027
NWE-7,2020-08-17 12:00:00,2020-08-17 12:05:00,2020-08-24 12:05:00,2020-08-16 00:00:00,2021-02-26 11:10:16,1.5,180,True,False,0.5237285031861937,-0.14814167332243738,-0.679506889613833,0.8399413694465525,0.6831257177223135,-1.0050776082790904,0.6401807599100056,-0.9708186466384129
NWE-7,2020-08-24 12:00:00,2020-08-24 12:05:00,2020-08-31 12:05:00,2020-08-23 00:00:00,2021-02-26 11:10:20,1.5,180,True,False,0.34659607995918934,-0.30126070019637435,-1.0751203570217827,-0.454554090878131,1.4295437438817828,0.7127494307671467,0.20691923800553538,-0.7180139760139603
NWE-7,2020-08-31 12:00:00,2020-08-31 12:05:00,2020-09-07 12:05:00,2020-08-30 00:00:00,2021-02-26 11:10:24,1.5,180,True,False,0.5860061472201785,0.3676316120457645,-0.02308447335882186,1.2090557126210935,0.5438517999079892,-0.9015284850575503,0.8581801301592422,0.7899395535838095
NWE-7,2020-09-07 12:00:00,2020-09-07 12:05:00,2020-09-14 12:05:00,2020-09-06 00:00:00,2021-02-26 11:10:29,1.5,180,True,False,0.3863635155415781,-0.33283794487171553,-1.5597288826658062,-1.768586394159323,3.8587659917981836,2.900731611682281,1.3661790192003591,0.374379962631225
NWE-7,2020-09-14 12:00:00,2020-09-14 12:05:00,2020-09-21 12:05:00,2020-09-13 00:00:00,2021-02-26 11:10:34,1.5,180,True,False,-0.09064927273213767,-0.8006661535386508,-2.1874718593585447,-0.7069276836348348,0.16836127666996076,-3.238974880892825,1.5464811610478788,0.1386629467261118
NWE-7,2020-09-21 12:00:00,2020-09-21 12:05:00,2020-09-28 12:05:00,2020-09-20 00:00:00,2021-02-26 11:10:38,1.5,180,True,False,-0.38251481204265364,-0.4934694560144444,-0.9900424629470596,1.375047137548225,0.5420023344492891,0.3150980022847191,0.8667963151407692,-0.88738735089001
NWE-7,2020-09-28 12:00:00,2020-09-28 12:05:00,2020-10-05 12:05:00,2020-09-27 00:00:00,2021-02-26 11:10:43,1.5,180,True,False,-0.42417771224359874,-0.052497655684636685,-1.6793940031629093,-0.7780424502135527,0.10547553776606446,-0.378988110612619,0.43243447868285145,-0.5862512889628144
NWE-7,2020-10-05 12:00:00,2020-10-05 12:05:00,2020-10-12 12:05:00,2020-10-04 00:00:00,2021-02-26 11:10:48,1.5,180,True,False,-0.0731420361389969,0.6207197846364824,-1.633650572327954,0.12063653128801352,1.6235503996168876,1.2895649190619642,0.9088081776187382,0.6247749986500096
NWE-7,2020-10-12 12:00:00,2020-10-12 12:05:00,2020-10-19 12:05:00,2020-10-11 00:00:00,2021-02-26 11:10:52,1.5,180,True,False,-0.1522688339498674,-0.12813574419501905,-1.2687735674074316,0.475487303233015,0.1313093515169223,-1.2777833820917328,0.558965155553092,-0.4897552646549852
NWE-7,2020-10-19 12:00:00,2020-10-19 12:05:00,2020-10-26 12:05:00,2020-10-18 00:00:00,2021-02-26 11:10:57,1.5,180,True,False,-0.5528385559947883,-0.4596942404436125,-0.7853062453041187,0.5898422864454501,0.0014405648042749388,-0.10323309802700441,1.6027856249078611,1.3508032303152488
NWE-7,2020-10-26 12:00:00,2020-10-26 12:05:00,2020-11-02 12:05:00,2020-10-25 00:00:00,2021-02-26 11:11:01,1.5,180,True,False,0.21031505870434478,0.9354343184510591,-0.28289049943350175,0.5500179879052293,1.9450639965571568,1.5841641131839412,1.4754773765463178,-0.14914858237420073
NWE-7,2020-11-02 12:00:00,2020-11-02 12:05:00,2020-11-09 12:05:00,2020-11-01 00:00:00,2021-02-26 11:11:07,1.5,180,True,False,1.5810102677877391,1.621967468945759,0.2514658950405457,0.5857486732219389,0.6979825964878382,-0.9773256985215961,0.8246086556409642,-0.6891997161419042
NWE-7,2020-11-09 12:00:00,2020-11-09 12:05:00,2020-11-16 12:05:00,2020-11-08 00:00:00,2021-02-26 11:11:11,1.5,180,True,False,0.29600649415986996,-1.4960502029361669,-1.778392247894856,-2.1868099796884275,3.0931634725401875,1.9476035966567935,1.3671850587086758,0.7044418084571455
NWE-7,2020-11-16 12:00:00,2020-11-16 12:05:00,2020-11-23 12:05:00,2020-11-15 00:00:00,2021-02-26 11:11:15,1.5,180,True,False,-1.039785591030936,-1.661148318749765,-2.268668465573799,-0.536013781755656,1.2694344449586255,-1.3250649884549222,0.904268258968594,-0.5511853965535519
NWE-7,2020-11-23 12:00:00,2020-11-23 12:05:00,2020-11-30 12:05:00,2020-11-22 00:00:00,2021-02-26 11:11:19,1.5,180,True,False,-1.6904385903203551,-0.7575661306530965,-2.661518395186769,-0.43185056678006406,0.448217528290932,-0.683756574977012,0.44325098818121017,-0.5892086249567209
NWE-7,2020-11-30 12:00:00,2020-11-30 12:05:00,2020-12-07 12:05:00,2020-11-29 00:00:00,2021-02-26 11:11:23,1.5,180,True,False,-1.097908007837166,0.7469302911005143,-1.8036763762299453,0.9189963323005893,1.192569990765571,0.5965476883391767,0.6863998679715169,0.31278611558202235
NWE-7,2020-12-07 12:00:00,2020-12-07 12:05:00,2020-12-14 12:05:00,2020-12-06 00:00:00,2021-02-26 11:11:28,1.5,180,True,False,-0.7499221740702782,0.4630979097209376,-1.1309417539843636,0.7872729658407988,2.009698205480255,0.7377017927341447,0.46552881523690826,-0.2853825377256829
NWE-7,2020-12-14 12:00:00,2020-12-14 12:05:00,2020-12-21 12:05:00,2020-12-13 00:00:00,2021-02-26 11:11:33,1.5,180,True,False,-1.412201643883716,-0.750221380801981,-1.8533752882943122,-0.7388032025338861,1.4933478305026038,-0.4412977394795686,0.20536727440669322,-0.3467753682739918
NWE-7,2020-12-21 12:00:00,2020-12-21 12:05:00,2020-12-28 12:05:00,2020-12-20 00:00:00,2021-02-26 11:11:37,1.5,180,True,False,-0.2945171624653811,1.3758112977378516,-1.3008085898721404,0.6153763264207719,3.0136449388113533,1.2797799637989271,0.7164415848892604,0.6190985031245434
NWE-7,2020-12-28 12:00:00,2020-12-28 12:05:00,2021-01-04 12:05:00,2020-12-27 00:00:00,2021-02-26 11:11:42,1.5,180,True,False,-0.01035551038860714,0.3486686343884018,-0.4201124426127127,0.9814359140682277,1.3220618707296043,-1.3235297121851883,0.22655578893066522,-0.5961916628070325
NWE-7,2021-01-04 12:00:00,2021-01-04 12:05:00,2021-01-11 12:05:00,2021-01-03 00:00:00,2021-02-26 11:11:47,1.5,180,True,False,-0.3000838293764036,-0.301738517919027,0.5418853584557083,1.0491076660148058,0.42574296557902985,-0.7643908236131379,0.139321729206654,-0.10354630482316123
NWE-7,2021-01-11 12:00:00,2021-01-11 12:05:00,2021-01-18 12:05:00,2021-01-10 00:00:00,2021-02-26 11:11:52,1.5,180,True,False,-0.2522690833011813,0.0661195753375676,-0.2839531833147042,-0.8583991014501462,1.0762407500163667,0.5547857586344531,0.9554088255975887,0.8587496220858969
NWE-7,2021-01-18 12:00:00,2021-01-18 12:05:00,2021-01-25 12:05:00,2021-01-17 00:00:00,2021-02-26 11:11:56,1.5,180,True,False,-0.6573066299119921,-0.41365072216781784,-0.5907105829551063,-0.3196382897568433,1.8313538237959854,0.6260812957140477,1.0053835784213094,0.03452231813529505
NWE-7,2021-01-25 12:00:00,2021-01-25 12:05:00,2021-02-01 12:05:00,2021-01-24 00:00:00,2021-02-26 11:12:01,1.5,180,True,False,-0.9385406832896286,-0.28049512692311274,-1.5613217401136756,-0.9979343263217476,2.331414098250002,0.4308898021482284,1.6518427081837381,0.7482993696699729
NWE-7,2021-02-01 12:00:00,2021-02-01 12:05:00,2021-02-08 12:05:00,2021-01-31 00:00:00,2021-02-26 11:12:06,1.5,180,True,False,0.10227063668356799,1.0418647346824037,-0.7034433689218542,0.8841618578475593,0.9669461000845404,-1.1463812633797275,1.8313224866394113,0.30401813601078487
NWE-7,2021-02-08 12:00:00,2021-02-08 12:05:00,2021-02-15 12:05:00,2021-02-07 00:00:00,2021-02-26 11:12:10,1.5,180,True,False,-0.39161381321654815,-0.4878159990436108,-1.5255101595260985,-0.8429116469825351,2.001064636134035,0.8862384178069069,2.3329724178460487,0.7025131712743347
NWE-7,2021-02-15 12:00:00,2021-02-15 12:05:00,2021-02-22 12:05:00,2021-02-14 00:00:00,2021-02-26 11:12:15,1.5,180,True,False,0.18056706440963313,0.5610935562848259,-0.6623520711166244,0.8580592975537032,1.7251582698615382,-0.20916968297038407,0.7174895135581815,-1.8029037411434008
NWE-7,2021-02-22 12:00:00,2021-02-22 12:05:00,2021-03-01 12:05:00,2021-02-21 00:00:00,2021-02-26 11:12:20,1.5,180,True,False,0.4017282388236807,0.22092600393346096,-1.0579664822988608,-0.3979719990226525,1.0232004808650086,-0.6235771228967539,1.9243996089943816,1.664417907930674
NWE-7,2021-03-01 12:00:00,2021-03-01 12:05:00,2021-03-08 12:05:00,2021-02-28 00:00:00,2021-03-01 05:11:55,1.5,180,True,True,-0.1620152496294924,-0.5677528639415187,-1.0603573698096602,0.005766116436256671,2.091519480982051,0.9275103386614091,1.5467098566811264,-0.26997634010414995
NWE-7,2021-03-08 12:00:00,2021-03-08 12:05:00,2021-03-15 12:05:00,2021-03-07 00:00:00,2021-03-08 03:29:32,1.5,180,True,True,-0.7341323390126879,-0.5794694368553331,-1.8952829241804416,-0.8402888079393311,2.0683841912997276,-0.04774059847786552,1.0910431496633135,-0.5499922049710779
NWE-7,2021-03-15 12:00:00,2021-03-15 12:05:00,2021-03-22 12:05:00,2021-03-14 00:00:00,2021-03-15 04:29:05,1.5,180,True,True,-0.4351026723729524,0.3144319978365757,-1.0021308654232128,0.9614044784471243,1.3068258662078358,-0.701739798323332,0.5427213097281925,-0.7375339044106819
NWE-7,2021-03-22 12:00:00,2021-03-22 12:05:00,2021-03-29 12:05:00,2021-03-21 00:00:00,2021-03-22 08:54:50,1.5,180,True,True,-1.2387988245708557,-0.7789207620931294,-3.4014810645533733,-2.5002675139590553,3.327427815924003,1.8557488486817852,1.8088794345102153,1.997568625684749
NWE-7,2021-03-29 12:00:00,2021-03-29 12:05:00,2021-04-05 12:05:00,2021-03-28 00:00:00,2021-03-29 04:11:51,1.5,180,True,True,-1.5449848084093214,-0.26888128130379435,-3.3599387058919032,-0.001957696495576503,2.75321866765879,-0.4926519121064536,1.1063981138292431,-0.9922876383575666
NWE-7,2021-04-05 12:00:00,2021-04-05 12:05:00,2021-04-12 12:05:00,2021-04-04 00:00:00,2021-04-05 03:38:08,1.5,180,True,True,-0.9745416292791078,0.555916412289901,-2.340433903465308,1.063252982785758,2.228237496590054,-0.47106587864133365,0.789524672052793,-0.477392463652341
NWE-7,2021-04-12 12:00:00,2021-04-12 12:05:00,2021-04-19 12:05:00,2021-04-11 00:00:00,2021-04-12 05:15:43,1.5,180,True,True,-1.1041756561317464,-0.11958157878324989,-1.9231638446626784,0.4398903990603026,1.5205640501323812,-0.6750388595730165,0.9890846632787179,0.33885293527358873
NWE-7,2021-04-19 12:00:00,2021-04-19 12:05:00,2021-04-26 12:05:00,2021-04-18 00:00:00,2021-04-19 05:31:24,1.5,180,True,True,1.9604308744144323,2.922778402537962,0.47309951949507595,2.650493929938474,-0.9254689814288302,-2.3532961777773305,1.9151118296649028,1.676696517345415
NWE-7,2021-04-26 12:00:00,2021-04-26 12:05:00,2021-05-03 12:05:00,2021-04-25 00:00:00,2021-04-26 04:17:13,1.5,180,True,True,0.14847970510436384,-1.6527466502457784,-2.1841218455023657,-2.905552114257416,2.712023662883537,3.490374092372887,0.059762603432940424,-2.497663996765171
NWE-7,2021-05-03 12:00:00,2021-05-03 12:05:00,2021-05-10 12:05:00,2021-05-02 00:00:00,2021-05-03 04:44:08,1.5,180,True,True,-1.1096379824276157,-1.2107346256092346,-5.0,-3.212851405440987,5.0,3.3478935718544633,-0.0018358193807905992,-0.08296151038608397
NWE-7,2021-05-10 12:00:00,2021-05-10 12:05:00,2021-05-17 12:05:00,2021-05-09 00:00:00,2021-05-10 03:52:46,1.5,180,True,True,-1.5776422689140097,-0.3979914295395365,-4.317534320610734,0.5608277070281407,3.3463633040729355,-2.4610674503526764,1.274437882636511,1.7259499570443813
NWE-7,2021-05-17 12:00:00,2021-05-17 12:05:00,2021-05-24 12:05:00,2021-05-16 00:00:00,2021-05-17 05:17:49,1.5,180,True,True,-1.358123424524244,0.2174260939812185,-1.9754251989690774,2.5834303578208613,1.4151757115602446,-1.9547662661680167,1.187216556326745,-0.09396582311292133
NWE-7,2021-05-24 12:00:00,2021-05-24 12:05:00,2021-05-31 12:05:00,2021-05-23 00:00:00,2021-05-24 04:07:50,1.5,180,True,True,-0.17558556293707522,1.1310622680952898,-2.1142612744353784,-0.13797461350913698,2.367927586132568,1.0315899692637087,1.4956761538278662,0.44341803102713895
NWE-7,2021-05-31 12:00:00,2021-05-31 12:05:00,2021-06-07 12:05:00,2021-05-30 00:00:00,2021-05-31 04:32:17,1.5,180,True,True,-2.6834203101324885,-2.185447753900542,-4.334398678775836,-2.624340837057928,4.663842891790245,2.4784889476344873,0.510071946816023,-1.3290204393994516
NWE-7,2021-06-07 12:00:00,2021-06-07 12:05:00,2021-06-14 12:05:00,2021-06-06 00:00:00,2021-06-07 04:27:33,1.5,180,True,True,-3.6096264196050156,-1.0196659816029037,-3.8896963308316113,0.05264288109119182,0.5013933926879797,-4.2057613501019375,-0.012417605469469302,-0.6891947266336379
NWE-7,2021-06-14 12:00:00,2021-06-14 12:05:00,2021-06-21 12:05:00,2021-06-13 00:00:00,2021-06-14 03:32:35,1.5,180,True,True,-3.064786606959029,0.29262832646513237,-2.918409136815965,1.025551365629971,1.9197850690369285,1.433845870981697,-0.04633385142926855,-0.04102446730914409
NWE-7,2021-06-21 12:00:00,2021-06-21 12:05:00,2021-06-28 12:05:00,2021-06-20 00:00:00,2021-06-21 03:50:05,1.5,180,True,True,-2.3170687324686003,0.5818060412313546,-1.6992828556033204,1.4847121461320996,-0.04708158660268329,-2.0035409177081216,0.3274176790478455,0.438377030473489
NWE-7,2021-06-28 12:00:00,2021-06-28 12:05:00,2021-07-05 12:05:00,2021-06-27 00:00:00,2021-06-28 04:23:31,1.5,180,True,True,-0.6989792089066894,1.7688522522665697,0.5060679514438104,2.7301980074557934,-0.6509987039993084,-0.6087132393707589,2.126142221318424,1.9892585451553813
NWE-7,2021-07-05 12:00:00,2021-07-05 12:05:00,2021-07-12 12:05:00,2021-07-04 00:00:00,2021-07-05 03:28:57,1.5,180,True,True,-1.1363595374669146,-0.4853567309384723,-2.29132527305438,-3.4505106283614415,3.1833234702060897,3.8654502623803566,0.24322208523292765,-2.0685459332990876
NWE-7,2021-07-12 12:00:00,2021-07-12 12:05:00,2021-07-19 12:05:00,2021-07-11 00:00:00,2021-07-12 03:43:10,1.5,180,True,True,-2.7285577426009993,-1.8767636661643377,-3.0377061633743137,-0.9775755682404028,1.5370783193304485,-1.5196707435422534,-0.23275401118358965,-0.4837860089055416
NWE-7,2021-07-19 12:00:00,2021-07-19 12:05:00,2021-07-26 12:05:00,2021-07-18 00:00:00,2021-07-19 04:26:04,1.5,180,True,True,-3.2160049524126713,-0.9662941358801499,-3.5713907474498248,-0.8827690883276139,0.5608738895026036,-0.9447454097254986,-0.19743994730725742,0.04355868196547275
NWE-7,2021-07-26 12:00:00,2021-07-26 12:05:00,2021-08-02 12:05:00,2021-07-25 00:00:00,2021-07-26 03:51:44,1.5,180,True,True,-3.1642161383720535,-0.4813417575472333,-3.292596881407535,0.05528052963858633,0.12689558026847958,-0.42799759011746147,-0.821998705949325,-0.5658894598272872
NWE-7,2021-08-02 12:00:00,2021-08-02 12:05:00,2021-08-09 12:05:00,2021-08-01 00:00:00,2021-08-02 04:09:32,1.5,180,True,True,-2.697314518842546,0.21101915929987916,-2.5113035183448815,0.8218181334445358,-0.23909601952676524,-0.36563821033372723,-0.6456973215769284,0.17120868481517937
NWE-7,2021-08-09 12:00:00,2021-08-09 12:05:00,2021-08-16 12:05:00,2021-08-08 00:00:00,2021-08-09 03:35:41,1.5,180,True,True,-2.362637411052963,0.1933910976278035,-2.296054223227231,0.18804597145969626,0.3063539997757878,0.546548228277923,-0.9790880641536593,-0.2919668705258186
NWE-7,2021-08-16 12:00:00,2021-08-16 12:05:00,2021-08-23 12:05:00,2021-08-15 00:00:00,2021-08-16 03:07:50,1.5,180,True,True,-2.3598447809002314,-0.19946958684348787,-3.5050061946867492,-1.6005593203368051,1.3148825824499661,0.9987425589098656,-0.643007809774011,0.3017903691722452
NWE-7,2021-08-23 12:00:00,2021-08-23 12:05:00,2021-08-30 12:05:00,2021-08-22 00:00:00,2021-08-23 04:22:07,1.5,180,True,True,-1.8217150377200106,0.858072031308008,-2.4347206313326355,1.3292035153594854,0.3596662593748322,-0.9447851070392667,-1.1486916484160667,-0.4990635059330972
NWE-7,2021-08-30 12:00:00,2021-08-30 12:05:00,2021-09-06 12:05:00,2021-08-29 00:00:00,2021-08-30 04:46:52,1.5,180,True,True,-1.9046141517816813,-0.2725730776974214,-1.9521311376889832,0.618406879904836,-0.5892841398943449,-0.9284844303311651,-0.872704265398874,0.24608433244238348
NWE-7,2021-09-06 12:00:00,2021-09-06 12:05:00,2021-09-13 12:05:00,2021-09-05 00:00:00,2021-09-06 05:34:37,1.5,180,True,True,-1.6640906835028622,0.40401202767783706,-1.9035094881739851,0.06936765014549408,-0.231189512324556,0.3501058825264557,-1.0197294680474405,-0.15944677437648122
NWE-7,2021-09-13 12:00:00,2021-09-13 12:05:00,2021-09-20 12:05:00,2021-09-12 00:00:00,2021-09-13 03:54:47,1.5,180,True,True,-1.651412894324484,-0.022835052762780025,-1.6186875699200065,0.37259470264902916,-0.41655124952989714,-0.1788970456763194,-0.2953730052975479,0.7467515392530809
NWE-7,2021-09-20 12:00:00,2021-09-20 12:05:00,2021-09-27 12:05:00,2021-09-19 00:00:00,2021-09-20 04:55:46,1.5,180,True,True,-1.687820799589971,-0.11654126628716131,-1.887726391244012,-0.34073177155459744,-0.3404096047952748,0.0800717495240845,-0.6630900895920763,-0.40939459513028914
NWE-7,2021-09-27 12:00:00,2021-09-27 12:05:00,2021-10-04 12:05:00,2021-09-26 00:00:00,2021-09-27 03:25:17,1.5,180,True,True,-1.4324067309666089,0.4736613648069814,-1.2715025283751589,0.7845302755158946,-0.21005839705657658,0.1223017860147111,-0.4751832428054356,0.19720080399104145
NWE-7,2021-10-04 12:00:00,2021-10-04 12:05:00,2021-10-11 12:05:00,2021-10-03 00:00:00,2021-10-04 04:24:21,1.5,180,True,True,-1.2265430980856287,0.41643645421959347,-1.0174371025902194,0.3422714634826532,0.0837527027733109,0.2707316986971335,-0.33547185937246465,0.15174493204575487
NWE-7,2021-10-11 12:00:00,2021-10-11 12:05:00,2021-10-18 12:05:00,2021-10-10 00:00:00,2021-10-11 03:40:03,1.5,180,True,True,-0.9960456871587212,0.5044862724347478,-1.4219035710319166,-0.5167864956013689,0.34181267859809156,0.2356874799422777,-0.40899002547559693,-0.088857103816484
NWE-7,2021-10-18 12:00:00,2021-10-18 12:05:00,2021-10-25 12:05:00,2021-10-17 00:00:00,2021-10-18 03:19:21,1.5,180,True,True,-1.1065001950989604,-0.09704586357473483,-1.4401741808900956,0.0017844761648174864,0.29801766204899427,-0.04311513064047334,0.12532318927898412,0.6776865900678829
NWE-7,2021-10-25 12:00:00,2021-10-25 12:05:00,2021-11-01 12:05:00,2021-10-24 00:00:00,2021-10-25 02:40:48,1.5,180,True,True,-1.3249643137164357,-0.19520873615863907,-1.2837188219853928,0.2049543651745508,-1.0861562675964047,-1.271152028567621,0.4674433493597755,0.43872320462104775
NWE-7,2021-11-01 12:00:00,2021-11-01 12:05:00,2021-11-08 12:05:00,2021-10-31 00:00:00,2021-11-01 03:10:39,1.5,180,True,True,-1.0920320043396847,0.6040523766433044,-0.5001053424617311,0.9790552907860423,0.9796946056060513,1.9114188012560562,0.6714606394136752,0.3017788138089078
NWE-7,2021-11-08 12:00:00,2021-11-08 12:05:00,2021-11-15 12:05:00,2021-11-07 00:00:00,2021-11-08 02:50:11,1.5,180,True,True,-1.1661032475906326,-0.06183636509496203,-0.9064575518850185,-0.5002179676700808,-0.18660849918194725,-1.0325838505702398,0.26682608380299,-0.6183251297868511
NWE-7,2021-11-15 12:00:00,2021-11-15 12:05:00,2021-11-22 12:05:00,2021-11-14 00:00:00,2021-11-15 03:11:53,1.5,180,True,True,-1.263002305573742,-0.09439021223093234,-1.0483595486331747,-0.19474014972408238,-0.5230645798880701,-0.289868382871615,0.3600025458119717,0.11807594656601841
NWE-7,2021-11-22 12:00:00,2021-11-22 12:05:00,2021-11-29 12:05:00,2021-11-21 00:00:00,2021-11-22 02:37:40,1.5,180,True,True,-0.9826206907640215,0.7734421331038617,-0.15014928735303978,1.1492377890315277,0.19904980960258883,0.6228792158069059,0.9043503182293858,0.6610241947288693
NWE-7,2021-11-29 12:00:00,2021-11-29 12:05:00,2021-12-06 12:05:00,2021-11-28 00:00:00,2021-11-29 03:30:33,1.5,180,True,True,-1.3815786769780596,-0.5392925882602845,-0.5650375864628611,-0.5462822633902497,0.31646632861169754,0.07771755669885454,0.708588998752138,-0.3384110600879135
NWE-7,2021-12-06 12:00:00,2021-12-06 12:05:00,2021-12-13 12:05:00,2021-12-05 00:00:00,2021-12-06 09:44:57,1.5,180,True,True,0.11827944814867813,2.564028692410655,-1.4399835802001366,-1.1577385777986036,2.2310584543463063,1.601710146324871,1.8569567308236266,1.4407245155381547
NWE-7,2021-12-13 12:00:00,2021-12-13 12:05:00,2021-12-20 12:05:00,2021-12-12 00:00:00,2021-12-13 07:28:40,1.5,180,True,True,-1.5677002725641043,-2.608802228579308,-0.7369572514680619,0.9141525965324281,-1.5100904041691958,-3.1779949006537063,1.0906888344945576,-1.0373218837836558
NWE-7,2021-12-20 12:00:00,2021-12-20 12:05:00,2021-12-27 12:05:00,2021-12-19 00:00:00,2021-12-20 06:30:46,1.5,180,True,True,-1.4214264071950866,0.30786195056743854,-0.9997548092114396,-0.34388794392115296,-1.4698355097392042,0.02010024634414787,1.8643105205185875,0.8966871472923085
NWE-7,2021-12-27 12:00:00,2021-12-27 12:05:00,2022-01-03 12:05:00,2021-12-26 00:00:00,2021-12-27 05:48:52,1.5,180,True,True,-1.1169812112403101,0.712379448378666,-0.7075469040951592,0.4100158845203659,-1.0194740671025546,0.35253167346105974,3.8143187865229495,2.14500492383817
NWE-7,2022-01-03 12:00:00,2022-01-03 12:05:00,2022-01-10 12:05:00,2022-01-02 00:00:00,2022-01-03 05:31:12,1.5,180,True,True,-1.4069902556966851,0.16133478783195415,-1.85505405647922,-1.4803296275290214,-0.43173735481902664,0.5645913198738024,2.1051512745467087,-1.86431505404709
NWE-7,2022-01-10 12:00:00,2022-01-10 12:05:00,2022-01-17 12:05:00,2022-01-09 00:00:00,2022-01-10 04:49:30,1.5,180,True,True,-1.7933161736303138,-0.14886001711744287,-0.9388775796948068,1.2876445143650386,-1.4082087956791676,-0.7858535759529708,2.162198809996638,0.1671606208323478
NWE-7,2022-01-17 12:00:00,2022-01-17 12:05:00,2022-01-24 12:05:00,2022-01-16 00:00:00,2022-01-17 05:52:37,1.5,180,True,True,-3.0513638394491873,-1.1319245542659082,-1.9113476274832155,-1.307620168220084,-1.4895880593385016,-0.07586983687756862,1.7327216043634788,-0.5445996097574436
NWE-7,2022-01-24 12:00:00,2022-01-24 12:05:00,2022-01-31 12:05:00,2022-01-23 00:00:00,2022-01-24 05:33:47,1.5,180,True,True,-1.5005119965305833,1.4021987581956297,-0.8994143404885068,1.4019985023576476,-1.1718594953234394,0.2483501076264606,2.2310623602152164,0.7703753389137495
NWE-7,2022-01-31 12:00:00,2022-01-31 12:05:00,2022-02-07 12:05:00,2022-01-30 00:00:00,2022-01-31 05:21:21,1.5,180,True,True,-0.5067261887460286,0.9293793626562231,-1.1592389104399428,-0.31827445083835426,-0.5118205620962906,0.5461953206988677,1.8132460283796608,-0.5530324981583702
NWE-7,2022-02-07 12:00:00,2022-02-07 12:05:00,2022-02-14 12:05:00,2022-02-06 00:00:00,2022-02-07 05:31:21,1.5,180,True,True,-0.8829736667699135,-0.3470436266434694,-1.2669936771602217,-0.1092020240612153,1.3973971702625854,1.550582187262769,1.1214645780244852,-0.9665788013194682
NWE-7,2022-02-14 12:00:00,2022-02-14 12:05:00,2022-02-21 12:05:00,2022-02-13 00:00:00,2022-02-14 06:11:34,1.5,180,True,True,-1.5183122110616571,-0.5723445577539201,-1.6908738746801941,-0.4569041651463459,-0.31728845173377346,-1.3417403997559774,2.4519142745993316,1.9593801721848594
NWE-7,2022-02-21 12:00:00,2022-02-21 12:05:00,2022-02-28 12:05:00,2022-02-20 00:00:00,2022-02-21 05:33:52,1.5,180,True,True,-2.533255198421854,-0.9520831366156592,-1.447692569155713,0.3259884769967729,-1.0841596172278007,-0.5835945939601854,1.7999362282905211,-0.9022621058536254
NWE-7,2022-02-28 12:00:00,2022-02-28 12:05:00,2022-03-07 12:05:00,2022-02-27 00:00:00,2022-02-28 05:19:26,1.5,180,True,True,-1.7009124201670591,0.7114415611195075,-0.9780637096186499,0.542344887621962,-1.3858655649806138,-0.22771361037984642,2.5537568877032872,1.0980450710210397
NWE-7,2022-03-07 12:00:00,2022-03-07 12:05:00,2022-03-14 12:05:00,2022-03-06 00:00:00,2022-03-07 05:34:06,1.5,180,True,True,-0.5426170428277188,1.0017539887035396,-0.7711812397649201,0.24939144402274213,-0.3988968846654496,0.7593999382223845,1.4254950962560644,-1.5685526063485271
NWE-7,2022-03-14 12:00:00,2022-03-14 12:05:00,2022-03-21 12:05:00,2022-03-13 00:00:00,2022-03-14 05:10:11,1.5,180,True,True,-2.0349565333339568,-1.2852357889214698,-1.7268981815815203,-1.0299100211519039,-1.0649161425013443,-0.5151353887504203,1.4268821095753657,-0.0022781215941067414
NWE-7,2022-03-21 12:00:00,2022-03-21 12:05:00,2022-03-28 12:05:00,2022-03-20 00:00:00,2022-03-21 04:51:03,1.5,180,True,True,-2.1819288672884913,-0.14111071052318522,-1.7477295695738675,0.0003103743700339079,-0.6677739266457509,0.3211948706000019,1.3256404566241065,-0.1490927731263687
NWE-7,2022-03-28 12:00:00,2022-03-28 12:05:00,2022-04-04 12:05:00,2022-03-27 00:00:00,2022-03-28 05:28:08,1.5,180,True,True,-1.0930895248471368,0.9395931606578541,-0.3437946094536538,1.5237630206349826,-0.6296824405944023,0.03152542118674886,1.3631008121354926,0.003785632064658559
NWE-7,2022-04-04 12:00:00,2022-04-04 12:05:00,2022-04-11 12:05:00,2022-04-03 00:00:00,2022-04-04 05:20:13,1.5,180,True,True,-0.29458025999665405,0.6872291279973647,-0.6591631260818059,-0.3309842794397352,-1.1526512886856846,-0.3954659591708633,0.9610381185293819,-0.5755048111225057
NWE-7,2022-04-11 12:00:00,2022-04-11 12:05:00,2022-04-18 12:05:00,2022-04-10 00:00:00,2022-04-11 04:45:47,1.5,180,True,True,-1.6775577521377474,-1.1534787687064263,-0.893849537380133,-0.22405414240419663,-0.8416511020774068,0.25984123938999437,-0.0986460130564522,-1.414680990452488
NWE-7,2022-04-18 12:00:00,2022-04-18 12:05:00,2022-04-25 12:05:00,2022-04-17 00:00:00,2022-04-18 05:37:54,1.5,180,True,True,-2.874448666929619,-0.9762299470890162,-2.375226865042132,-1.5066326966716055,-1.2406868963933844,-0.32393304723791816,1.523048251614189,2.072351584378321
NWE-7,2022-04-25 12:00:00,2022-04-25 12:05:00,2022-05-02 12:05:00,2022-04-24 00:00:00,2022-04-25 05:20:19,1.5,180,True,True,-2.322962105835191,0.4399377801844352,-2.3868220523759707,-0.02703436655673568,-0.27236234663420283,0.7760997218772264,0.694263467028825,-1.1098143513133902
NWE-7,2022-05-02 12:00:00,2022-05-02 12:05:00,2022-05-09 12:05:00,2022-05-01 00:00:00,2022-05-02 05:07:35,1.5,180,True,True,-1.6057095509748798,0.5917742297682753,-1.6607889319113265,0.7236445577036983,-1.0434588834869787,-0.6071796326206507,1.056751579847105,0.43581176560708107
NWE-7,2022-05-09 12:00:00,2022-05-09 12:05:00,2022-05-16 12:05:00,2022-05-08 00:00:00,2022-05-09 04:49:00,1.5,180,True,True,0.06560529885906964,1.4217671472107198,-1.4388129019507252,0.23446299557448141,-0.11519898790386336,0.7460147943486802,0.4057581818125283,-0.8095493752429626
NWE-7,2022-05-16 12:00:00,2022-05-16 12:05:00,2022-05-23 12:05:00,2022-05-15 00:00:00,2022-05-16 05:42:36,1.5,180,True,True,1.6198810516459767,1.3808590108169037,0.6747719735296897,2.1940354160162046,4.056954438042687,3.3329888268024375,-0.20861671426289727,-0.7218032415732116
NWE-7,2022-05-23 12:00:00,2022-05-23 12:05:00,2022-05-30 12:05:00,2022-05-22 00:00:00,2022-05-23 04:44:51,1.5,180,True,True,0.6208879524126149,-0.8513786572204347,-0.08586061032726386,-0.766418720027857,-0.04953785128193354,-3.15912509487682,-0.5861147373831113,-0.39672308863900363
NWE-7,2022-05-30 12:00:00,2022-05-30 12:05:00,2022-06-06 12:05:00,2022-05-29 00:00:00,2022-05-30 05:09:30,1.5,180,True,True,-0.5382848984164028,-1.0585855649795175,-1.7683640257065738,-1.6528299119309617,0.30569806869153854,0.2788217742149475,-0.3213463376492678,0.2876215798751478
NWE-7,2022-06-06 12:00:00,2022-06-06 12:05:00,2022-06-13 12:05:00,2022-06-05 00:00:00,2022-06-06 05:08:44,1.5,180,True,True,-0.6783283211053722,-0.1333847051072373,-2.0074324778369843,-0.21860790101076846,-0.06143015006072084,-0.29538343076358164,0.5719475096739584,0.9653573814331684
NWE-7,2022-06-13 12:00:00,2022-06-13 12:05:00,2022-06-20 12:05:00,2022-06-12 00:00:00,2022-06-13 05:04:24,1.5,180,True,True,-0.06751865981429632,0.5935993906419781,-0.04801417969247371,1.941631458209886,-1.0264751939825427,-0.7638359155944053,0.10897817723597208,-0.5044323174328407
NWE-7,2022-06-20 12:00:00,2022-06-20 12:05:00,2022-06-27 12:05:00,2022-06-19 00:00:00,2022-06-20 05:22:58,1.5,180,True,True,0.36892139175210364,0.4118350900992364,-1.270831920534717,-1.2129196917837881,-0.5631344309718409,0.3826153413568856,1.7459908035168286,1.7320098832490127
NWE-7,2022-06-27 12:00:00,2022-06-27 12:05:00,2022-07-04 12:05:00,2022-06-26 00:00:00,2022-06-27 05:14:14,1.5,180,True,True,0.2718691177276698,-0.08882386551157757,-1.1185493116976934,0.15254738264918755,-0.21884525861049545,0.2839504230092383,-0.3716153223372059,-2.290157224348936
NWE-7,2022-07-04 12:00:00,2022-07-04 12:05:00,2022-07-11 12:05:00,2022-07-03 00:00:00,2022-07-04 04:51:12,1.5,180,True,True,-0.8310207073326167,-1.0370493103464002,-2.5423130718321247,-1.2761912745265533,-0.9922485697168197,-0.6278215666417493,1.0172275867918643,1.492510974983796
NWE-7,2022-07-11 12:00:00,2022-07-11 12:05:00,2022-07-18 12:05:00,2022-07-10 00:00:00,2022-07-11 05:20:59,1.5,180,True,True,-0.08436013627013585,0.6857419282119371,-2.343568054878225,0.14724433723369534,-0.6234909487510403,0.3027063587174371,0.48693685401203096,-0.5764067761642936
NWE-7,2022-07-18 12:00:00,2022-07-18 12:05:00,2022-07-25 12:05:00,2022-07-17 00:00:00,2022-07-18 04:38:54,1.5,180,True,True,0.9258060762495635,0.9970617994327307,-0.623753537280706,1.6605789261083608,-0.040683887864461914,0.4825568400638681,0.03264175072699578,-0.49327436018649506
NWE-7,2022-07-25 12:00:00,2022-07-25 12:05:00,2022-08-01 12:05:00,2022-07-24 00:00:00,2022-07-25 05:31:42,1.5,180,True,True,-0.7099363486534883,-1.6453129509908087,-2.431650700983339,-1.8075143090515282,-0.3469228720164162,-0.2527670413756201,0.9191128403190617,0.952733713101864
NWE-7,2022-08-01 12:00:00,2022-08-01 12:05:00,2022-08-08 12:05:00,2022-07-31 00:00:00,2022-08-01 06:03:31,1.5,180,True,True,-0.4673172321285944,0.23846555090534352,-1.668800362528136,0.7424077310026693,-0.462662530514647,-0.09828209147782882,1.2236452022399869,0.3285213958750278
NWE-7,2022-08-08 12:00:00,2022-08-08 12:05:00,2022-08-15 12:05:00,2022-08-07 00:00:00,2022-08-08 05:35:11,1.5,180,True,True,-0.6537594656711524,-0.18481412743970285,-2.5610549536456744,-0.9099783350989336,-0.8070967350160988,-0.2750747401372915,1.0783261220511149,-0.15390244750091242
NWE-7,2022-08-15 12:00:00,2022-08-15 12:05:00,2022-08-22 12:05:00,2022-08-14 00:00:00,2022-08-15 05:48:46,1.5,180,True,True,-1.1630496484611548,-0.5098030794630874,-1.1402404422312813,1.5363630189763793,1.9519625214655905,2.3228215762433244,1.1645603827446067,0.04858835011208528
NWE-7,2022-08-22 12:00:00,2022-08-22 12:05:00,2022-08-29 12:05:00,2022-08-21 00:00:00,2022-08-22 05:48:57,1.5,180,True,True,-1.3801777993222148,-0.19314585415034785,-1.9131303913532858,-0.808845827534117,0.2780785086471231,-1.411226825247718,1.0595851242202683,-0.09429918984798837
NWE-7,2022-08-29 12:00:00,2022-08-29 12:05:00,2022-09-05 12:05:00,2022-08-28 00:00:00,2022-08-29 05:26:59,1.5,180,True,True,-1.713247348362022,-0.31591130108898424,-2.4871136470581283,-0.6419893839464138,0.37564687090806886,0.0841436390575811,1.4201091537263941,0.35965664781994444
NWE-7,2022-09-05 12:00:00,2022-09-05 12:05:00,2022-09-12 12:05:00,2022-09-04 00:00:00,2022-09-05 05:03:33,1.5,180,True,True,-1.003914082158824,0.7231697371503147,-2.6784905326809896,-0.24978672918620728,0.47937846294885716,0.08555918726343059,0.9437041567564914,-0.5274596060648838
NWE-7,2022-09-12 12:00:00,2022-09-12 12:05:00,2022-09-19 12:05:00,2022-09-11 00:00:00,2022-09-12 06:19:56,1.5,180,True,True,-1.2430282065621796,-0.23001721867501948,-2.617612650899405,0.030854058246180958,0.15978607684659182,-0.2795388393659156,2.303919387637843,1.4662784263933049
NWE-7,2022-09-19 12:00:00,2022-09-19 12:05:00,2022-09-26 12:05:00,2022-09-18 00:00:00,2022-09-19 05:44:43,1.5,180,True,True,-0.5470842424992112,0.7248989631081085,-1.765314945981512,0.8815707843460879,-0.033265074727866224,-0.17036073056744516,0.7600725625152983,-1.619453440646442
NWE-7,2022-09-26 12:00:00,2022-09-26 12:05:00,2022-10-03 12:05:00,2022-09-25 00:00:00,2022-09-26 05:01:11,1.5,180,True,True,-0.8353413263157484,-0.27434725175248087,-1.527982558886672,0.2462442505113853,-0.4508557194224271,-0.37253760532119407,2.0752816346005436,1.3925798473377202
NWE-7,2022-10-03 12:00:00,2022-10-03 12:05:00,2022-10-10 12:05:00,2022-10-02 00:00:00,2022-10-03 05:55:01,1.5,180,True,True,-1.3801419491894373,-0.5420609163623905,-1.6837543004666642,-0.19943853169424447,0.8609237179912782,1.1768689508511578,1.8594570667493426,-0.14662537017897923
NWE-7,2022-10-10 12:00:00,2022-10-10 12:05:00,2022-10-17 12:05:00,2022-10-09 00:00:00,2022-10-10 05:59:42,1.5,180,True,True,-2.421771195163487,-1.0701910582622647,-1.7367878024199137,-0.07271331998946998,-0.37645594313530706,-1.1177353762956574,1.2131329282063685,-0.662711708020357
NWE-7,2022-10-17 12:00:00,2022-10-17 12:05:00,2022-10-24 12:05:00,2022-10-16 00:00:00,2022-10-17 05:36:51,1.5,180,True,True,-1.3814590926244457,1.04251630090802,-1.086798816756519,0.7452966901910374,-1.0533667842101766,-0.5970751187676988,1.3941462418254067,0.2264089576932709
NWE-7,2022-10-24 12:00:00,2022-10-24 12:05:00,2022-10-31 12:05:00,2022-10-23 00:00:00,2022-10-24 05:42:00,1.5,180,True,True,-1.805316150274903,-0.3628539754270607,-1.5353604396598952,-0.4741608052744982,-0.5944817127392821,0.4048083419116541,1.6147257517917197,0.3419196927534651
NWE-7,2022-10-31 12:00:00,2022-10-31 12:05:00,2022-11-07 12:05:00,2022-10-30 00:00:00,2022-10-31 05:09:32,1.5,180,True,True,-0.12663020529422112,1.5730577601592066,-0.36879641056796336,1.3205383667140838,-0.33861531834759695,0.2249064606033313,1.5675654149224572,0.0447984752641999
NWE-7,2022-11-07 12:00:00,2022-11-07 12:05:00,2022-11-14 12:05:00,2022-11-06 00:00:00,2022-11-07 05:33:45,1.5,180,True,True,-0.12682535293212333,0.00023580772361575354,-0.4775074990244754,-0.1207109129928029,-0.09797497855065565,0.21752227527136728,0.6518218751372244,-1.1644711692871
NWE-7,2022-11-14 12:00:00,2022-11-14 12:05:00,2022-11-21 12:05:00,2022-11-13 00:00:00,2022-11-14 06:32:46,1.5,180,True,True,0.6745233228714328,0.7616340476385416,0.007860449526308154,0.5539075797046399,-0.38165655077430816,-0.23802215563240608,3.395265932012177,3.5010690804372797
NWE-7,2022-11-21 12:00:00,2022-11-21 12:05:00,2022-11-28 12:05:00,2022-11-20 00:00:00,2022-11-21 05:47:11,1.5,180,True,True,0.6775381540614236,0.056968910155899825,-0.8939854331250248,-1.0343003349648134,5.0,5.0,0.30658494170035994,-3.6321887682635463
NWE-7,2022-11-28 12:00:00,2022-11-28 12:05:00,2022-12-05 12:05:00,2022-11-27 00:00:00,2022-11-28 06:46:20,1.5,180,True,True,0.5464563372559422,-0.106940443824536,-0.4535028194261977,0.5022402141788139,1.8152987074764941,-2.683566889394031,-0.2287764422543672,-0.6092808463922645
NWE-7,2022-12-05 12:00:00,2022-12-05 12:05:00,2022-12-12 12:05:00,2022-12-04 00:00:00,2022-12-05 05:58:29,1.5,180,True,True,0.25131061050342135,-0.30834255967766916,-0.9118155810823343,-0.5235945148245941,1.8995913464866718,0.098266876753507,0.016283860230268548,0.2778386694061405
NWE-7,2022-12-12 12:00:00,2022-12-12 12:05:00,2022-12-19 12:05:00,2022-12-11 00:00:00,2022-12-12 05:28:28,1.5,180,True,True,-1.581823424486231,-1.9750436223958647,-1.127819864448788,-0.24824090155254774,-0.7057984729753718,-2.4013615422454637,0.5529154857136961,0.6288871550142499
NWE-7,2022-12-19 12:00:00,2022-12-19 12:05:00,2022-12-26 12:05:00,2022-12-18 00:00:00,2022-12-19 05:43:57,1.5,180,True,True,-0.7790333471806983,0.9114329547007731,-1.4911010246159333,-0.3983739465529263,0.8350810499442616,1.4014533707907935,0.43557420094987814,-0.14085108792507045
NWE-7,2022-12-26 12:00:00,2022-12-26 12:05:00,2023-01-02 12:05:00,2022-12-25 00:00:00,2022-12-26 05:54:59,1.5,180,True,True,-0.258757978883624,0.5815243245453006,-1.6936868244185102,-0.2744951345063489,0.7030188854811822,-0.11277895238478723,0.2522186423250944,-0.21673969087761483
NWE-7,2023-01-02 12:00:00,2023-01-02 12:05:00,2023-01-09 12:05:00,2023-01-01 00:00:00,2023-01-02 06:44:35,1.5,180,True,True,-2.0839785642152178,-2.0486772924378127,-2.680357069917874,-1.115079059886997,-0.08219483445847824,-0.7197801846487996,1.710961335378672,1.7806272152669123
NWE-7,2023-01-09 12:00:00,2023-01-09 12:05:00,2023-01-16 12:05:00,2023-01-08 00:00:00,2023-01-09 04:48:34,1.5,180,True,True,-2.0823921848885525,-0.0302225810169157,-1.1536886023003194,1.7130707774498948,-0.8872586353928977,-0.7422737504003107,-0.8656953923306585,-3.1419926779203546
NWE-7,2023-01-16 12:00:00,2023-01-16 12:05:00,2023-01-23 12:05:00,2023-01-15 00:00:00,2023-01-16 05:06:13,1.5,180,True,True,-1.7657614865047109,0.3771927534168996,-0.8345326239319848,0.3629246123010195,-1.149209543665558,-0.2759411396719828,-1.3880851009286255,-0.7242182301758088
NWE-7,2023-01-23 12:00:00,2023-01-23 12:05:00,2023-01-30 12:05:00,2023-01-22 00:00:00,2023-01-23 05:24:02,1.5,180,True,True,-0.27393290505885226,1.664297706812968,-0.4686664227969691,0.408183643029126,0.6548707325802433,1.6688348337993337,-1.179190554507091,0.14158086884933774
NWE-7,2023-01-30 12:00:00,2023-01-30 12:05:00,2023-02-06 12:05:00,2023-01-29 00:00:00,2023-01-30 06:18:07,1.5,180,True,True,-1.5882095242467822,-1.4656922766075973,-0.6959669843462251,-0.2538340333732956,-0.7499289618317311,-1.3028039749023073,-1.1589110951776531,-0.06819682035791234
NWE-7,2023-02-06 12:00:00,2023-02-06 12:05:00,2023-02-13 12:05:00,2023-02-05 00:00:00,2023-02-06 05:35:08,1.5,180,True,True,-0.16868923910174133,1.509907498587351,-0.4037524686757292,0.288150844967799,-0.827159447898318,-0.07897486297603108,-1.358341203009639,-0.4375526966295426
NWE-7,2023-02-13 12:00:00,2023-02-13 12:05:00,2023-02-20 12:05:00,2023-02-12 00:00:00,2023-02-13 05:50:50,1.5,180,True,True,0.2607330981033367,0.46706567601095217,-0.8722644150049044,-0.5384618815301796,0.38944142955001937,1.1686754185060797,-0.9437577873026054,0.5590880460369058
NWE-7,2023-02-20 12:00:00,2023-02-20 12:05:00,2023-02-27 12:05:00,2023-02-19 00:00:00,2023-02-20 06:05:07,1.5,180,True,True,-0.16883370914525878,-0.4721305351988228,-1.2308998854583018,-0.38692964318975964,2.644841175495428,2.105108580150506,-0.6627954393424602,0.4264770036578998
NWE-7,2023-02-27 12:00:00,2023-02-27 12:05:00,2023-03-06 12:05:00,2023-02-26 00:00:00,2023-02-27 06:08:56,1.5,180,True,True,-0.4969184159415667,-0.34366713631659135,-0.824669711433931,0.45552571418381566,0.6838540408781892,-1.6700649219840515,-1.225167128806554,-0.9180949513447805
NWE-7,2023-03-06 12:00:00,2023-03-06 12:05:00,2023-03-13 12:05:00,2023-03-05 00:00:00,2023-03-06 05:02:25,1.5,180,True,True,0.03416501919530271,0.5712563843401576,0.06998748678818799,0.9537448476546458,1.864025376535654,1.0593443643919602,-1.5038856397288527,-0.48325854902173365
NWE-7,2023-03-13 12:00:00,2023-03-13 12:05:00,2023-03-20 12:05:00,2023-03-12 00:00:00,2023-03-13 04:08:53,1.5,180,True,True,0.3736123853151849,0.37802456530910017,-0.8379849032036019,-0.9751964335661402,0.5511974956248008,-1.1309687197320077,-0.7437691338747282,1.2217438598918824
NWE-7,2023-03-20 12:00:00,2023-03-20 12:05:00,2023-03-27 12:05:00,2023-03-19 00:00:00,2023-03-20 04:42:38,1.5,180,True,True,1.125212057138561,0.8834420697134352,-0.10807682160013121,0.7839817507265273,-0.6465819727333598,-1.0751882304262068,-0.7957162749886091,-0.0817628958722503
NWE-7,2023-03-27 12:00:00,2023-03-27 12:05:00,2023-04-03 12:05:00,2023-03-26 00:00:00,2023-03-27 05:49:51,1.5,180,True,True,0.5330262947437023,-0.6673327201441281,-0.05783800810016146,0.05276523816169947,-0.02156551265702479,0.5602413973498591,-0.8941076669186694,-0.1670436695206783
NWE-7,2023-04-03 12:00:00,2023-04-03 12:05:00,2023-04-10 12:05:00,2023-04-02 00:00:00,2023-04-03 05:19:39,1.5,180,True,True,0.585559442672278,0.06354106600814449,1.3734064024049968,1.4592594427087253,0.07717468727903977,0.08818694371905111,-2.1760191731643372,-2.112132038774871
NWE-7,2023-04-10 12:00:00,2023-04-10 12:05:00,2023-04-17 12:05:00,2023-04-09 00:00:00,2023-04-10 06:35:39,1.5,180,True,True,-0.26005481821053733,-1.0245523637697873,-0.07929623416435409,-1.4784493342347569,2.0926576694927905,1.8043710494298508,-1.7402227176289733,0.6038320535836484
NWE-7,2023-04-17 12:00:00,2023-04-17 12:05:00,2023-04-24 12:05:00,2023-04-16 00:00:00,2023-04-17 06:35:27,1.5,180,True,True,-0.10723195942171561,0.183074603362775,-0.13115953072428876,-0.053508603073938774,0.9418838254668787,-0.9286416689292964,0.232946368822284,3.165277834553075
NWE-7,2023-04-24 12:00:00,2023-04-24 12:05:00,2023-05-01 12:05:00,2023-04-23 00:00:00,2023-04-24 05:29:00,1.5,180,True,True,-0.9729514173633247,-0.9450080285518088,2.880353715754369,2.996860259219207,-4.150055326779647,-4.23851192140566,-4.41444386707545,-5.0
NWE-7,2023-05-01 12:00:00,2023-05-01 12:05:00,2023-05-08 12:05:00,2023-04-30 00:00:00,2023-05-01 04:53:26,1.5,180,True,True,1.9895502793288065,3.224434484503319,3.7990851180463032,1.4317504666378835,-5.0,-2.5402791515168244,-5.0,-1.9163844744389424
NWE-7,2023-05-08 12:00:00,2023-05-08 12:05:00,2023-05-15 12:05:00,2023-05-07 00:00:00,2023-05-08 05:56:39,1.5,180,True,True,5.0,4.962409102085739,3.7733486129561764,0.7780089916432412,-5.0,-2.595437395906803,-5.0,-2.394798760548655
NWE-7,2023-05-15 12:00:00,2023-05-15 12:05:00,2023-05-22 12:05:00,2023-05-14 00:00:00,2023-05-15 04:29:41,1.5,180,True,True,1.4575302107836612,-3.796361297036957,2.247325200773403,-1.4344647613905779,-2.508658267266268,3.7363664978041893,-3.6761703728414963,1.113850302687176
NWE-7,2023-05-22 12:00:00,2023-05-22 12:05:00,2023-05-29 12:05:00,2023-05-21 00:00:00,2023-05-22 05:12:18,1.5,180,True,True,1.2934659310635248,-0.11005820449449225,1.5717846765686647,-0.8189626234938711,-1.6876642388820864,0.9813924324950699,-2.4820586544872865,1.7631260133728608
NWE-7,2023-05-29 12:00:00,2023-05-29 12:05:00,2023-06-05 12:05:00,2023-05-28 00:00:00,2023-05-29 04:31:32,1.5,180,True,True,0.9649412452813027,-0.4003966000866035,1.3077635639808116,-0.32515737754895063,-1.4290193336442045,0.33451294992439884,-1.8417041036246053,1.1825570667257357
NWE-7,2023-06-05 12:00:00,2023-06-05 12:05:00,2023-06-12 12:05:00,2023-06-04 00:00:00,2023-06-05 04:33:34,1.5,180,True,True,0.3560675875375292,-0.840281840064227,0.27161761986501104,-1.651182627698071,0.14011692283725002,2.340959650379699,-0.9486474332481666,1.9196236779269995
NWE-7,2023-06-12 12:00:00,2023-06-12 12:05:00,2023-06-19 12:05:00,2023-06-11 00:00:00,2023-06-12 05:32:58,1.5,180,True,True,0.0863721585594927,-0.39735662491167145,0.27943386518181346,0.004896649383590967,-0.2972647044772637,-0.628978862122896,-1.223153331975325,-0.5755712887714872
NWE-7,2023-06-19 12:00:00,2023-06-19 12:05:00,2023-06-26 12:05:00,2023-06-18 00:00:00,2023-06-19 04:28:59,1.5,180,True,True,-0.04206278904802913,-0.18779075363319314,0.8735396484934789,0.9282133687738874,-1.1336992717327636,-1.1764257463059549,-0.8077346547261882,0.8904450624208667
NWE-7,2023-06-26 12:00:00,2023-06-26 12:05:00,2023-07-03 12:05:00,2023-06-25 00:00:00,2023-06-26 04:45:32,1.5,180,True,True,-0.13141391467603808,-0.12934205711127572,0.23357321702547465,-0.9890744257678125,-0.3090389115469301,1.1205337026222675,-0.1948187854690741,1.2264297172801275
NWE-7,2023-07-03 12:00:00,2023-07-03 12:05:00,2023-07-10 12:05:00,2023-07-02 00:00:00,2023-07-03 04:51:05,1.5,180,True,True,-0.5849302721990917,-0.6491144226701694,-1.1465029772776067,-2.1147649768470655,1.6257106962327554,2.6134408023860676,-0.2773689779101033,-0.13973398616591864
NWE-7,2023-07-10 12:00:00,2023-07-10 12:05:00,2023-07-17 12:05:00,2023-07-09 00:00:00,2023-07-10 04:12:48,1.5,180,True,True,-1.3899788670021855,-1.0883624728131354,1.4400630404188604,3.856660285589656,-2.2782320955880913,-5.0,-0.6013923315735368,-0.5736766482540524
NWE-7,2023-07-17 12:00:00,2023-07-17 12:05:00,2023-07-24 12:05:00,2023-07-16 00:00:00,2023-07-17 05:13:28,1.5,180,True,True,-1.0996331040534457,0.4397500220808406,1.68994593962938,0.3511233997844729,-2.2038583448612443,0.038983317478323586,-0.8710171685158229,-0.4625454131579988
NWE-7,2023-07-24 12:00:00,2023-07-24 12:05:00,2023-07-31 12:05:00,2023-07-23 00:00:00,2023-07-24 05:26:02,1.5,180,True,True,-0.40245402644936284,0.9371806216224747,1.6117303843738362,-0.10466457029986719,-1.9547822787273827,0.24860039025379546,-0.8948465079283288,-0.025346593225349687
NWE-7,2023-07-31 12:00:00,2023-07-31 12:05:00,2023-08-07 12:05:00,2023-07-30 00:00:00,2023-07-31 05:10:00,1.5,180,True,True,-1.230038571717595,-1.031767779329576,1.5774292960339524,-0.07950148858084144,-2.127311900157615,-0.24835713671846082,-0.6486722081119993,0.4304035013902921
NWE-7,2023-08-07 12:00:00,2023-08-07 12:05:00,2023-08-14 12:05:00,2023-08-06 00:00:00,2023-08-07 04:41:01,1.5,180,True,True,-1.1957417944193878,0.04116933361969885,1.4076850942159036,-0.23936807284011605,-2.4482599849514397,-0.41031075832940356,0.02113740015527359,1.1051165067406383
NWE-7,2023-08-14 12:00:00,2023-08-14 12:05:00,2023-08-21 12:05:00,2023-08-13 00:00:00,2023-08-14 04:39:20,1.5,180,True,True,-1.227557115427397,-0.040440875328092735,1.3222189000403644,-0.15645483436584048,-1.6084836904622035,0.9533742437776781,-0.3026727738701863,-0.5097010346624858
NWE-7,2023-08-21 12:00:00,2023-08-21 12:05:00,2023-08-28 12:05:00,2023-08-20 00:00:00,2023-08-21 05:04:06,1.5,180,True,True,-1.3063083900462928,-0.11569546043156112,1.378688301384578,0.0018954293556834648,-2.1487538902982024,-0.62469814623534,-0.42288569635413165,-0.17630039325042593
NWE-7,2023-08-28 12:00:00,2023-08-28 12:05:00,2023-09-04 12:05:00,2023-08-27 00:00:00,2023-08-28 04:47:32,1.5,180,True,True,-0.9947129222211244,0.40419080138212315,1.0629968516346524,-0.47429265201394655,-0.8338878819936004,1.538629290259681,-0.03949928360858579,0.5819330023585583
NWE-7,2023-09-04 12:00:00,2023-09-04 12:05:00,2023-09-11 12:05:00,2023-09-03 00:00:00,2023-09-04 04:41:18,1.5,180,True,True,-0.8700942435880583,0.1621270361497675,1.5471519039647896,0.57992509076388,-2.720365620086083,-2.133522528116686,-0.22496806579214312,-0.2687845667909078
NWE-7,2023-09-11 12:00:00,2023-09-11 12:05:00,2023-09-18 12:05:00,2023-09-10 00:00:00,2023-09-11 04:36:43,1.5,180,True,True,0.4336815284825159,1.7139141330107523,1.2556484144593092,-0.3894292434413752,-1.0529107892539709,1.811091814921622,0.18346209180592477,0.5851569612030612
NWE-7,2023-09-18 12:00:00,2023-09-18 12:05:00,2023-09-25 12:05:00,2023-09-17 00:00:00,2023-09-18 05:29:36,1.5,180,True,True,-0.28094716181794904,-0.9329705689515045,1.6291041184818325,0.3879773696112991,-1.3910469321168428,-0.34950066935181073,-0.13166073886866403,-0.44037982525434644
NWE-7,2023-09-25 12:00:00,2023-09-25 12:05:00,2023-10-02 12:05:00,2023-09-24 00:00:00,2023-09-25 05:59:02,1.5,180,True,True,0.08640568234569593,0.4719524449930942,-0.18918201264448523,-2.138460834392075,0.8140572211862662,2.3084500534114096,0.11490524594088761,0.33238180065585377
NWE-7,2023-10-02 12:00:00,2023-10-02 12:05:00,2023-10-09 12:05:00,2023-10-01 00:00:00,2023-10-02 06:05:01,1.5,180,True,True,-0.8131693331588463,-1.1399218420689337,-1.5266663565277991,-1.2880724657958322,1.3172993738288838,0.4964019573661348,0.6375826543017525,0.6565509640040755
NWE-7,2023-10-09 12:00:00,2023-10-09 12:05:00,2023-10-16 12:05:00,2023-10-08 00:00:00,2023-10-09 07:07:11,1.5,180,True,True,-1.1663017570109768,-0.4437802299180634,-3.0018433290710056,-1.5777976890834733,1.1929775583358293,-0.1144446016261864,1.7658849589224648,1.463658723293467
NWE-7,2023-10-16 12:00:00,2023-10-16 12:05:00,2023-10-23 12:05:00,2023-10-15 00:00:00,2023-10-16 05:07:46,1.5,180,True,True,-1.6871829231373936,-0.6707506358506929,-3.047695806583797,-0.26481861499519305,1.0377638014869468,-0.16492869585231607,1.5831083089683304,-0.19468647983328274
NWE-7,2023-10-23 12:00:00,2023-10-23 12:05:00,2023-10-30 12:05:00,2023-10-22 00:00:00,2023-10-23 04:48:35,1.5,180,True,True,-1.4851656238742335,0.2434368102245528,-2.6493789443287543,0.2671927941276589,1.1855344644994557,0.1457675217201906,1.6344498607848548,0.12007726079707237
NWE-7,2023-10-30 12:00:00,2023-10-30 12:05:00,2023-11-06 12:05:00,2023-10-29 00:00:00,2023-10-30 05:14:56,1.5,180,True,True,-1.127702229654363,0.4533392098271873,0.00020285173296879364,2.9935314719747157,0.2257403560135142,-0.9550776376197654,-0.05586692926621955,-2.5011624530802865
NWE-7,2023-11-06 12:00:00,2023-11-06 12:05:00,2023-11-13 12:05:00,2023-11-05 00:00:00,2023-11-06 07:44:19,1.5,180,True,True,1.1556627920301796,3.3438494704723127,1.45348211177456,1.5926135483599633,-1.033624956381337,-1.2267879929069272,-0.7530341586750245,-0.9573068860669582
NWE-7,2023-11-13 12:00:00,2023-11-13 12:05:00,2023-11-20 12:05:00,2023-11-12 00:00:00,2023-11-13 04:18:42,1.5,180,True,True,2.093627579171177,0.9796430521693069,1.7603118624883238,0.3316973800958632,-2.2853228718784355,-1.1989655789304643,-0.8011889018594682,0.08465764408590506
NWE-7,2023-11-20 12:00:00,2023-11-20 12:05:00,2023-11-27 12:05:00,2023-11-19 00:00:00,2023-11-20 07:32:18,1.5,180,True,True,2.6144218114719795,0.9166265982802424,1.5027928956856305,-0.24125784034752432,-2.1474220258713617,0.052503826176483255,-1.6562801523533868,-0.8331458591382226
NWE-7,2023-11-27 12:00:00,2023-11-27 12:05:00,2023-12-04 12:05:00,2023-11-26 00:00:00,2023-11-27 05:46:14,1.5,180,True,True,1.3312643734056697,-1.4735863163602057,1.209603212498444,-0.29818405709186063,-1.1228010873350267,0.9884915593152215,-0.977855435340119,0.8270833262797127
NWE-7,2023-12-04 12:00:00,2023-12-04 12:05:00,2023-12-11 12:05:00,2023-12-03 00:00:00,2023-12-04 06:27:24,1.5,180,True,True,1.8911231609215056,0.7629790243710984,1.5109225980276513,0.3466619244461737,-2.379064914386461,-1.26378139189898,-1.5875983861624103,-0.6246964947536087
NWE-7,2023-12-11 12:00:00,2023-12-11 12:05:00,2023-12-18 12:05:00,2023-12-10 00:00:00,2023-12-11 07:22:43,1.5,180,True,True,1.560853715978143,-0.2301312942234086,0.9337746129428507,-0.6513837852649585,-0.8127837793310598,1.5436524280637158,-2.225875415075881,-0.6679308913695604
NWE-7,2023-12-18 12:00:00,2023-12-18 12:05:00,2023-12-25 12:05:00,2023-12-17 00:00:00,2023-12-18 04:07:31,1.5,180,True,True,3.088741126025523,2.5382547100724464,1.253288345935688,0.3931240924951184,-2.1973254283706245,-1.4632138960011598,-2.8356701447337955,-0.8242310563689766
NWE-7,2023-12-25 12:00:00,2023-12-25 12:05:00,2024-01-01 12:05:00,2023-12-24 00:00:00,2023-12-25 05:10:52,1.5,180,True,False,1.382417787876242,-2.2071653351624145,1.2742560683636905,0.04901756190667123,-1.8950769468045934,0.24223100438362696,-2.0854560910664692,0.6428187490137812
