setup_position,confirmation_end_position,entry_position,exit_position,side,setup_bar_date,confirmation_end_bar_date,signal_available_at,entry_date,exit_date,um_confirmation_displacement_bp,spot_confirmation_displacement_bp,confirmation_churn_bars
2511,2517,2519,2615,1,2020-01-09 17:15:00,2020-01-09 17:45:00,2020-01-09 17:50:00,2020-01-09 17:55:00,2020-01-10 01:55:00,27.9027358504,24.97068789121,6
3036,3042,3044,3140,1,2020-01-11 13:00:00,2020-01-11 13:30:00,2020-01-11 13:35:00,2020-01-11 13:40:00,2020-01-11 21:40:00,0.23382540642999672,3.9963693545900014,4
4514,4520,4522,4618,-1,2020-01-16 16:10:00,2020-01-16 16:40:00,2020-01-16 16:45:00,2020-01-16 16:50:00,2020-01-17 00:50:00,27.950631529309995,25.992439322613016,3
7828,7834,7836,7932,-1,2020-01-28 04:20:00,2020-01-28 04:50:00,2020-01-28 04:55:00,2020-01-28 05:00:00,2020-01-28 13:00:00,9.01107149014,14.302332439540002,5
9099,9105,9107,9203,1,2020-02-01 14:15:00,2020-02-01 14:45:00,2020-02-01 14:50:00,2020-02-01 14:55:00,2020-02-01 22:55:00,16.71858288616,21.133444634499998,4
11851,11857,11859,11955,-1,2020-02-11 03:35:00,2020-02-11 04:05:00,2020-02-11 04:10:00,2020-02-11 04:15:00,2020-02-11 12:15:00,0.23581394087700147,0.42035816878169996,4
12157,12163,12165,12261,1,2020-02-12 05:05:00,2020-02-12 05:35:00,2020-02-12 05:40:00,2020-02-12 05:45:00,2020-02-12 13:45:00,8.174024208438999,7.001972304417998,3
12299,12305,12307,12403,-1,2020-02-12 16:55:00,2020-02-12 17:25:00,2020-02-12 17:30:00,2020-02-12 17:35:00,2020-02-13 01:35:00,9.391110071650001,10.96500657168,5
13624,13630,13632,13728,-1,2020-02-17 07:20:00,2020-02-17 07:50:00,2020-02-17 07:55:00,2020-02-17 08:00:00,2020-02-17 16:00:00,30.008622423745003,30.26376098432,3
14820,14826,14828,14924,1,2020-02-21 11:00:00,2020-02-21 11:30:00,2020-02-21 11:35:00,2020-02-21 11:40:00,2020-02-21 19:40:00,10.67368730879,10.997381041780002,3
16051,16057,16059,16155,1,2020-02-25 17:35:00,2020-02-25 18:05:00,2020-02-25 18:10:00,2020-02-25 18:15:00,2020-02-26 02:15:00,7.414726024890001,7.304522974339999,4
17710,17716,17718,17814,-1,2020-03-02 11:50:00,2020-03-02 12:20:00,2020-03-02 12:25:00,2020-03-02 12:30:00,2020-03-02 20:30:00,4.0730131935,1.2122388195899987,4
18164,18170,18172,18268,1,2020-03-04 01:40:00,2020-03-04 02:10:00,2020-03-04 02:15:00,2020-03-04 02:20:00,2020-03-04 10:20:00,21.431536561619993,21.95838974692,4
19876,19882,19884,19980,1,2020-03-10 00:20:00,2020-03-10 00:50:00,2020-03-10 00:55:00,2020-03-10 01:00:00,2020-03-10 09:00:00,30.829191320095003,29.57455859793,4
20286,20292,20294,20390,1,2020-03-11 10:30:00,2020-03-11 11:00:00,2020-03-11 11:05:00,2020-03-11 11:10:00,2020-03-11 19:10:00,48.135275443779996,43.39977844606,5
21197,21203,21205,21301,1,2020-03-14 14:25:00,2020-03-14 14:55:00,2020-03-14 15:00:00,2020-03-14 15:05:00,2020-03-14 23:05:00,21.459495463340005,19.1045633855,4
23370,23376,23378,23474,1,2020-03-22 03:30:00,2020-03-22 04:00:00,2020-03-22 04:05:00,2020-03-22 04:10:00,2020-03-22 12:10:00,36.31080946739999,37.976169799100006,4
34675,34681,34683,34779,-1,2020-04-30 09:35:00,2020-04-30 10:05:00,2020-04-30 10:10:00,2020-04-30 10:15:00,2020-04-30 18:15:00,269.2034629197,257.35836311069994,5
35772,35778,35780,35876,-1,2020-05-04 05:00:00,2020-05-04 05:30:00,2020-05-04 05:35:00,2020-05-04 05:40:00,2020-05-04 13:40:00,85.26421471426,92.66092927080001,6
35876,35882,35884,35980,1,2020-05-04 13:40:00,2020-05-04 14:10:00,2020-05-04 14:15:00,2020-05-04 14:20:00,2020-05-04 22:20:00,91.57519114347,92.99470241789001,4
37633,37639,37641,37737,-1,2020-05-10 16:05:00,2020-05-10 16:35:00,2020-05-10 16:40:00,2020-05-10 16:45:00,2020-05-11 00:45:00,197.34474213698002,195.47481201596,5
37897,37903,37905,38001,-1,2020-05-11 14:05:00,2020-05-11 14:35:00,2020-05-11 14:40:00,2020-05-11 14:45:00,2020-05-11 22:45:00,38.90838554968,36.190299110430004,5
38925,38931,38933,39029,-1,2020-05-15 03:45:00,2020-05-15 04:15:00,2020-05-15 04:20:00,2020-05-15 04:25:00,2020-05-15 12:25:00,2.4874349143150027,1.7584351038199983,6
39847,39853,39855,39951,-1,2020-05-18 08:35:00,2020-05-18 09:05:00,2020-05-18 09:10:00,2020-05-18 09:15:00,2020-05-18 17:15:00,159.96897752891002,164.11488518338,4
40976,40982,40984,41080,1,2020-05-22 06:40:00,2020-05-22 07:10:00,2020-05-22 07:15:00,2020-05-22 07:20:00,2020-05-22 15:20:00,2.7348270779199986,1.8638790842800042,4
54948,54954,54956,55052,-1,2020-07-09 19:00:00,2020-07-09 19:30:00,2020-07-09 19:35:00,2020-07-09 19:40:00,2020-07-10 03:40:00,17.292214609099,18.169875472094002,3
59297,59303,59305,59401,-1,2020-07-24 21:25:00,2020-07-24 21:55:00,2020-07-24 22:00:00,2020-07-24 22:05:00,2020-07-25 06:05:00,7.886847511259998,6.7640734914500005,3
59616,59622,59624,59720,-1,2020-07-26 00:00:00,2020-07-26 00:30:00,2020-07-26 00:35:00,2020-07-26 00:40:00,2020-07-26 08:40:00,17.941200276022002,19.028744944827,5
60513,60519,60521,60617,1,2020-07-29 02:45:00,2020-07-29 03:15:00,2020-07-29 03:20:00,2020-07-29 03:25:00,2020-07-29 11:25:00,68.05550555672,67.82769411125,4
61535,61541,61543,61639,1,2020-08-01 15:55:00,2020-08-01 16:25:00,2020-08-01 16:30:00,2020-08-01 16:35:00,2020-08-02 00:35:00,25.253681504435,21.982406783647995,4
63684,63690,63692,63788,1,2020-08-09 03:00:00,2020-08-09 03:30:00,2020-08-09 03:35:00,2020-08-09 03:40:00,2020-08-09 11:40:00,30.025607017890003,29.960131644242,5
64202,64208,64210,64306,1,2020-08-10 22:10:00,2020-08-10 22:40:00,2020-08-10 22:45:00,2020-08-10 22:50:00,2020-08-11 06:50:00,2.39383102401,1.3116635253999993,3
65712,65718,65720,65816,-1,2020-08-16 04:00:00,2020-08-16 04:30:00,2020-08-16 04:35:00,2020-08-16 04:40:00,2020-08-16 12:40:00,16.15039381398,16.107204466307998,3
66970,66976,66978,67074,-1,2020-08-20 12:50:00,2020-08-20 13:20:00,2020-08-20 13:25:00,2020-08-20 13:30:00,2020-08-20 21:30:00,19.337972414047,18.68199571625,3
71513,71519,71521,71617,-1,2020-09-05 07:25:00,2020-09-05 07:55:00,2020-09-05 08:00:00,2020-09-05 08:05:00,2020-09-05 16:05:00,27.25087794426001,24.971504646230002,5
72313,72319,72321,72417,1,2020-09-08 02:05:00,2020-09-08 02:35:00,2020-09-08 02:40:00,2020-09-08 02:45:00,2020-09-08 10:45:00,12.11396454538,14.284513895749999,3
73432,73438,73440,73536,1,2020-09-11 23:20:00,2020-09-11 23:50:00,2020-09-11 23:55:00,2020-09-12 00:00:00,2020-09-12 08:00:00,6.11092335288,2.9982645117900013,3
74516,74522,74524,74620,1,2020-09-15 17:40:00,2020-09-15 18:10:00,2020-09-15 18:15:00,2020-09-15 18:20:00,2020-09-16 02:20:00,3.947341791459996,6.684300995288002,5
77121,77127,77129,77225,-1,2020-09-24 18:45:00,2020-09-24 19:15:00,2020-09-24 19:20:00,2020-09-24 19:25:00,2020-09-25 03:25:00,2.8626520832199978,2.146065281488001,4
82002,82008,82010,82106,1,2020-10-11 17:30:00,2020-10-11 18:00:00,2020-10-11 18:05:00,2020-10-11 18:10:00,2020-10-12 02:10:00,7.538932561963999,7.433418846860001,3
87009,87015,87017,87113,-1,2020-10-29 02:45:00,2020-10-29 03:15:00,2020-10-29 03:20:00,2020-10-29 03:25:00,2020-10-29 11:25:00,36.86787737243,38.88775443495,5
90634,90640,90642,90738,1,2020-11-10 16:50:00,2020-11-10 17:20:00,2020-11-10 17:25:00,2020-11-10 17:30:00,2020-11-11 01:30:00,5.777335324850002,6.602062585846,5
93809,93815,93817,93913,1,2020-11-21 17:25:00,2020-11-21 17:55:00,2020-11-21 18:00:00,2020-11-21 18:05:00,2020-11-22 02:05:00,24.8283512639074,23.826075150459992,4
95993,95999,96001,96097,1,2020-11-29 07:25:00,2020-11-29 07:55:00,2020-11-29 08:00:00,2020-11-29 08:05:00,2020-11-29 16:05:00,1.1000256789100007,4.518969009860001,4
96729,96735,96737,96833,1,2020-12-01 20:45:00,2020-12-01 21:15:00,2020-12-01 21:20:00,2020-12-01 21:25:00,2020-12-02 05:25:00,72.24991967609999,71.66932235467,5
96981,96987,96989,97085,1,2020-12-02 17:45:00,2020-12-02 18:15:00,2020-12-02 18:20:00,2020-12-02 18:25:00,2020-12-03 02:25:00,59.51973128803,61.70096279967001,4
102885,102891,102893,102989,1,2020-12-23 05:45:00,2020-12-23 06:15:00,2020-12-23 06:20:00,2020-12-23 06:25:00,2020-12-23 14:25:00,5.158374417389998,8.951587580410001,3
104042,104048,104050,104146,1,2020-12-27 06:10:00,2020-12-27 06:40:00,2020-12-27 06:45:00,2020-12-27 06:50:00,2020-12-27 14:50:00,49.013804173,50.65362415450001,4
109034,109040,109042,109138,1,2021-01-13 14:10:00,2021-01-13 14:40:00,2021-01-13 14:45:00,2021-01-13 14:50:00,2021-01-13 22:50:00,25.20148139682999,28.398659649551007,3
111557,111563,111565,111661,1,2021-01-22 08:25:00,2021-01-22 08:55:00,2021-01-22 09:00:00,2021-01-22 09:05:00,2021-01-22 17:05:00,188.7791223831,191.6637537252,3
111771,111777,111779,111875,-1,2021-01-23 02:15:00,2021-01-23 02:45:00,2021-01-23 02:50:00,2021-01-23 02:55:00,2021-01-23 10:55:00,33.86949494745,37.79395037111001,4
120577,120583,120585,120681,1,2021-02-22 16:05:00,2021-02-22 16:35:00,2021-02-22 16:40:00,2021-02-22 16:45:00,2021-02-23 00:45:00,65.4564637206,68.35974233150002,3
121256,121262,121264,121360,1,2021-02-25 00:40:00,2021-02-25 01:10:00,2021-02-25 01:15:00,2021-02-25 01:20:00,2021-02-25 09:20:00,17.932491620210005,19.53020237368,4
122322,122328,122330,122426,-1,2021-02-28 17:30:00,2021-02-28 18:00:00,2021-02-28 18:05:00,2021-02-28 18:10:00,2021-03-01 02:10:00,26.9272448005,29.089443111500003,5
125697,125703,125705,125801,1,2021-03-12 10:45:00,2021-03-12 11:15:00,2021-03-12 11:20:00,2021-03-12 11:25:00,2021-03-12 19:25:00,16.55775935923001,19.235439990939998,5
128317,128323,128325,128421,1,2021-03-21 13:05:00,2021-03-21 13:35:00,2021-03-21 13:40:00,2021-03-21 13:45:00,2021-03-21 21:45:00,49.373368446520004,53.121963379540006,4
129333,129339,129341,129437,-1,2021-03-25 01:45:00,2021-03-25 02:15:00,2021-03-25 02:20:00,2021-03-25 02:25:00,2021-03-25 10:25:00,68.97612118659998,70.85934926479999,4
136267,136273,136275,136371,1,2021-04-18 03:35:00,2021-04-18 04:05:00,2021-04-18 04:10:00,2021-04-18 04:15:00,2021-04-18 12:15:00,204.0965105642,339.8140543846,6
136424,136430,136432,136528,-1,2021-04-18 16:40:00,2021-04-18 17:10:00,2021-04-18 17:15:00,2021-04-18 17:20:00,2021-04-19 01:20:00,26.63657396564,25.40455089868,6
142909,142915,142917,143013,-1,2021-05-11 05:05:00,2021-05-11 05:35:00,2021-05-11 05:40:00,2021-05-11 05:45:00,2021-05-11 13:45:00,68.95178697142,68.39259498921,3
144276,144282,144284,144380,-1,2021-05-15 23:00:00,2021-05-15 23:30:00,2021-05-15 23:35:00,2021-05-15 23:40:00,2021-05-16 07:40:00,147.72795423079998,145.54503535747,4
144935,144941,144943,145039,1,2021-05-18 05:55:00,2021-05-18 06:25:00,2021-05-18 06:30:00,2021-05-18 06:35:00,2021-05-18 14:35:00,23.912835241059994,24.079176085670014,5
145455,145461,145463,145559,1,2021-05-20 01:15:00,2021-05-20 01:45:00,2021-05-20 01:50:00,2021-05-20 01:55:00,2021-05-20 09:55:00,27.293527940399983,26.57909132509998,6
155140,155146,155148,155244,-1,2021-06-22 16:20:00,2021-06-22 16:50:00,2021-06-22 16:55:00,2021-06-22 17:00:00,2021-06-23 01:00:00,24.758014620429975,26.927826023409963,3
156309,156315,156317,156413,1,2021-06-26 17:45:00,2021-06-26 18:15:00,2021-06-26 18:20:00,2021-06-26 18:25:00,2021-06-27 02:25:00,126.0771914311,122.21993035195,4
159814,159820,159822,159918,-1,2021-07-08 21:50:00,2021-07-08 22:20:00,2021-07-08 22:25:00,2021-07-08 22:30:00,2021-07-09 06:30:00,37.18761058529999,36.920249292552995,3
163623,163629,163631,163727,-1,2021-07-22 03:15:00,2021-07-22 03:45:00,2021-07-22 03:50:00,2021-07-22 03:55:00,2021-07-22 11:55:00,6.552987494666997,3.9235757318900006,3
165121,165127,165129,165225,1,2021-07-27 08:05:00,2021-07-27 08:35:00,2021-07-27 08:40:00,2021-07-27 08:45:00,2021-07-27 16:45:00,36.176073323260006,38.50170598529,3
165584,165590,165592,165688,-1,2021-07-28 22:40:00,2021-07-28 23:10:00,2021-07-28 23:15:00,2021-07-28 23:20:00,2021-07-29 07:20:00,31.278500471239997,30.961524090719998,3
168772,168778,168780,168876,-1,2021-08-09 00:20:00,2021-08-09 00:50:00,2021-08-09 00:55:00,2021-08-09 01:00:00,2021-08-09 09:00:00,26.90537876186,29.365646947530003,5
169904,169910,169912,170008,1,2021-08-12 22:40:00,2021-08-12 23:10:00,2021-08-12 23:15:00,2021-08-12 23:20:00,2021-08-13 07:20:00,55.63783142838,58.93080474566999,5
171081,171087,171089,171185,1,2021-08-17 00:45:00,2021-08-17 01:15:00,2021-08-17 01:20:00,2021-08-17 01:25:00,2021-08-17 09:25:00,54.039133640912,54.507288784268,4
173296,173302,173304,173400,-1,2021-08-24 17:20:00,2021-08-24 17:50:00,2021-08-24 17:55:00,2021-08-24 18:00:00,2021-08-25 02:00:00,39.21507644052,39.52965143825,4
173971,173977,173979,174075,-1,2021-08-27 01:35:00,2021-08-27 02:05:00,2021-08-27 02:10:00,2021-08-27 02:15:00,2021-08-27 10:15:00,31.060114942054998,29.902576828571995,4
174434,174440,174442,174538,1,2021-08-28 16:10:00,2021-08-28 16:40:00,2021-08-28 16:45:00,2021-08-28 16:50:00,2021-08-29 00:50:00,29.077347400820003,30.40121323795,3
177270,177276,177278,177374,1,2021-09-07 12:30:00,2021-09-07 13:00:00,2021-09-07 13:05:00,2021-09-07 13:10:00,2021-09-07 21:10:00,33.73873347421,37.725821976169996,3
181607,181613,181615,181711,1,2021-09-22 13:55:00,2021-09-22 14:25:00,2021-09-22 14:30:00,2021-09-22 14:35:00,2021-09-22 22:35:00,32.1801669242132,30.558148272240004,5
181968,181974,181976,182072,-1,2021-09-23 20:00:00,2021-09-23 20:30:00,2021-09-23 20:35:00,2021-09-23 20:40:00,2021-09-24 04:40:00,7.067765488259997,11.143642462519994,3
182989,182995,182997,183093,-1,2021-09-27 09:05:00,2021-09-27 09:35:00,2021-09-27 09:40:00,2021-09-27 09:45:00,2021-09-27 17:45:00,87.49432037318999,90.48959955274,5
184041,184047,184049,184145,-1,2021-10-01 00:45:00,2021-10-01 01:15:00,2021-10-01 01:20:00,2021-10-01 01:25:00,2021-10-01 09:25:00,42.632511228489996,46.99923878671999,3
184165,184171,184173,184269,1,2021-10-01 11:05:00,2021-10-01 11:35:00,2021-10-01 11:40:00,2021-10-01 11:45:00,2021-10-01 19:45:00,13.995921442760002,18.012922743756,5
185472,185478,185480,185576,-1,2021-10-06 00:00:00,2021-10-06 00:30:00,2021-10-06 00:35:00,2021-10-06 00:40:00,2021-10-06 08:40:00,13.529347498546002,16.452823936357998,3
185959,185965,185967,186063,1,2021-10-07 16:35:00,2021-10-07 17:05:00,2021-10-07 17:10:00,2021-10-07 17:15:00,2021-10-08 01:15:00,19.696194623072998,19.578088533049993,5
186100,186106,186108,186204,1,2021-10-08 04:20:00,2021-10-08 04:50:00,2021-10-08 04:55:00,2021-10-08 05:00:00,2021-10-08 13:00:00,3.6770421594770006,1.5049098555199998,5
189131,189137,189139,189235,1,2021-10-18 16:55:00,2021-10-18 17:25:00,2021-10-18 17:30:00,2021-10-18 17:35:00,2021-10-19 01:35:00,17.73761622795,19.547042214430004,4
189417,189423,189425,189521,1,2021-10-19 16:45:00,2021-10-19 17:15:00,2021-10-19 17:20:00,2021-10-19 17:25:00,2021-10-20 01:25:00,67.67920429437,67.36700877606,3
191507,191513,191515,191611,1,2021-10-26 22:55:00,2021-10-26 23:25:00,2021-10-26 23:30:00,2021-10-26 23:35:00,2021-10-27 07:35:00,10.847005148300005,9.225785822563997,4
195500,195506,195508,195604,1,2021-11-09 19:40:00,2021-11-09 20:10:00,2021-11-09 20:15:00,2021-11-09 20:20:00,2021-11-10 04:20:00,16.52190193488,17.746314574289997,3
196211,196217,196219,196315,-1,2021-11-12 06:55:00,2021-11-12 07:25:00,2021-11-12 07:30:00,2021-11-12 07:35:00,2021-11-12 15:35:00,10.537600826269994,10.068257079629998,3
199256,199262,199264,199360,-1,2021-11-22 20:40:00,2021-11-22 21:10:00,2021-11-22 21:15:00,2021-11-22 21:20:00,2021-11-23 05:20:00,45.24497011814999,47.529233506480004,4
199671,199677,199679,199775,-1,2021-11-24 07:15:00,2021-11-24 07:45:00,2021-11-24 07:50:00,2021-11-24 07:55:00,2021-11-24 15:55:00,3.1925557917600003,2.398431368179999,4
200252,200258,200260,200356,-1,2021-11-26 07:40:00,2021-11-26 08:10:00,2021-11-26 08:15:00,2021-11-26 08:20:00,2021-11-26 16:20:00,38.1339906526,42.7969555283,4
201433,201439,201441,201537,1,2021-11-30 10:05:00,2021-11-30 10:35:00,2021-11-30 10:40:00,2021-11-30 10:45:00,2021-11-30 18:45:00,7.070602003250001,7.293027082570001,5
201657,201663,201665,201761,-1,2021-12-01 04:45:00,2021-12-01 05:15:00,2021-12-01 05:20:00,2021-12-01 05:25:00,2021-12-01 13:25:00,27.421476964576,26.835919933459,3
202351,202357,202359,202455,-1,2021-12-03 14:35:00,2021-12-03 15:05:00,2021-12-03 15:10:00,2021-12-03 15:15:00,2021-12-03 23:15:00,72.288549150528,74.81473684004,3
202652,202658,202660,202756,-1,2021-12-04 15:40:00,2021-12-04 16:10:00,2021-12-04 16:15:00,2021-12-04 16:20:00,2021-12-05 00:20:00,32.35122819761301,36.505311074454,3
203915,203921,203923,204019,-1,2021-12-09 00:55:00,2021-12-09 01:25:00,2021-12-09 01:30:00,2021-12-09 01:35:00,2021-12-09 09:35:00,3.725796153437097,1.438325559010004,3
204330,204336,204338,204434,1,2021-12-10 11:30:00,2021-12-10 12:00:00,2021-12-10 12:05:00,2021-12-10 12:10:00,2021-12-10 20:10:00,115.91800761693801,114.56558375406901,5
204555,204561,204563,204659,-1,2021-12-11 06:15:00,2021-12-11 06:45:00,2021-12-11 06:50:00,2021-12-11 06:55:00,2021-12-11 14:55:00,100.14232309432,102.62715075848999,3
204766,204772,204774,204870,1,2021-12-11 23:50:00,2021-12-12 00:20:00,2021-12-12 00:25:00,2021-12-12 00:30:00,2021-12-12 08:30:00,50.930246388939004,53.13654637391,4
205310,205316,205318,205414,1,2021-12-13 21:10:00,2021-12-13 21:40:00,2021-12-13 21:45:00,2021-12-13 21:50:00,2021-12-14 05:50:00,19.66998349661,19.95299230521,5
210314,210320,210322,210418,1,2021-12-31 06:10:00,2021-12-31 06:40:00,2021-12-31 06:45:00,2021-12-31 06:50:00,2021-12-31 14:50:00,7.0357939547999955,8.326516989579996,4
213423,213429,213431,213527,1,2022-01-11 01:15:00,2022-01-11 01:45:00,2022-01-11 01:50:00,2022-01-11 01:55:00,2022-01-11 09:55:00,29.52237862447,32.534080447410005,4
217174,217180,217182,217278,-1,2022-01-24 01:50:00,2022-01-24 02:20:00,2022-01-24 02:25:00,2022-01-24 02:30:00,2022-01-24 10:30:00,12.641008846991,11.290272308039999,4
217655,217661,217663,217759,1,2022-01-25 17:55:00,2022-01-25 18:25:00,2022-01-25 18:30:00,2022-01-25 18:35:00,2022-01-26 02:35:00,37.95514686627,38.70289752247,3
220018,220024,220026,220122,-1,2022-02-02 22:50:00,2022-02-02 23:20:00,2022-02-02 23:25:00,2022-02-02 23:30:00,2022-02-03 07:30:00,0.5361755946900013,0.0027027023500014735,5
220392,220398,220400,220496,1,2022-02-04 06:00:00,2022-02-04 06:30:00,2022-02-04 06:35:00,2022-02-04 06:40:00,2022-02-04 14:40:00,93.79540082643001,89.44775415623,4
221988,221994,221996,222092,1,2022-02-09 19:00:00,2022-02-09 19:30:00,2022-02-09 19:35:00,2022-02-09 19:40:00,2022-02-10 03:40:00,36.95555986246001,36.64646344223,5
222543,222549,222551,222647,-1,2022-02-11 17:15:00,2022-02-11 17:45:00,2022-02-11 17:50:00,2022-02-11 17:55:00,2022-02-12 01:55:00,6.818413472399998,6.976522113460001,4
223149,223155,223157,223253,1,2022-02-13 19:45:00,2022-02-13 20:15:00,2022-02-13 20:20:00,2022-02-13 20:25:00,2022-02-14 04:25:00,38.73191561119,40.031746375439994,3
225737,225743,225745,225841,1,2022-02-22 19:25:00,2022-02-22 19:55:00,2022-02-22 20:00:00,2022-02-22 20:05:00,2022-02-23 04:05:00,40.80398665755,41.443762241499996,4
234225,234231,234233,234329,-1,2022-03-24 06:45:00,2022-03-24 07:15:00,2022-03-24 07:20:00,2022-03-24 07:25:00,2022-03-24 15:25:00,35.71730257582,38.21504406087,3
236883,236889,236891,236987,1,2022-04-02 12:15:00,2022-04-02 12:45:00,2022-04-02 12:50:00,2022-04-02 12:55:00,2022-04-02 20:55:00,26.495952106038995,27.597859220796003,4
237018,237024,237026,237122,-1,2022-04-02 23:30:00,2022-04-03 00:00:00,2022-04-03 00:05:00,2022-04-03 00:10:00,2022-04-03 08:10:00,19.961281492772997,19.385036049816996,4
239338,239344,239346,239442,1,2022-04-11 00:50:00,2022-04-11 01:20:00,2022-04-11 01:25:00,2022-04-11 01:30:00,2022-04-11 09:30:00,20.150264742656002,20.27968421795,3
239618,239624,239626,239722,1,2022-04-12 00:10:00,2022-04-12 00:40:00,2022-04-12 00:45:00,2022-04-12 00:50:00,2022-04-12 08:50:00,58.77367928049,59.86377726298,6
241562,241568,241570,241666,1,2022-04-18 18:10:00,2022-04-18 18:40:00,2022-04-18 18:45:00,2022-04-18 18:50:00,2022-04-19 02:50:00,72.74965969335003,69.16419592865,4
246767,246773,246775,246871,-1,2022-05-06 19:55:00,2022-05-06 20:25:00,2022-05-06 20:30:00,2022-05-06 20:35:00,2022-05-07 04:35:00,27.747136797800003,28.637125674811994,4
247001,247007,247009,247105,-1,2022-05-07 15:25:00,2022-05-07 15:55:00,2022-05-07 16:00:00,2022-05-07 16:05:00,2022-05-08 00:05:00,9.70390699662,10.319328811127,3
248466,248472,248474,248570,-1,2022-05-12 17:30:00,2022-05-12 18:00:00,2022-05-12 18:05:00,2022-05-12 18:10:00,2022-05-13 02:10:00,186.79498115570001,184.02149018505,3
248657,248663,248665,248761,-1,2022-05-13 09:25:00,2022-05-13 09:55:00,2022-05-13 10:00:00,2022-05-13 10:05:00,2022-05-13 18:05:00,36.76975269375001,39.55698260055,4
249072,249078,249080,249176,1,2022-05-14 20:00:00,2022-05-14 20:30:00,2022-05-14 20:35:00,2022-05-14 20:40:00,2022-05-15 04:40:00,31.761915121690805,31.455059917185007,5
249924,249930,249932,250028,1,2022-05-17 19:00:00,2022-05-17 19:30:00,2022-05-17 19:35:00,2022-05-17 19:40:00,2022-05-18 03:40:00,106.33001709539002,108.95669178174,6
250582,250588,250590,250686,-1,2022-05-20 01:50:00,2022-05-20 02:20:00,2022-05-20 02:25:00,2022-05-20 02:30:00,2022-05-20 10:30:00,56.220537683749995,54.58491144577,4
256035,256041,256043,256139,-1,2022-06-08 00:15:00,2022-06-08 00:45:00,2022-06-08 00:50:00,2022-06-08 00:55:00,2022-06-08 08:55:00,6.357217326140002,5.744403287699998,3
257079,257085,257087,257183,-1,2022-06-11 15:15:00,2022-06-11 15:45:00,2022-06-11 15:50:00,2022-06-11 15:55:00,2022-06-11 23:55:00,42.87468652516,41.627629449349996,3
257278,257284,257286,257382,1,2022-06-12 07:50:00,2022-06-12 08:20:00,2022-06-12 08:25:00,2022-06-12 08:30:00,2022-06-12 16:30:00,5.919838886899996,8.15641035961,5
257538,257544,257546,257642,-1,2022-06-13 05:30:00,2022-06-13 06:00:00,2022-06-13 06:05:00,2022-06-13 06:10:00,2022-06-13 14:10:00,168.94211860002,168.46625582464,4
259215,259221,259223,259319,-1,2022-06-19 01:15:00,2022-06-19 01:45:00,2022-06-19 01:50:00,2022-06-19 01:55:00,2022-06-19 09:55:00,144.0923134643,145.05452084209,5
259606,259612,259614,259710,-1,2022-06-20 09:50:00,2022-06-20 10:20:00,2022-06-20 10:25:00,2022-06-20 10:30:00,2022-06-20 18:30:00,64.0753702208,64.14730501236,3
267478,267484,267486,267582,-1,2022-07-17 17:50:00,2022-07-17 18:20:00,2022-07-17 18:25:00,2022-07-17 18:30:00,2022-07-18 02:30:00,26.680185072670007,26.47054625460001,4
268026,268032,268034,268130,1,2022-07-19 15:30:00,2022-07-19 16:00:00,2022-07-19 16:05:00,2022-07-19 16:10:00,2022-07-20 00:10:00,137.50641395284998,136.31683955738998,3
268214,268220,268222,268318,-1,2022-07-20 07:10:00,2022-07-20 07:40:00,2022-07-20 07:45:00,2022-07-20 07:50:00,2022-07-20 15:50:00,86.26540654615,91.37922862935,3
268483,268489,268491,268587,1,2022-07-21 05:35:00,2022-07-21 06:05:00,2022-07-21 06:10:00,2022-07-21 06:15:00,2022-07-21 14:15:00,15.04413618327,16.139038649976,3
269817,269823,269825,269921,-1,2022-07-25 20:45:00,2022-07-25 21:15:00,2022-07-25 21:20:00,2022-07-25 21:25:00,2022-07-26 05:25:00,35.979854902110006,41.64742004774,4
276853,276859,276861,276957,-1,2022-08-19 07:05:00,2022-08-19 07:35:00,2022-08-19 07:40:00,2022-08-19 07:45:00,2022-08-19 15:45:00,61.84553823104,62.11868353424,4
277011,277017,277019,277115,-1,2022-08-19 20:15:00,2022-08-19 20:45:00,2022-08-19 20:50:00,2022-08-19 20:55:00,2022-08-20 04:55:00,7.2780123898100015,6.451258886919987,5
281947,281953,281955,282051,1,2022-09-05 23:35:00,2022-09-06 00:05:00,2022-09-06 00:10:00,2022-09-06 00:15:00,2022-09-06 08:15:00,10.801432020060002,13.752553881979999,3
284733,284739,284741,284837,-1,2022-09-15 15:45:00,2022-09-15 16:15:00,2022-09-15 16:20:00,2022-09-15 16:25:00,2022-09-16 00:25:00,8.457506575330008,10.859842664070001,6
287410,287416,287418,287514,1,2022-09-24 22:50:00,2022-09-24 23:20:00,2022-09-24 23:25:00,2022-09-24 23:30:00,2022-09-25 07:30:00,30.881176164362003,29.982942392090003,4
298201,298207,298209,298305,1,2022-11-01 10:05:00,2022-11-01 10:35:00,2022-11-01 10:40:00,2022-11-01 10:45:00,2022-11-01 18:45:00,14.016549677820002,13.962183964580001,4
300087,300093,300095,300191,1,2022-11-07 23:15:00,2022-11-07 23:45:00,2022-11-07 23:50:00,2022-11-07 23:55:00,2022-11-08 07:55:00,13.96593274513,12.646645464559999,4
300446,300452,300454,300550,1,2022-11-09 05:10:00,2022-11-09 05:40:00,2022-11-09 05:45:00,2022-11-09 05:50:00,2022-11-09 13:50:00,120.09506191861999,122.56669408872,3
300650,300656,300658,300754,1,2022-11-09 22:10:00,2022-11-09 22:40:00,2022-11-09 22:45:00,2022-11-09 22:50:00,2022-11-10 06:50:00,137.99836777401,136.47137695821002,4
310691,310697,310699,310795,-1,2022-12-14 18:55:00,2022-12-14 19:25:00,2022-12-14 19:30:00,2022-12-14 19:35:00,2022-12-15 03:35:00,179.24866554620002,179.19923967295,5
311219,311225,311227,311323,-1,2022-12-16 14:55:00,2022-12-16 15:25:00,2022-12-16 15:30:00,2022-12-16 15:35:00,2022-12-16 23:35:00,56.50755297119,57.37227267320999,3
312646,312652,312654,312750,1,2022-12-21 13:50:00,2022-12-21 14:20:00,2022-12-21 14:25:00,2022-12-21 14:30:00,2022-12-21 22:30:00,4.214640017867,3.5127405766215,6
318825,318831,318833,318929,1,2023-01-12 00:45:00,2023-01-12 01:15:00,2023-01-12 01:20:00,2023-01-12 01:25:00,2023-01-12 09:25:00,123.14153293388001,124.56468847016,4
322050,322056,322058,322154,-1,2023-01-23 05:30:00,2023-01-23 06:00:00,2023-01-23 06:05:00,2023-01-23 06:10:00,2023-01-23 14:10:00,9.644285187920001,10.5661904135449,3
325144,325150,325152,325248,-1,2023-02-02 23:20:00,2023-02-02 23:50:00,2023-02-02 23:55:00,2023-02-03 00:00:00,2023-02-03 08:00:00,12.851292033250001,14.353715964669998,4
328238,328244,328246,328342,-1,2023-02-13 17:10:00,2023-02-13 17:40:00,2023-02-13 17:45:00,2023-02-13 17:50:00,2023-02-14 01:50:00,17.98302749699,18.615265046189997,4
328864,328870,328872,328968,1,2023-02-15 21:20:00,2023-02-15 21:50:00,2023-02-15 21:55:00,2023-02-15 22:00:00,2023-02-16 06:00:00,14.410854237690003,13.55875471524,5
329083,329089,329091,329187,1,2023-02-16 15:35:00,2023-02-16 16:05:00,2023-02-16 16:10:00,2023-02-16 16:15:00,2023-02-17 00:15:00,54.26424413093997,55.11885955144001,3
330596,330602,330604,330700,-1,2023-02-21 21:40:00,2023-02-21 22:10:00,2023-02-21 22:15:00,2023-02-21 22:20:00,2023-02-22 06:20:00,11.046807482860004,7.65509439959,3
335269,335275,335277,335373,1,2023-03-10 03:05:00,2023-03-10 03:35:00,2023-03-10 03:40:00,2023-03-10 03:45:00,2023-03-10 11:45:00,18.894375438228,19.467265106844,3
336184,336190,336192,336288,1,2023-03-13 07:20:00,2023-03-13 07:50:00,2023-03-13 07:55:00,2023-03-13 08:00:00,2023-03-13 16:00:00,5.397959901921002,3.24252872848,6
337799,337805,337807,337903,-1,2023-03-18 21:55:00,2023-03-18 22:25:00,2023-03-18 22:30:00,2023-03-18 22:35:00,2023-03-19 06:35:00,10.856144341928998,9.879308519385,4
338159,338165,338167,338263,1,2023-03-20 03:55:00,2023-03-20 04:25:00,2023-03-20 04:30:00,2023-03-20 04:35:00,2023-03-20 12:35:00,49.575680465089995,52.57286481029,3
338268,338274,338276,338372,-1,2023-03-20 13:00:00,2023-03-20 13:30:00,2023-03-20 13:35:00,2023-03-20 13:40:00,2023-03-20 21:40:00,60.274369526491,62.42123972126,4
339523,339529,339531,339627,1,2023-03-24 21:35:00,2023-03-24 22:05:00,2023-03-24 22:10:00,2023-03-24 22:15:00,2023-03-25 06:15:00,83.50539277318,84.63315174551998,4
344890,344896,344898,344994,-1,2023-04-12 12:50:00,2023-04-12 13:20:00,2023-04-12 13:25:00,2023-04-12 13:30:00,2023-04-12 21:30:00,0.5300297602000015,1.066267441002001,3
347184,347190,347192,347288,1,2023-04-20 12:00:00,2023-04-20 12:30:00,2023-04-20 12:35:00,2023-04-20 12:40:00,2023-04-20 20:40:00,55.439872918999995,57.5988383178,3
349498,349504,349506,349602,1,2023-04-28 12:50:00,2023-04-28 13:20:00,2023-04-28 13:25:00,2023-04-28 13:30:00,2023-04-28 21:30:00,10.618260580988998,9.527717345487,4
350446,350452,350454,350550,-1,2023-05-01 19:50:00,2023-05-01 20:20:00,2023-05-01 20:25:00,2023-05-01 20:30:00,2023-05-02 04:30:00,9.589705031369999,5.6220489549699995,3
351005,351011,351013,351109,-1,2023-05-03 18:25:00,2023-05-03 18:55:00,2023-05-03 19:00:00,2023-05-03 19:05:00,2023-05-04 03:05:00,27.5038709354,25.739828743658997,4
353238,353244,353246,353342,-1,2023-05-11 12:30:00,2023-05-11 13:00:00,2023-05-11 13:05:00,2023-05-11 13:10:00,2023-05-11 21:10:00,27.688520371759992,28.85313196,3
353537,353543,353545,353641,1,2023-05-12 13:25:00,2023-05-12 13:55:00,2023-05-12 14:00:00,2023-05-12 14:05:00,2023-05-12 22:05:00,11.9605658716,11.500003002599998,3
359675,359681,359683,359779,-1,2023-06-02 20:55:00,2023-06-02 21:25:00,2023-06-02 21:30:00,2023-06-02 21:35:00,2023-06-03 05:35:00,2.3567802716,2.5359414860700005,3
360508,360514,360516,360612,-1,2023-06-05 18:20:00,2023-06-05 18:50:00,2023-06-05 18:55:00,2023-06-05 19:00:00,2023-06-06 03:00:00,30.662546062500002,31.260997563849998,4
360725,360731,360733,360829,-1,2023-06-06 12:25:00,2023-06-06 12:55:00,2023-06-06 13:00:00,2023-06-06 13:05:00,2023-06-06 21:05:00,6.344879890860003,6.667422581340002,3
361473,361479,361481,361577,1,2023-06-09 02:45:00,2023-06-09 03:15:00,2023-06-09 03:20:00,2023-06-09 03:25:00,2023-06-09 11:25:00,9.49483193188,7.638389738210001,5
365040,365046,365048,365144,1,2023-06-21 12:00:00,2023-06-21 12:30:00,2023-06-21 12:35:00,2023-06-21 12:40:00,2023-06-21 20:40:00,35.48704328724,34.017200813420004,4
371504,371510,371512,371608,1,2023-07-13 22:40:00,2023-07-13 23:10:00,2023-07-13 23:15:00,2023-07-13 23:20:00,2023-07-14 07:20:00,26.033149863530006,27.200132727528,5
372821,372827,372829,372925,-1,2023-07-18 12:25:00,2023-07-18 12:55:00,2023-07-18 13:00:00,2023-07-18 13:05:00,2023-07-18 21:05:00,20.39847400424,21.994343236459997,3
374464,374470,374472,374568,1,2023-07-24 05:20:00,2023-07-24 05:50:00,2023-07-24 05:55:00,2023-07-24 06:00:00,2023-07-24 14:00:00,0.8730493275110001,0.5940984581600006,4
374649,374655,374657,374753,1,2023-07-24 20:45:00,2023-07-24 21:15:00,2023-07-24 21:20:00,2023-07-24 21:25:00,2023-07-25 05:25:00,2.4372285056760004,1.1940830128990005,5
377498,377504,377506,377602,1,2023-08-03 18:10:00,2023-08-03 18:40:00,2023-08-03 18:45:00,2023-08-03 18:50:00,2023-08-04 02:50:00,9.111625071210998,9.591244515004,5
381532,381538,381540,381636,-1,2023-08-17 18:20:00,2023-08-17 18:50:00,2023-08-17 18:55:00,2023-08-17 19:00:00,2023-08-18 03:00:00,28.614299829739995,29.301572564889995,3
383327,383333,383335,383431,1,2023-08-23 23:55:00,2023-08-24 00:25:00,2023-08-24 00:30:00,2023-08-24 00:35:00,2023-08-24 08:35:00,21.665340074045,21.72218377060762,5
386779,386785,386787,386883,1,2023-09-04 23:35:00,2023-09-05 00:05:00,2023-09-05 00:10:00,2023-09-05 00:15:00,2023-09-05 08:15:00,3.098341747898,2.3922857842600003,4
391725,391731,391733,391829,1,2023-09-22 03:45:00,2023-09-22 04:15:00,2023-09-22 04:20:00,2023-09-22 04:25:00,2023-09-22 12:25:00,6.8001255469,7.74723517768,4
393328,393334,393336,393432,-1,2023-09-27 17:20:00,2023-09-27 17:50:00,2023-09-27 17:55:00,2023-09-27 18:00:00,2023-09-28 02:00:00,0.5340076558610019,0.041924673989997885,4
395925,395931,395933,396029,-1,2023-10-06 17:45:00,2023-10-06 18:15:00,2023-10-06 18:20:00,2023-10-06 18:25:00,2023-10-07 02:25:00,20.70827065375,19.55158793809,5
399713,399719,399721,399817,-1,2023-10-19 21:25:00,2023-10-19 21:55:00,2023-10-19 22:00:00,2023-10-19 22:05:00,2023-10-20 06:05:00,12.828427162416002,13.139830412030001,4
400783,400789,400791,400887,1,2023-10-23 14:35:00,2023-10-23 15:05:00,2023-10-23 15:10:00,2023-10-23 15:15:00,2023-10-23 23:15:00,38.723629886219996,37.817002242769995,4
403443,403449,403451,403547,1,2023-11-01 20:15:00,2023-11-01 20:45:00,2023-11-01 20:50:00,2023-11-01 20:55:00,2023-11-02 04:55:00,122.7516130093,114.43631841185001,4
405819,405825,405827,405923,1,2023-11-10 02:15:00,2023-11-10 02:45:00,2023-11-10 02:50:00,2023-11-10 02:55:00,2023-11-10 10:55:00,29.470901056900004,28.043745643180003,3
409248,409254,409256,409352,1,2023-11-22 00:00:00,2023-11-22 00:30:00,2023-11-22 00:35:00,2023-11-22 00:40:00,2023-11-22 08:40:00,69.59647624619001,68.63546820286001,6
413419,413425,413427,413523,1,2023-12-06 11:35:00,2023-12-06 12:05:00,2023-12-06 12:10:00,2023-12-06 12:15:00,2023-12-06 20:15:00,87.87884351477,88.70093916411,4
413735,413741,413743,413839,1,2023-12-07 13:55:00,2023-12-07 14:25:00,2023-12-07 14:30:00,2023-12-07 14:35:00,2023-12-07 22:35:00,19.533935579509,19.957154344578,3
413871,413877,413879,413975,1,2023-12-08 01:15:00,2023-12-08 01:45:00,2023-12-08 01:50:00,2023-12-08 01:55:00,2023-12-08 09:55:00,2.349710416410999,2.9322253637500006,3
416053,416059,416061,416157,-1,2023-12-15 15:05:00,2023-12-15 15:35:00,2023-12-15 15:40:00,2023-12-15 15:45:00,2023-12-15 23:45:00,90.752802698652,90.59931614005001,4
