signal_position,entry_position,exit_position,signal_date,entry_date,exit_date,side,branch,entry_delay_bars,hold_bars
2189,2192,2204,2020-01-08 14:25:00,2020-01-08 14:40:00,2020-01-08 15:40:00,-1,primary:upper_rejection,3,12
2906,2909,2921,2020-01-11 02:10:00,2020-01-11 02:25:00,2020-01-11 03:25:00,1,primary:lower_rejection,3,12
3564,3567,3579,2020-01-13 09:00:00,2020-01-13 09:15:00,2020-01-13 10:15:00,-1,primary:upper_rejection,3,12
3777,3780,3792,2020-01-14 02:45:00,2020-01-14 03:00:00,2020-01-14 04:00:00,-1,primary:upper_rejection,3,12
4038,4041,4053,2020-01-15 00:30:00,2020-01-15 00:45:00,2020-01-15 01:45:00,-1,primary:upper_rejection,3,12
4755,4758,4770,2020-01-17 12:15:00,2020-01-17 12:30:00,2020-01-17 13:30:00,1,primary:lower_rejection,3,12
5682,5685,5697,2020-01-20 17:30:00,2020-01-20 17:45:00,2020-01-20 18:45:00,1,primary:lower_rejection,3,12
6750,6753,6765,2020-01-24 10:30:00,2020-01-24 10:45:00,2020-01-24 11:45:00,-1,primary:upper_rejection,3,12
7934,7937,7949,2020-01-28 13:10:00,2020-01-28 13:25:00,2020-01-28 14:25:00,1,primary:lower_rejection,3,12
7959,7962,7974,2020-01-28 15:15:00,2020-01-28 15:30:00,2020-01-28 16:30:00,1,primary:lower_rejection,3,12
8068,8071,8083,2020-01-29 00:20:00,2020-01-29 00:35:00,2020-01-29 01:35:00,-1,primary:upper_rejection,3,12
8551,8554,8566,2020-01-30 16:35:00,2020-01-30 16:50:00,2020-01-30 17:50:00,1,primary:lower_rejection,3,12
8599,8602,8614,2020-01-30 20:35:00,2020-01-30 20:50:00,2020-01-30 21:50:00,-1,primary:upper_rejection,3,12
8717,8720,8732,2020-01-31 06:25:00,2020-01-31 06:40:00,2020-01-31 07:40:00,1,primary:lower_rejection,3,12
8875,8878,8890,2020-01-31 19:35:00,2020-01-31 19:50:00,2020-01-31 20:50:00,-1,primary:upper_rejection,3,12
9339,9342,9354,2020-02-02 10:15:00,2020-02-02 10:30:00,2020-02-02 11:30:00,-1,primary:upper_rejection,3,12
9416,9419,9431,2020-02-02 16:40:00,2020-02-02 16:55:00,2020-02-02 17:55:00,-1,primary:upper_rejection,3,12
9529,9532,9544,2020-02-03 02:05:00,2020-02-03 02:20:00,2020-02-03 03:20:00,1,primary:lower_rejection,3,12
9883,9886,9898,2020-02-04 07:35:00,2020-02-04 07:50:00,2020-02-04 08:50:00,-1,primary:upper_rejection,3,12
9964,9967,9979,2020-02-04 14:20:00,2020-02-04 14:35:00,2020-02-04 15:35:00,-1,primary:upper_rejection,3,12
10149,10152,10164,2020-02-05 05:45:00,2020-02-05 06:00:00,2020-02-05 07:00:00,1,primary:lower_rejection,3,12
10277,10280,10292,2020-02-05 16:25:00,2020-02-05 16:40:00,2020-02-05 17:40:00,-1,primary:upper_rejection,3,12
10302,10305,10317,2020-02-05 18:30:00,2020-02-05 18:45:00,2020-02-05 19:45:00,1,primary:lower_rejection,3,12
10349,10352,10364,2020-02-05 22:25:00,2020-02-05 22:40:00,2020-02-05 23:40:00,-1,primary:upper_rejection,3,12
10706,10709,10721,2020-02-07 04:10:00,2020-02-07 04:25:00,2020-02-07 05:25:00,1,primary:lower_rejection,3,12
10906,10909,10921,2020-02-07 20:50:00,2020-02-07 21:05:00,2020-02-07 22:05:00,-1,primary:upper_rejection,3,12
11046,11049,11061,2020-02-08 08:30:00,2020-02-08 08:45:00,2020-02-08 09:45:00,-1,primary:upper_rejection,3,12
11125,11128,11140,2020-02-08 15:05:00,2020-02-08 15:20:00,2020-02-08 16:20:00,-1,primary:upper_rejection,3,12
11215,11218,11230,2020-02-08 22:35:00,2020-02-08 22:50:00,2020-02-08 23:50:00,1,primary:lower_rejection,3,12
11270,11273,11285,2020-02-09 03:10:00,2020-02-09 03:25:00,2020-02-09 04:25:00,-1,primary:upper_rejection,3,12
11285,11288,11300,2020-02-09 04:25:00,2020-02-09 04:40:00,2020-02-09 05:40:00,1,primary:lower_rejection,3,12
11307,11310,11322,2020-02-09 06:15:00,2020-02-09 06:30:00,2020-02-09 07:30:00,1,primary:lower_rejection,3,12
11391,11394,11406,2020-02-09 13:15:00,2020-02-09 13:30:00,2020-02-09 14:30:00,-1,primary:upper_rejection,3,12
11435,11438,11450,2020-02-09 16:55:00,2020-02-09 17:10:00,2020-02-09 18:10:00,1,primary:lower_rejection,3,12
11475,11478,11490,2020-02-09 20:15:00,2020-02-09 20:30:00,2020-02-09 21:30:00,1,primary:lower_rejection,3,12
11573,11576,11588,2020-02-10 04:25:00,2020-02-10 04:40:00,2020-02-10 05:40:00,1,primary:lower_rejection,3,12
11594,11597,11609,2020-02-10 06:10:00,2020-02-10 06:25:00,2020-02-10 07:25:00,1,primary:lower_rejection,3,12
12019,12022,12034,2020-02-11 17:35:00,2020-02-11 17:50:00,2020-02-11 18:50:00,-1,primary:upper_rejection,3,12
12034,12037,12049,2020-02-11 18:50:00,2020-02-11 19:05:00,2020-02-11 20:05:00,-1,primary:upper_rejection,3,12
12062,12065,12077,2020-02-11 21:10:00,2020-02-11 21:25:00,2020-02-11 22:25:00,1,primary:lower_rejection,3,12
12233,12236,12248,2020-02-12 11:25:00,2020-02-12 11:40:00,2020-02-12 12:40:00,1,primary:lower_rejection,3,12
12407,12410,12422,2020-02-13 01:55:00,2020-02-13 02:10:00,2020-02-13 03:10:00,-1,primary:upper_rejection,3,12
12452,12455,12467,2020-02-13 05:40:00,2020-02-13 05:55:00,2020-02-13 06:55:00,1,primary:lower_rejection,3,12
12568,12571,12583,2020-02-13 15:20:00,2020-02-13 15:35:00,2020-02-13 16:35:00,-1,primary:upper_rejection,3,12
12753,12756,12768,2020-02-14 06:45:00,2020-02-14 07:00:00,2020-02-14 08:00:00,-1,primary:upper_rejection,3,12
12832,12835,12847,2020-02-14 13:20:00,2020-02-14 13:35:00,2020-02-14 14:35:00,1,primary:lower_rejection,3,12
13152,13155,13167,2020-02-15 16:00:00,2020-02-15 16:15:00,2020-02-15 17:15:00,1,primary:lower_rejection,3,12
13509,13512,13524,2020-02-16 21:45:00,2020-02-16 22:00:00,2020-02-16 23:00:00,1,primary:lower_rejection,3,12
13737,13740,13752,2020-02-17 16:45:00,2020-02-17 17:00:00,2020-02-17 18:00:00,1,primary:lower_rejection,3,12
14073,14076,14088,2020-02-18 20:45:00,2020-02-18 21:00:00,2020-02-18 22:00:00,1,primary:lower_rejection,3,12
14183,14186,14198,2020-02-19 05:55:00,2020-02-19 06:10:00,2020-02-19 07:10:00,1,primary:lower_rejection,3,12
14374,14377,14389,2020-02-19 21:50:00,2020-02-19 22:05:00,2020-02-19 23:05:00,1,primary:lower_rejection,3,12
14390,14393,14405,2020-02-19 23:10:00,2020-02-19 23:25:00,2020-02-20 00:25:00,1,primary:lower_rejection,3,12
14617,14620,14632,2020-02-20 18:05:00,2020-02-20 18:20:00,2020-02-20 19:20:00,1,primary:lower_rejection,3,12
14688,14691,14703,2020-02-21 00:00:00,2020-02-21 00:15:00,2020-02-21 01:15:00,-1,primary:upper_rejection,3,12
15050,15053,15065,2020-02-22 06:10:00,2020-02-22 06:25:00,2020-02-22 07:25:00,1,primary:lower_rejection,3,12
15340,15343,15355,2020-02-23 06:20:00,2020-02-23 06:35:00,2020-02-23 07:35:00,-1,primary:upper_rejection,3,12
15772,15775,15787,2020-02-24 18:20:00,2020-02-24 18:35:00,2020-02-24 19:35:00,1,primary:lower_rejection,3,12
16332,16335,16347,2020-02-26 17:00:00,2020-02-26 17:15:00,2020-02-26 18:15:00,1,primary:lower_rejection,3,12
16362,16365,16377,2020-02-26 19:30:00,2020-02-26 19:45:00,2020-02-26 20:45:00,1,primary:lower_rejection,3,12
16490,16493,16505,2020-02-27 06:10:00,2020-02-27 06:25:00,2020-02-27 07:25:00,1,primary:lower_rejection,3,12
16673,16676,16688,2020-02-27 21:25:00,2020-02-27 21:40:00,2020-02-27 22:40:00,-1,primary:upper_rejection,3,12
16912,16915,16927,2020-02-28 17:20:00,2020-02-28 17:35:00,2020-02-28 18:35:00,1,primary:lower_rejection,3,12
16977,16980,16992,2020-02-28 22:45:00,2020-02-28 23:00:00,2020-02-29 00:00:00,-1,primary:upper_rejection,3,12
17474,17477,17489,2020-03-01 16:10:00,2020-03-01 16:25:00,2020-03-01 17:25:00,1,primary:lower_rejection,3,12
17552,17555,17567,2020-03-01 22:40:00,2020-03-01 22:55:00,2020-03-01 23:55:00,1,primary:lower_rejection,3,12
17653,17656,17668,2020-03-02 07:05:00,2020-03-02 07:20:00,2020-03-02 08:20:00,-1,primary:upper_rejection,3,12
17751,17754,17766,2020-03-02 15:15:00,2020-03-02 15:30:00,2020-03-02 16:30:00,-1,primary:upper_rejection,3,12
18282,18285,18297,2020-03-04 11:30:00,2020-03-04 11:45:00,2020-03-04 12:45:00,-1,primary:upper_rejection,3,12
19451,19454,19466,2020-03-08 12:55:00,2020-03-08 13:10:00,2020-03-08 14:10:00,-1,primary:upper_rejection,3,12
20026,20029,20041,2020-03-10 12:50:00,2020-03-10 13:05:00,2020-03-10 14:05:00,1,primary:lower_rejection,3,12
20042,20045,20057,2020-03-10 14:10:00,2020-03-10 14:25:00,2020-03-10 15:25:00,-1,primary:upper_rejection,3,12
20326,20329,20341,2020-03-11 13:50:00,2020-03-11 14:05:00,2020-03-11 15:05:00,1,primary:lower_rejection,3,12
20375,20378,20390,2020-03-11 17:55:00,2020-03-11 18:10:00,2020-03-11 19:10:00,1,primary:lower_rejection,3,12
20494,20497,20509,2020-03-12 03:50:00,2020-03-12 04:05:00,2020-03-12 05:05:00,1,primary:lower_rejection,3,12
20536,20539,20551,2020-03-12 07:20:00,2020-03-12 07:35:00,2020-03-12 08:35:00,1,primary:lower_rejection,3,12
20576,20579,20591,2020-03-12 10:40:00,2020-03-12 10:55:00,2020-03-12 11:55:00,-1,primary:upper_rejection,3,12
20589,20592,20604,2020-03-12 11:45:00,2020-03-12 12:00:00,2020-03-12 13:00:00,1,primary:lower_rejection,3,12
20641,20644,20656,2020-03-12 16:05:00,2020-03-12 16:20:00,2020-03-12 17:20:00,-1,primary:upper_rejection,3,12
20711,20714,20726,2020-03-12 21:55:00,2020-03-12 22:10:00,2020-03-12 23:10:00,1,primary:lower_rejection,3,12
20736,20739,20751,2020-03-13 00:00:00,2020-03-13 00:15:00,2020-03-13 01:15:00,1,primary:lower_rejection,3,12
20748,20751,20763,2020-03-13 01:00:00,2020-03-13 01:15:00,2020-03-13 02:15:00,1,primary:lower_rejection,3,12
20765,20768,20780,2020-03-13 02:25:00,2020-03-13 02:40:00,2020-03-13 03:40:00,1,primary:lower_rejection,3,12
20781,20784,20796,2020-03-13 03:45:00,2020-03-13 04:00:00,2020-03-13 05:00:00,-1,primary:upper_rejection,3,12
20807,20810,20822,2020-03-13 05:55:00,2020-03-13 06:10:00,2020-03-13 07:10:00,-1,primary:upper_rejection,3,12
20820,20823,20835,2020-03-13 07:00:00,2020-03-13 07:15:00,2020-03-13 08:15:00,-1,primary:upper_rejection,3,12
20832,20835,20847,2020-03-13 08:00:00,2020-03-13 08:15:00,2020-03-13 09:15:00,1,primary:lower_rejection,3,12
20877,20880,20892,2020-03-13 11:45:00,2020-03-13 12:00:00,2020-03-13 13:00:00,1,primary:lower_rejection,3,12
20891,20894,20906,2020-03-13 12:55:00,2020-03-13 13:10:00,2020-03-13 14:10:00,1,primary:lower_rejection,3,12
20913,20916,20928,2020-03-13 14:45:00,2020-03-13 15:00:00,2020-03-13 16:00:00,-1,primary:upper_rejection,3,12
20941,20944,20956,2020-03-13 17:05:00,2020-03-13 17:20:00,2020-03-13 18:20:00,1,primary:lower_rejection,3,12
20954,20957,20969,2020-03-13 18:10:00,2020-03-13 18:25:00,2020-03-13 19:25:00,1,primary:lower_rejection,3,12
20997,21000,21012,2020-03-13 21:45:00,2020-03-13 22:00:00,2020-03-13 23:00:00,-1,primary:upper_rejection,3,12
21035,21038,21050,2020-03-14 00:55:00,2020-03-14 01:10:00,2020-03-14 02:10:00,1,primary:lower_rejection,3,12
21059,21062,21074,2020-03-14 02:55:00,2020-03-14 03:10:00,2020-03-14 04:10:00,1,primary:lower_rejection,3,12
21157,21160,21172,2020-03-14 11:05:00,2020-03-14 11:20:00,2020-03-14 12:20:00,-1,primary:upper_rejection,3,12
21249,21252,21264,2020-03-14 18:45:00,2020-03-14 19:00:00,2020-03-14 20:00:00,-1,primary:upper_rejection,3,12
21290,21293,21305,2020-03-14 22:10:00,2020-03-14 22:25:00,2020-03-14 23:25:00,1,primary:lower_rejection,3,12
21523,21526,21538,2020-03-15 17:35:00,2020-03-15 17:50:00,2020-03-15 18:50:00,-1,primary:upper_rejection,3,12
21576,21579,21591,2020-03-15 22:00:00,2020-03-15 22:15:00,2020-03-15 23:15:00,-1,primary:upper_rejection,3,12
21592,21595,21607,2020-03-15 23:20:00,2020-03-15 23:35:00,2020-03-16 00:35:00,-1,primary:upper_rejection,3,12
21654,21657,21669,2020-03-16 04:30:00,2020-03-16 04:45:00,2020-03-16 05:45:00,-1,primary:upper_rejection,3,12
21714,21717,21729,2020-03-16 09:30:00,2020-03-16 09:45:00,2020-03-16 10:45:00,1,primary:lower_rejection,3,12
21758,21761,21773,2020-03-16 13:10:00,2020-03-16 13:25:00,2020-03-16 14:25:00,-1,primary:upper_rejection,3,12
21803,21806,21818,2020-03-16 16:55:00,2020-03-16 17:10:00,2020-03-16 18:10:00,1,primary:lower_rejection,3,12
21818,21821,21833,2020-03-16 18:10:00,2020-03-16 18:25:00,2020-03-16 19:25:00,1,primary:lower_rejection,3,12
21873,21876,21888,2020-03-16 22:45:00,2020-03-16 23:00:00,2020-03-17 00:00:00,-1,primary:upper_rejection,3,12
21890,21893,21905,2020-03-17 00:10:00,2020-03-17 00:25:00,2020-03-17 01:25:00,-1,primary:upper_rejection,3,12
21916,21919,21931,2020-03-17 02:20:00,2020-03-17 02:35:00,2020-03-17 03:35:00,1,primary:lower_rejection,3,12
21941,21944,21956,2020-03-17 04:25:00,2020-03-17 04:40:00,2020-03-17 05:40:00,1,primary:lower_rejection,3,12
21963,21966,21978,2020-03-17 06:15:00,2020-03-17 06:30:00,2020-03-17 07:30:00,-1,primary:upper_rejection,3,12
21994,21997,22009,2020-03-17 08:50:00,2020-03-17 09:05:00,2020-03-17 10:05:00,-1,primary:upper_rejection,3,12
22059,22062,22074,2020-03-17 14:15:00,2020-03-17 14:30:00,2020-03-17 15:30:00,1,primary:lower_rejection,3,12
22146,22149,22161,2020-03-17 21:30:00,2020-03-17 21:45:00,2020-03-17 22:45:00,1,primary:lower_rejection,3,12
22304,22307,22319,2020-03-18 10:40:00,2020-03-18 10:55:00,2020-03-18 11:55:00,-1,primary:upper_rejection,3,12
22336,22339,22351,2020-03-18 13:20:00,2020-03-18 13:35:00,2020-03-18 14:35:00,-1,primary:upper_rejection,3,12
22685,22688,22700,2020-03-19 18:25:00,2020-03-19 18:40:00,2020-03-19 19:40:00,-1,primary:upper_rejection,3,12
23000,23003,23015,2020-03-20 20:40:00,2020-03-20 20:55:00,2020-03-20 21:55:00,1,primary:lower_rejection,3,12
23037,23040,23052,2020-03-20 23:45:00,2020-03-21 00:00:00,2020-03-21 01:00:00,-1,primary:upper_rejection,3,12
23055,23058,23070,2020-03-21 01:15:00,2020-03-21 01:30:00,2020-03-21 02:30:00,-1,primary:upper_rejection,3,12
23320,23323,23335,2020-03-21 23:20:00,2020-03-21 23:35:00,2020-03-22 00:35:00,-1,primary:upper_rejection,3,12
23774,23777,23789,2020-03-23 13:10:00,2020-03-23 13:25:00,2020-03-23 14:25:00,-1,primary:upper_rejection,3,12
23798,23801,23813,2020-03-23 15:10:00,2020-03-23 15:25:00,2020-03-23 16:25:00,1,primary:lower_rejection,3,12
25152,25155,25167,2020-03-28 08:00:00,2020-03-28 08:15:00,2020-03-28 09:15:00,-1,primary:upper_rejection,3,12
25683,25686,25698,2020-03-30 04:15:00,2020-03-30 04:30:00,2020-03-30 05:30:00,1,primary:lower_rejection,3,12
25716,25719,25731,2020-03-30 07:00:00,2020-03-30 07:15:00,2020-03-30 08:15:00,1,primary:lower_rejection,3,12
26701,26704,26716,2020-04-02 17:05:00,2020-04-02 17:20:00,2020-04-02 18:20:00,-1,primary:upper_rejection,3,12
31048,31051,31063,2020-04-17 19:20:00,2020-04-17 19:35:00,2020-04-17 20:35:00,-1,primary:upper_rejection,3,12
31264,31267,31279,2020-04-18 13:20:00,2020-04-18 13:35:00,2020-04-18 14:35:00,-1,primary:upper_rejection,3,12
32746,32749,32761,2020-04-23 16:50:00,2020-04-23 17:05:00,2020-04-23 18:05:00,-1,primary:upper_rejection,3,12
32821,32824,32836,2020-04-23 23:05:00,2020-04-23 23:20:00,2020-04-24 00:20:00,1,primary:lower_rejection,3,12
33313,33316,33328,2020-04-25 16:05:00,2020-04-25 16:20:00,2020-04-25 17:20:00,1,primary:lower_rejection,3,12
34426,34429,34441,2020-04-29 12:50:00,2020-04-29 13:05:00,2020-04-29 14:05:00,-1,primary:upper_rejection,3,12
34489,34492,34504,2020-04-29 18:05:00,2020-04-29 18:20:00,2020-04-29 19:20:00,1,primary:lower_rejection,3,12
34670,34673,34685,2020-04-30 09:10:00,2020-04-30 09:25:00,2020-04-30 10:25:00,1,primary:lower_rejection,3,12
34692,34695,34707,2020-04-30 11:00:00,2020-04-30 11:15:00,2020-04-30 12:15:00,1,primary:lower_rejection,3,12
36427,36430,36442,2020-05-06 11:35:00,2020-05-06 11:50:00,2020-05-06 12:50:00,1,primary:lower_rejection,3,12
36820,36823,36835,2020-05-07 20:20:00,2020-05-07 20:35:00,2020-05-07 21:35:00,-1,primary:upper_rejection,3,12
36888,36891,36903,2020-05-08 02:00:00,2020-05-08 02:15:00,2020-05-08 03:15:00,-1,primary:upper_rejection,3,12
36990,36993,37005,2020-05-08 10:30:00,2020-05-08 10:45:00,2020-05-08 11:45:00,-1,primary:upper_rejection,3,12
37210,37213,37225,2020-05-09 04:50:00,2020-05-09 05:05:00,2020-05-09 06:05:00,1,primary:lower_rejection,3,12
37447,37450,37462,2020-05-10 00:35:00,2020-05-10 00:50:00,2020-05-10 01:50:00,-1,primary:upper_rejection,3,12
37497,37500,37512,2020-05-10 04:45:00,2020-05-10 05:00:00,2020-05-10 06:00:00,1,primary:lower_rejection,3,12
37510,37513,37525,2020-05-10 05:50:00,2020-05-10 06:05:00,2020-05-10 07:05:00,1,primary:lower_rejection,3,12
37524,37527,37539,2020-05-10 07:00:00,2020-05-10 07:15:00,2020-05-10 08:15:00,1,primary:lower_rejection,3,12
37748,37751,37763,2020-05-11 01:40:00,2020-05-11 01:55:00,2020-05-11 02:55:00,1,primary:lower_rejection,3,12
38274,38277,38289,2020-05-12 21:30:00,2020-05-12 21:45:00,2020-05-12 22:45:00,1,primary:lower_rejection,3,12
38855,38858,38870,2020-05-14 21:55:00,2020-05-14 22:10:00,2020-05-14 23:10:00,1,primary:lower_rejection,3,12
39174,39177,39189,2020-05-16 00:30:00,2020-05-16 00:45:00,2020-05-16 01:45:00,1,primary:lower_rejection,3,12
39327,39330,39342,2020-05-16 13:15:00,2020-05-16 13:30:00,2020-05-16 14:30:00,1,primary:lower_rejection,3,12
39601,39604,39616,2020-05-17 12:05:00,2020-05-17 12:20:00,2020-05-17 13:20:00,1,primary:lower_rejection,3,12
39813,39816,39828,2020-05-18 05:45:00,2020-05-18 06:00:00,2020-05-18 07:00:00,1,primary:lower_rejection,3,12
40835,40838,40850,2020-05-21 18:55:00,2020-05-21 19:10:00,2020-05-21 20:10:00,-1,primary:upper_rejection,3,12
41257,41260,41272,2020-05-23 06:05:00,2020-05-23 06:20:00,2020-05-23 07:20:00,1,primary:lower_rejection,3,12
41638,41641,41653,2020-05-24 13:50:00,2020-05-24 14:05:00,2020-05-24 15:05:00,1,primary:lower_rejection,3,12
42595,42598,42610,2020-05-27 21:35:00,2020-05-27 21:50:00,2020-05-27 22:50:00,1,primary:lower_rejection,3,12
44070,44073,44085,2020-06-02 00:30:00,2020-06-02 00:45:00,2020-06-02 01:45:00,-1,primary:upper_rejection,3,12
45493,45496,45508,2020-06-06 23:05:00,2020-06-06 23:20:00,2020-06-07 00:20:00,1,primary:lower_rejection,3,12
45745,45748,45760,2020-06-07 20:05:00,2020-06-07 20:20:00,2020-06-07 21:20:00,1,primary:lower_rejection,3,12
45821,45824,45836,2020-06-08 02:25:00,2020-06-08 02:40:00,2020-06-08 03:40:00,1,primary:lower_rejection,3,12
46080,46083,46095,2020-06-09 00:00:00,2020-06-09 00:15:00,2020-06-09 01:15:00,1,primary:lower_rejection,3,12
46095,46098,46110,2020-06-09 01:15:00,2020-06-09 01:30:00,2020-06-09 02:30:00,1,primary:lower_rejection,3,12
46666,46669,46681,2020-06-11 00:50:00,2020-06-11 01:05:00,2020-06-11 02:05:00,-1,primary:upper_rejection,3,12
46860,46863,46875,2020-06-11 17:00:00,2020-06-11 17:15:00,2020-06-11 18:15:00,1,primary:lower_rejection,3,12
47847,47850,47862,2020-06-15 03:15:00,2020-06-15 03:30:00,2020-06-15 04:30:00,1,primary:lower_rejection,3,12
48072,48075,48087,2020-06-15 22:00:00,2020-06-15 22:15:00,2020-06-15 23:15:00,1,primary:lower_rejection,3,12
48360,48363,48375,2020-06-16 22:00:00,2020-06-16 22:15:00,2020-06-16 23:15:00,1,primary:lower_rejection,3,12
48875,48878,48890,2020-06-18 16:55:00,2020-06-18 17:10:00,2020-06-18 18:10:00,-1,primary:upper_rejection,3,12
50495,50498,50510,2020-06-24 07:55:00,2020-06-24 08:10:00,2020-06-24 09:10:00,-1,primary:upper_rejection,3,12
50553,50556,50568,2020-06-24 12:45:00,2020-06-24 13:00:00,2020-06-24 14:00:00,-1,primary:upper_rejection,3,12
50687,50690,50702,2020-06-24 23:55:00,2020-06-25 00:10:00,2020-06-25 01:10:00,1,primary:lower_rejection,3,12
51552,51555,51567,2020-06-28 00:00:00,2020-06-28 00:15:00,2020-06-28 01:15:00,-1,primary:upper_rejection,3,12
58656,58659,58671,2020-07-22 16:00:00,2020-07-22 16:15:00,2020-07-22 17:15:00,1,primary:lower_rejection,3,12
60110,60113,60125,2020-07-27 17:10:00,2020-07-27 17:25:00,2020-07-27 18:25:00,1,primary:lower_rejection,3,12
60187,60190,60202,2020-07-27 23:35:00,2020-07-27 23:50:00,2020-07-28 00:50:00,1,primary:lower_rejection,3,12
60272,60275,60287,2020-07-28 06:40:00,2020-07-28 06:55:00,2020-07-28 07:55:00,1,primary:lower_rejection,3,12
60290,60293,60305,2020-07-28 08:10:00,2020-07-28 08:25:00,2020-07-28 09:25:00,-1,primary:upper_rejection,3,12
60885,60888,60900,2020-07-30 09:45:00,2020-07-30 10:00:00,2020-07-30 11:00:00,1,primary:lower_rejection,3,12
61013,61016,61028,2020-07-30 20:25:00,2020-07-30 20:40:00,2020-07-30 21:40:00,-1,primary:upper_rejection,3,12
61267,61270,61282,2020-07-31 17:35:00,2020-07-31 17:50:00,2020-07-31 18:50:00,-1,primary:upper_rejection,3,12
61283,61286,61298,2020-07-31 18:55:00,2020-07-31 19:10:00,2020-07-31 20:10:00,1,primary:lower_rejection,3,12
61410,61413,61425,2020-08-01 05:30:00,2020-08-01 05:45:00,2020-08-01 06:45:00,-1,primary:upper_rejection,3,12
61513,61516,61528,2020-08-01 14:05:00,2020-08-01 14:20:00,2020-08-01 15:20:00,-1,primary:upper_rejection,3,12
61596,61599,61611,2020-08-01 21:00:00,2020-08-01 21:15:00,2020-08-01 22:15:00,-1,primary:upper_rejection,3,12
61679,61682,61694,2020-08-02 03:55:00,2020-08-02 04:10:00,2020-08-02 05:10:00,1,primary:lower_rejection,3,12
61701,61704,61716,2020-08-02 05:45:00,2020-08-02 06:00:00,2020-08-02 07:00:00,1,primary:lower_rejection,3,12
62084,62087,62099,2020-08-03 13:40:00,2020-08-03 13:55:00,2020-08-03 14:55:00,1,primary:lower_rejection,3,12
62317,62320,62332,2020-08-04 09:05:00,2020-08-04 09:20:00,2020-08-04 10:20:00,-1,primary:upper_rejection,3,12
62355,62358,62370,2020-08-04 12:15:00,2020-08-04 12:30:00,2020-08-04 13:30:00,1,primary:lower_rejection,3,12
62595,62598,62610,2020-08-05 08:15:00,2020-08-05 08:30:00,2020-08-05 09:30:00,1,primary:lower_rejection,3,12
62723,62726,62738,2020-08-05 18:55:00,2020-08-05 19:10:00,2020-08-05 20:10:00,1,primary:lower_rejection,3,12
63488,63491,63503,2020-08-08 10:40:00,2020-08-08 10:55:00,2020-08-08 11:55:00,-1,primary:upper_rejection,3,12
63536,63539,63551,2020-08-08 14:40:00,2020-08-08 14:55:00,2020-08-08 15:55:00,1,primary:lower_rejection,3,12
63629,63632,63644,2020-08-08 22:25:00,2020-08-08 22:40:00,2020-08-08 23:40:00,1,primary:lower_rejection,3,12
63801,63804,63816,2020-08-09 12:45:00,2020-08-09 13:00:00,2020-08-09 14:00:00,1,primary:lower_rejection,3,12
63953,63956,63968,2020-08-10 01:25:00,2020-08-10 01:40:00,2020-08-10 02:40:00,-1,primary:upper_rejection,3,12
63978,63981,63993,2020-08-10 03:30:00,2020-08-10 03:45:00,2020-08-10 04:45:00,-1,primary:upper_rejection,3,12
63998,64001,64013,2020-08-10 05:10:00,2020-08-10 05:25:00,2020-08-10 06:25:00,-1,primary:upper_rejection,3,12
64013,64016,64028,2020-08-10 06:25:00,2020-08-10 06:40:00,2020-08-10 07:40:00,-1,primary:upper_rejection,3,12
64261,64264,64276,2020-08-11 03:05:00,2020-08-11 03:20:00,2020-08-11 04:20:00,-1,primary:upper_rejection,3,12
64409,64412,64424,2020-08-11 15:25:00,2020-08-11 15:40:00,2020-08-11 16:40:00,1,primary:lower_rejection,3,12
64648,64651,64663,2020-08-12 11:20:00,2020-08-12 11:35:00,2020-08-12 12:35:00,-1,primary:upper_rejection,3,12
64798,64801,64813,2020-08-12 23:50:00,2020-08-13 00:05:00,2020-08-13 01:05:00,-1,primary:upper_rejection,3,12
64926,64929,64941,2020-08-13 10:30:00,2020-08-13 10:45:00,2020-08-13 11:45:00,-1,primary:upper_rejection,3,12
64949,64952,64964,2020-08-13 12:25:00,2020-08-13 12:40:00,2020-08-13 13:40:00,1,primary:lower_rejection,3,12
65057,65060,65072,2020-08-13 21:25:00,2020-08-13 21:40:00,2020-08-13 22:40:00,-1,primary:upper_rejection,3,12
65089,65092,65104,2020-08-14 00:05:00,2020-08-14 00:20:00,2020-08-14 01:20:00,-1,primary:upper_rejection,3,12
66114,66117,66129,2020-08-17 13:30:00,2020-08-17 13:45:00,2020-08-17 14:45:00,1,primary:lower_rejection,3,12
66174,66177,66189,2020-08-17 18:30:00,2020-08-17 18:45:00,2020-08-17 19:45:00,1,primary:lower_rejection,3,12
66389,66392,66404,2020-08-18 12:25:00,2020-08-18 12:40:00,2020-08-18 13:40:00,1,primary:lower_rejection,3,12
66417,66420,66432,2020-08-18 14:45:00,2020-08-18 15:00:00,2020-08-18 16:00:00,1,primary:lower_rejection,3,12
66514,66517,66529,2020-08-18 22:50:00,2020-08-18 23:05:00,2020-08-19 00:05:00,1,primary:lower_rejection,3,12
68016,68019,68031,2020-08-24 04:00:00,2020-08-24 04:15:00,2020-08-24 05:15:00,-1,primary:upper_rejection,3,12
68729,68732,68744,2020-08-26 15:25:00,2020-08-26 15:40:00,2020-08-26 16:40:00,1,primary:lower_rejection,3,12
69216,69219,69231,2020-08-28 08:00:00,2020-08-28 08:15:00,2020-08-28 09:15:00,-1,primary:upper_rejection,3,12
70644,70647,70659,2020-09-02 07:00:00,2020-09-02 07:15:00,2020-09-02 08:15:00,-1,primary:upper_rejection,3,12
71031,71034,71046,2020-09-03 15:15:00,2020-09-03 15:30:00,2020-09-03 16:30:00,-1,primary:upper_rejection,3,12
71577,71580,71592,2020-09-05 12:45:00,2020-09-05 13:00:00,2020-09-05 14:00:00,1,primary:lower_rejection,3,12
72130,72133,72145,2020-09-07 10:50:00,2020-09-07 11:05:00,2020-09-07 12:05:00,-1,primary:upper_rejection,3,12
77889,77892,77904,2020-09-27 10:45:00,2020-09-27 11:00:00,2020-09-27 12:00:00,-1,primary:upper_rejection,3,12
78310,78313,78325,2020-09-28 21:50:00,2020-09-28 22:05:00,2020-09-28 23:05:00,-1,primary:upper_rejection,3,12
78327,78330,78342,2020-09-28 23:15:00,2020-09-28 23:30:00,2020-09-29 00:30:00,-1,primary:upper_rejection,3,12
78937,78940,78952,2020-10-01 02:05:00,2020-10-01 02:20:00,2020-10-01 03:20:00,-1,primary:upper_rejection,3,12
79067,79070,79082,2020-10-01 12:55:00,2020-10-01 13:10:00,2020-10-01 14:10:00,1,primary:lower_rejection,3,12
80321,80324,80336,2020-10-05 21:25:00,2020-10-05 21:40:00,2020-10-05 22:40:00,-1,primary:upper_rejection,3,12
81529,81532,81544,2020-10-10 02:05:00,2020-10-10 02:20:00,2020-10-10 03:20:00,1,primary:lower_rejection,3,12
81950,81953,81965,2020-10-11 13:10:00,2020-10-11 13:25:00,2020-10-11 14:25:00,1,primary:lower_rejection,3,12
82628,82631,82643,2020-10-13 21:40:00,2020-10-13 21:55:00,2020-10-13 22:55:00,1,primary:lower_rejection,3,12
84467,84470,84482,2020-10-20 06:55:00,2020-10-20 07:10:00,2020-10-20 08:10:00,-1,primary:upper_rejection,3,12
84525,84528,84540,2020-10-20 11:45:00,2020-10-20 12:00:00,2020-10-20 13:00:00,-1,primary:upper_rejection,3,12
84939,84942,84954,2020-10-21 22:15:00,2020-10-21 22:30:00,2020-10-21 23:30:00,-1,primary:upper_rejection,3,12
85045,85048,85060,2020-10-22 07:05:00,2020-10-22 07:20:00,2020-10-22 08:20:00,1,primary:lower_rejection,3,12
85973,85976,85988,2020-10-25 12:25:00,2020-10-25 12:40:00,2020-10-25 13:40:00,-1,primary:upper_rejection,3,12
86525,86528,86540,2020-10-27 10:25:00,2020-10-27 10:40:00,2020-10-27 11:40:00,-1,primary:upper_rejection,3,12
86637,86640,86652,2020-10-27 19:45:00,2020-10-27 20:00:00,2020-10-27 21:00:00,1,primary:lower_rejection,3,12
86677,86680,86692,2020-10-27 23:05:00,2020-10-27 23:20:00,2020-10-28 00:20:00,1,primary:lower_rejection,3,12
86848,86851,86863,2020-10-28 13:20:00,2020-10-28 13:35:00,2020-10-28 14:35:00,-1,primary:upper_rejection,3,12
87348,87351,87363,2020-10-30 07:00:00,2020-10-30 07:15:00,2020-10-30 08:15:00,-1,primary:upper_rejection,3,12
87651,87654,87666,2020-10-31 08:15:00,2020-10-31 08:30:00,2020-10-31 09:30:00,1,primary:lower_rejection,3,12
87825,87828,87840,2020-10-31 22:45:00,2020-10-31 23:00:00,2020-11-01 00:00:00,-1,primary:upper_rejection,3,12
88681,88684,88696,2020-11-03 22:05:00,2020-11-03 22:20:00,2020-11-03 23:20:00,-1,primary:upper_rejection,3,12
88845,88848,88860,2020-11-04 11:45:00,2020-11-04 12:00:00,2020-11-04 13:00:00,-1,primary:upper_rejection,3,12
89158,89161,89173,2020-11-05 13:50:00,2020-11-05 14:05:00,2020-11-05 15:05:00,1,primary:lower_rejection,3,12
89214,89217,89229,2020-11-05 18:30:00,2020-11-05 18:45:00,2020-11-05 19:45:00,1,primary:lower_rejection,3,12
89417,89420,89432,2020-11-06 11:25:00,2020-11-06 11:40:00,2020-11-06 12:40:00,1,primary:lower_rejection,3,12
89561,89564,89576,2020-11-06 23:25:00,2020-11-06 23:40:00,2020-11-07 00:40:00,-1,primary:upper_rejection,3,12
89668,89671,89683,2020-11-07 08:20:00,2020-11-07 08:35:00,2020-11-07 09:35:00,-1,primary:upper_rejection,3,12
89965,89968,89980,2020-11-08 09:05:00,2020-11-08 09:20:00,2020-11-08 10:20:00,-1,primary:upper_rejection,3,12
90001,90004,90016,2020-11-08 12:05:00,2020-11-08 12:20:00,2020-11-08 13:20:00,-1,primary:upper_rejection,3,12
90016,90019,90031,2020-11-08 13:20:00,2020-11-08 13:35:00,2020-11-08 14:35:00,-1,primary:upper_rejection,3,12
90065,90068,90080,2020-11-08 17:25:00,2020-11-08 17:40:00,2020-11-08 18:40:00,-1,primary:upper_rejection,3,12
90852,90855,90867,2020-11-11 11:00:00,2020-11-11 11:15:00,2020-11-11 12:15:00,-1,primary:upper_rejection,3,12
91127,91130,91142,2020-11-12 09:55:00,2020-11-12 10:10:00,2020-11-12 11:10:00,-1,primary:upper_rejection,3,12
91275,91278,91290,2020-11-12 22:15:00,2020-11-12 22:30:00,2020-11-12 23:30:00,-1,primary:upper_rejection,3,12
92635,92638,92650,2020-11-17 15:35:00,2020-11-17 15:50:00,2020-11-17 16:50:00,-1,primary:upper_rejection,3,12
92863,92866,92878,2020-11-18 10:35:00,2020-11-18 10:50:00,2020-11-18 11:50:00,-1,primary:upper_rejection,3,12
93050,93053,93065,2020-11-19 02:10:00,2020-11-19 02:25:00,2020-11-19 03:25:00,-1,primary:upper_rejection,3,12
93399,93402,93414,2020-11-20 07:15:00,2020-11-20 07:30:00,2020-11-20 08:30:00,1,primary:lower_rejection,3,12
93445,93448,93460,2020-11-20 11:05:00,2020-11-20 11:20:00,2020-11-20 12:20:00,-1,primary:upper_rejection,3,12
93493,93496,93508,2020-11-20 15:05:00,2020-11-20 15:20:00,2020-11-20 16:20:00,-1,primary:upper_rejection,3,12
93784,93787,93799,2020-11-21 15:20:00,2020-11-21 15:35:00,2020-11-21 16:35:00,-1,primary:upper_rejection,3,12
94193,94196,94208,2020-11-23 01:25:00,2020-11-23 01:40:00,2020-11-23 02:40:00,-1,primary:upper_rejection,3,12
94339,94342,94354,2020-11-23 13:35:00,2020-11-23 13:50:00,2020-11-23 14:50:00,1,primary:lower_rejection,3,12
94356,94359,94371,2020-11-23 15:00:00,2020-11-23 15:15:00,2020-11-23 16:15:00,-1,primary:upper_rejection,3,12
94554,94557,94569,2020-11-24 07:30:00,2020-11-24 07:45:00,2020-11-24 08:45:00,-1,primary:upper_rejection,3,12
94578,94581,94593,2020-11-24 09:30:00,2020-11-24 09:45:00,2020-11-24 10:45:00,1,primary:lower_rejection,3,12
95142,95145,95157,2020-11-26 08:30:00,2020-11-26 08:45:00,2020-11-26 09:45:00,-1,primary:upper_rejection,3,12
95157,95160,95172,2020-11-26 09:45:00,2020-11-26 10:00:00,2020-11-26 11:00:00,1,primary:lower_rejection,3,12
95181,95184,95196,2020-11-26 11:45:00,2020-11-26 12:00:00,2020-11-26 13:00:00,1,primary:lower_rejection,3,12
96283,96286,96298,2020-11-30 07:35:00,2020-11-30 07:50:00,2020-11-30 08:50:00,-1,primary:upper_rejection,3,12
96372,96375,96387,2020-11-30 15:00:00,2020-11-30 15:15:00,2020-11-30 16:15:00,1,primary:lower_rejection,3,12
96388,96391,96403,2020-11-30 16:20:00,2020-11-30 16:35:00,2020-11-30 17:35:00,-1,primary:upper_rejection,3,12
96567,96570,96582,2020-12-01 07:15:00,2020-12-01 07:30:00,2020-12-01 08:30:00,-1,primary:upper_rejection,3,12
96579,96582,96594,2020-12-01 08:15:00,2020-12-01 08:30:00,2020-12-01 09:30:00,-1,primary:upper_rejection,3,12
96634,96637,96649,2020-12-01 12:50:00,2020-12-01 13:05:00,2020-12-01 14:05:00,-1,primary:upper_rejection,3,12
96770,96773,96785,2020-12-02 00:10:00,2020-12-02 00:25:00,2020-12-02 01:25:00,1,primary:lower_rejection,3,12
97618,97621,97633,2020-12-04 22:50:00,2020-12-04 23:05:00,2020-12-05 00:05:00,-1,primary:upper_rejection,3,12
98352,98355,98367,2020-12-07 12:00:00,2020-12-07 12:15:00,2020-12-07 13:15:00,1,primary:lower_rejection,3,12
98700,98703,98715,2020-12-08 17:00:00,2020-12-08 17:15:00,2020-12-08 18:15:00,1,primary:lower_rejection,3,12
99264,99267,99279,2020-12-10 16:00:00,2020-12-10 16:15:00,2020-12-10 17:15:00,-1,primary:upper_rejection,3,12
99452,99455,99467,2020-12-11 07:40:00,2020-12-11 07:55:00,2020-12-11 08:55:00,-1,primary:upper_rejection,3,12
100054,100057,100069,2020-12-13 09:50:00,2020-12-13 10:05:00,2020-12-13 11:05:00,-1,primary:upper_rejection,3,12
100082,100085,100097,2020-12-13 12:10:00,2020-12-13 12:25:00,2020-12-13 13:25:00,-1,primary:upper_rejection,3,12
100524,100527,100539,2020-12-15 01:00:00,2020-12-15 01:15:00,2020-12-15 02:15:00,-1,primary:upper_rejection,3,12
100635,100638,100650,2020-12-15 10:15:00,2020-12-15 10:30:00,2020-12-15 11:30:00,1,primary:lower_rejection,3,12
100947,100950,100962,2020-12-16 12:15:00,2020-12-16 12:30:00,2020-12-16 13:30:00,-1,primary:upper_rejection,3,12
100967,100970,100982,2020-12-16 13:55:00,2020-12-16 14:10:00,2020-12-16 15:10:00,-1,primary:upper_rejection,3,12
100980,100983,100995,2020-12-16 15:00:00,2020-12-16 15:15:00,2020-12-16 16:15:00,-1,primary:upper_rejection,3,12
101068,101071,101083,2020-12-16 22:20:00,2020-12-16 22:35:00,2020-12-16 23:35:00,1,primary:lower_rejection,3,12
101231,101234,101246,2020-12-17 11:55:00,2020-12-17 12:10:00,2020-12-17 13:10:00,1,primary:lower_rejection,3,12
102176,102179,102191,2020-12-20 18:40:00,2020-12-20 18:55:00,2020-12-20 19:55:00,-1,primary:upper_rejection,3,12
102292,102295,102307,2020-12-21 04:20:00,2020-12-21 04:35:00,2020-12-21 05:35:00,-1,primary:upper_rejection,3,12
102596,102599,102611,2020-12-22 05:40:00,2020-12-22 05:55:00,2020-12-22 06:55:00,-1,primary:upper_rejection,3,12
103631,103634,103646,2020-12-25 19:55:00,2020-12-25 20:10:00,2020-12-25 21:10:00,1,primary:lower_rejection,3,12
103850,103853,103865,2020-12-26 14:10:00,2020-12-26 14:25:00,2020-12-26 15:25:00,1,primary:lower_rejection,3,12
103948,103951,103963,2020-12-26 22:20:00,2020-12-26 22:35:00,2020-12-26 23:35:00,1,primary:lower_rejection,3,12
104101,104104,104116,2020-12-27 11:05:00,2020-12-27 11:20:00,2020-12-27 12:20:00,1,primary:lower_rejection,3,12
104136,104139,104151,2020-12-27 14:00:00,2020-12-27 14:15:00,2020-12-27 15:15:00,-1,primary:upper_rejection,3,12
104536,104539,104551,2020-12-28 23:20:00,2020-12-28 23:35:00,2020-12-29 00:35:00,-1,primary:upper_rejection,3,12
104650,104653,104665,2020-12-29 08:50:00,2020-12-29 09:05:00,2020-12-29 10:05:00,1,primary:lower_rejection,3,12
104808,104811,104823,2020-12-29 22:00:00,2020-12-29 22:15:00,2020-12-29 23:15:00,1,primary:lower_rejection,3,12
104881,104884,104896,2020-12-30 04:05:00,2020-12-30 04:20:00,2020-12-30 05:20:00,-1,primary:upper_rejection,3,12
105010,105013,105025,2020-12-30 14:50:00,2020-12-30 15:05:00,2020-12-30 16:05:00,-1,primary:upper_rejection,3,12
105124,105127,105139,2020-12-31 00:20:00,2020-12-31 00:35:00,2020-12-31 01:35:00,-1,primary:upper_rejection,3,12
105298,105301,105313,2020-12-31 14:50:00,2020-12-31 15:05:00,2020-12-31 16:05:00,1,primary:lower_rejection,3,12
105761,105764,105776,2021-01-02 05:25:00,2021-01-02 05:40:00,2021-01-02 06:40:00,-1,primary:upper_rejection,3,12
105864,105867,105879,2021-01-02 14:00:00,2021-01-02 14:15:00,2021-01-02 15:15:00,-1,primary:upper_rejection,3,12
105896,105899,105911,2021-01-02 16:40:00,2021-01-02 16:55:00,2021-01-02 17:55:00,-1,primary:upper_rejection,3,12
106046,106049,106061,2021-01-03 05:10:00,2021-01-03 05:25:00,2021-01-03 06:25:00,1,primary:lower_rejection,3,12
106250,106253,106265,2021-01-03 22:10:00,2021-01-03 22:25:00,2021-01-03 23:25:00,1,primary:lower_rejection,3,12
106266,106269,106281,2021-01-03 23:30:00,2021-01-03 23:45:00,2021-01-04 00:45:00,1,primary:lower_rejection,3,12
106401,106404,106416,2021-01-04 10:45:00,2021-01-04 11:00:00,2021-01-04 12:00:00,1,primary:lower_rejection,3,12
106440,106443,106455,2021-01-04 14:00:00,2021-01-04 14:15:00,2021-01-04 15:15:00,1,primary:lower_rejection,3,12
106784,106787,106799,2021-01-05 18:40:00,2021-01-05 18:55:00,2021-01-05 19:55:00,1,primary:lower_rejection,3,12
106986,106989,107001,2021-01-06 11:30:00,2021-01-06 11:45:00,2021-01-06 12:45:00,1,primary:lower_rejection,3,12
107294,107297,107309,2021-01-07 13:10:00,2021-01-07 13:25:00,2021-01-07 14:25:00,-1,primary:upper_rejection,3,12
107345,107348,107360,2021-01-07 17:25:00,2021-01-07 17:40:00,2021-01-07 18:40:00,-1,primary:upper_rejection,3,12
107606,107609,107621,2021-01-08 15:10:00,2021-01-08 15:25:00,2021-01-08 16:25:00,-1,primary:upper_rejection,3,12
107628,107631,107643,2021-01-08 17:00:00,2021-01-08 17:15:00,2021-01-08 18:15:00,1,primary:lower_rejection,3,12
108096,108099,108111,2021-01-10 08:00:00,2021-01-10 08:15:00,2021-01-10 09:15:00,-1,primary:upper_rejection,3,12
108208,108211,108223,2021-01-10 17:20:00,2021-01-10 17:35:00,2021-01-10 18:35:00,-1,primary:upper_rejection,3,12
108498,108501,108513,2021-01-11 17:30:00,2021-01-11 17:45:00,2021-01-11 18:45:00,1,primary:lower_rejection,3,12
109081,109084,109096,2021-01-13 18:05:00,2021-01-13 18:20:00,2021-01-13 19:20:00,1,primary:lower_rejection,3,12
109963,109966,109978,2021-01-16 19:35:00,2021-01-16 19:50:00,2021-01-16 20:50:00,-1,primary:upper_rejection,3,12
110135,110138,110150,2021-01-17 09:55:00,2021-01-17 10:10:00,2021-01-17 11:10:00,1,primary:lower_rejection,3,12
110456,110459,110471,2021-01-18 12:40:00,2021-01-18 12:55:00,2021-01-18 13:55:00,-1,primary:upper_rejection,3,12
110768,110771,110783,2021-01-19 14:40:00,2021-01-19 14:55:00,2021-01-19 15:55:00,-1,primary:upper_rejection,3,12
111524,111527,111539,2021-01-22 05:40:00,2021-01-22 05:55:00,2021-01-22 06:55:00,-1,primary:upper_rejection,3,12
111590,111593,111605,2021-01-22 11:10:00,2021-01-22 11:25:00,2021-01-22 12:25:00,-1,primary:upper_rejection,3,12
112786,112789,112801,2021-01-26 14:50:00,2021-01-26 15:05:00,2021-01-26 16:05:00,1,primary:lower_rejection,3,12
113142,113145,113157,2021-01-27 20:30:00,2021-01-27 20:45:00,2021-01-27 21:45:00,-1,primary:upper_rejection,3,12
113582,113585,113597,2021-01-29 09:10:00,2021-01-29 09:25:00,2021-01-29 10:25:00,1,primary:lower_rejection,3,12
113709,113712,113724,2021-01-29 19:45:00,2021-01-29 20:00:00,2021-01-29 21:00:00,-1,primary:upper_rejection,3,12
115793,115796,115808,2021-02-06 01:25:00,2021-02-06 01:40:00,2021-02-06 02:40:00,1,primary:lower_rejection,3,12
116507,116510,116522,2021-02-08 12:55:00,2021-02-08 13:10:00,2021-02-08 14:10:00,1,primary:lower_rejection,3,12
116519,116522,116534,2021-02-08 13:55:00,2021-02-08 14:10:00,2021-02-08 15:10:00,-1,primary:upper_rejection,3,12
116703,116706,116718,2021-02-09 05:15:00,2021-02-09 05:30:00,2021-02-09 06:30:00,-1,primary:upper_rejection,3,12
116737,116740,116752,2021-02-09 08:05:00,2021-02-09 08:20:00,2021-02-09 09:20:00,-1,primary:upper_rejection,3,12
116755,116758,116770,2021-02-09 09:35:00,2021-02-09 09:50:00,2021-02-09 10:50:00,1,primary:lower_rejection,3,12
117103,117106,117118,2021-02-10 14:35:00,2021-02-10 14:50:00,2021-02-10 15:50:00,1,primary:lower_rejection,3,12
117158,117161,117173,2021-02-10 19:10:00,2021-02-10 19:25:00,2021-02-10 20:25:00,-1,primary:upper_rejection,3,12
117192,117195,117207,2021-02-10 22:00:00,2021-02-10 22:15:00,2021-02-10 23:15:00,-1,primary:upper_rejection,3,12
117249,117252,117264,2021-02-11 02:45:00,2021-02-11 03:00:00,2021-02-11 04:00:00,1,primary:lower_rejection,3,12
117381,117384,117396,2021-02-11 13:45:00,2021-02-11 14:00:00,2021-02-11 15:00:00,-1,primary:upper_rejection,3,12
117468,117471,117483,2021-02-11 21:00:00,2021-02-11 21:15:00,2021-02-11 22:15:00,1,primary:lower_rejection,3,12
117490,117493,117505,2021-02-11 22:50:00,2021-02-11 23:05:00,2021-02-12 00:05:00,1,primary:lower_rejection,3,12
118154,118157,118169,2021-02-14 06:10:00,2021-02-14 06:25:00,2021-02-14 07:25:00,-1,primary:upper_rejection,3,12
118484,118487,118499,2021-02-15 09:40:00,2021-02-15 09:55:00,2021-02-15 10:55:00,1,primary:lower_rejection,3,12
118808,118811,118823,2021-02-16 12:40:00,2021-02-16 12:55:00,2021-02-16 13:55:00,1,primary:lower_rejection,3,12
119025,119028,119040,2021-02-17 06:45:00,2021-02-17 07:00:00,2021-02-17 08:00:00,1,primary:lower_rejection,3,12
119057,119060,119072,2021-02-17 09:25:00,2021-02-17 09:40:00,2021-02-17 10:40:00,-1,primary:upper_rejection,3,12
119323,119326,119338,2021-02-18 07:35:00,2021-02-18 07:50:00,2021-02-18 08:50:00,1,primary:lower_rejection,3,12
119698,119701,119713,2021-02-19 14:50:00,2021-02-19 15:05:00,2021-02-19 16:05:00,1,primary:lower_rejection,3,12
119785,119788,119800,2021-02-19 22:05:00,2021-02-19 22:20:00,2021-02-19 23:20:00,-1,primary:upper_rejection,3,12
119798,119801,119813,2021-02-19 23:10:00,2021-02-19 23:25:00,2021-02-20 00:25:00,1,primary:lower_rejection,3,12
119957,119960,119972,2021-02-20 12:25:00,2021-02-20 12:40:00,2021-02-20 13:40:00,1,primary:lower_rejection,3,12
120368,120371,120383,2021-02-21 22:40:00,2021-02-21 22:55:00,2021-02-21 23:55:00,1,primary:lower_rejection,3,12
120412,120415,120427,2021-02-22 02:20:00,2021-02-22 02:35:00,2021-02-22 03:35:00,1,primary:lower_rejection,3,12
120661,120664,120676,2021-02-22 23:05:00,2021-02-22 23:20:00,2021-02-23 00:20:00,-1,primary:upper_rejection,3,12
120776,120779,120791,2021-02-23 08:40:00,2021-02-23 08:55:00,2021-02-23 09:55:00,-1,primary:upper_rejection,3,12
121408,121411,121423,2021-02-25 13:20:00,2021-02-25 13:35:00,2021-02-25 14:35:00,1,primary:lower_rejection,3,12
121452,121455,121467,2021-02-25 17:00:00,2021-02-25 17:15:00,2021-02-25 18:15:00,-1,primary:upper_rejection,3,12
124215,124218,124230,2021-03-07 07:15:00,2021-03-07 07:30:00,2021-03-07 08:30:00,-1,primary:upper_rejection,3,12
125412,125415,125427,2021-03-11 11:00:00,2021-03-11 11:15:00,2021-03-11 12:15:00,1,primary:lower_rejection,3,12
125534,125537,125549,2021-03-11 21:10:00,2021-03-11 21:25:00,2021-03-11 22:25:00,-1,primary:upper_rejection,3,12
126290,126293,126305,2021-03-14 12:10:00,2021-03-14 12:25:00,2021-03-14 13:25:00,-1,primary:upper_rejection,3,12
126545,126548,126560,2021-03-15 09:25:00,2021-03-15 09:40:00,2021-03-15 10:40:00,1,primary:lower_rejection,3,12
126612,126615,126627,2021-03-15 15:00:00,2021-03-15 15:15:00,2021-03-15 16:15:00,1,primary:lower_rejection,3,12
127174,127177,127189,2021-03-17 13:50:00,2021-03-17 14:05:00,2021-03-17 15:05:00,1,primary:lower_rejection,3,12
128613,128616,128628,2021-03-22 13:45:00,2021-03-22 14:00:00,2021-03-22 15:00:00,1,primary:lower_rejection,3,12
129616,129619,129631,2021-03-26 01:20:00,2021-03-26 01:35:00,2021-03-26 02:35:00,-1,primary:upper_rejection,3,12
129853,129856,129868,2021-03-26 21:05:00,2021-03-26 21:20:00,2021-03-26 22:20:00,1,primary:lower_rejection,3,12
130635,130638,130650,2021-03-29 14:15:00,2021-03-29 14:30:00,2021-03-29 15:30:00,-1,primary:upper_rejection,3,12
131095,131098,131110,2021-03-31 04:35:00,2021-03-31 04:50:00,2021-03-31 05:50:00,1,primary:lower_rejection,3,12
131983,131986,131998,2021-04-03 06:35:00,2021-04-03 06:50:00,2021-04-03 07:50:00,1,primary:lower_rejection,3,12
132768,132771,132783,2021-04-06 00:00:00,2021-04-06 00:15:00,2021-04-06 01:15:00,1,primary:lower_rejection,3,12
133167,133170,133182,2021-04-07 09:15:00,2021-04-07 09:30:00,2021-04-07 10:30:00,1,primary:lower_rejection,3,12
133278,133281,133293,2021-04-07 18:30:00,2021-04-07 18:45:00,2021-04-07 19:45:00,1,primary:lower_rejection,3,12
133308,133311,133323,2021-04-07 21:00:00,2021-04-07 21:15:00,2021-04-07 22:15:00,-1,primary:upper_rejection,3,12
133666,133669,133681,2021-04-09 02:50:00,2021-04-09 03:05:00,2021-04-09 04:05:00,1,primary:lower_rejection,3,12
134118,134121,134133,2021-04-10 16:30:00,2021-04-10 16:45:00,2021-04-10 17:45:00,1,primary:lower_rejection,3,12
134180,134183,134195,2021-04-10 21:40:00,2021-04-10 21:55:00,2021-04-10 22:55:00,-1,primary:upper_rejection,3,12
134584,134587,134599,2021-04-12 07:20:00,2021-04-12 07:35:00,2021-04-12 08:35:00,-1,primary:upper_rejection,3,12
134627,134630,134642,2021-04-12 10:55:00,2021-04-12 11:10:00,2021-04-12 12:10:00,1,primary:lower_rejection,3,12
135330,135333,135345,2021-04-14 21:30:00,2021-04-14 21:45:00,2021-04-14 22:45:00,-1,primary:upper_rejection,3,12
136264,136267,136279,2021-04-18 03:20:00,2021-04-18 03:35:00,2021-04-18 04:35:00,-1,primary:upper_rejection,3,12
137701,137704,137716,2021-04-23 03:05:00,2021-04-23 03:20:00,2021-04-23 04:20:00,1,primary:lower_rejection,3,12
137840,137843,137855,2021-04-23 14:40:00,2021-04-23 14:55:00,2021-04-23 15:55:00,-1,primary:upper_rejection,3,12
138068,138071,138083,2021-04-24 09:40:00,2021-04-24 09:55:00,2021-04-24 10:55:00,-1,primary:upper_rejection,3,12
138774,138777,138789,2021-04-26 20:30:00,2021-04-26 20:45:00,2021-04-26 21:45:00,1,primary:lower_rejection,3,12
139345,139348,139360,2021-04-28 20:05:00,2021-04-28 20:20:00,2021-04-28 21:20:00,1,primary:lower_rejection,3,12
139574,139577,139589,2021-04-29 15:10:00,2021-04-29 15:25:00,2021-04-29 16:25:00,-1,primary:upper_rejection,3,12
139991,139994,140006,2021-05-01 01:55:00,2021-05-01 02:10:00,2021-05-01 03:10:00,-1,primary:upper_rejection,3,12
140708,140711,140723,2021-05-03 13:40:00,2021-05-03 13:55:00,2021-05-03 14:55:00,1,primary:lower_rejection,3,12
140997,141000,141012,2021-05-04 13:45:00,2021-05-04 14:00:00,2021-05-04 15:00:00,-1,primary:upper_rejection,3,12
141018,141021,141033,2021-05-04 15:30:00,2021-05-04 15:45:00,2021-05-04 16:45:00,1,primary:lower_rejection,3,12
142526,142529,142541,2021-05-09 21:10:00,2021-05-09 21:25:00,2021-05-09 22:25:00,1,primary:lower_rejection,3,12
142609,142612,142624,2021-05-10 04:05:00,2021-05-10 04:20:00,2021-05-10 05:20:00,-1,primary:upper_rejection,3,12
142729,142732,142744,2021-05-10 14:05:00,2021-05-10 14:20:00,2021-05-10 15:20:00,-1,primary:upper_rejection,3,12
142751,142754,142766,2021-05-10 15:55:00,2021-05-10 16:10:00,2021-05-10 17:10:00,1,primary:lower_rejection,3,12
143435,143438,143450,2021-05-13 00:55:00,2021-05-13 01:10:00,2021-05-13 02:10:00,-1,primary:upper_rejection,3,12
144560,144563,144575,2021-05-16 22:40:00,2021-05-16 22:55:00,2021-05-16 23:55:00,1,primary:lower_rejection,3,12
145009,145012,145024,2021-05-18 12:05:00,2021-05-18 12:20:00,2021-05-18 13:20:00,-1,primary:upper_rejection,3,12
145026,145029,145041,2021-05-18 13:30:00,2021-05-18 13:45:00,2021-05-18 14:45:00,1,primary:lower_rejection,3,12
145067,145070,145082,2021-05-18 16:55:00,2021-05-18 17:10:00,2021-05-18 18:10:00,1,primary:lower_rejection,3,12
145298,145301,145313,2021-05-19 12:10:00,2021-05-19 12:25:00,2021-05-19 13:25:00,-1,primary:upper_rejection,3,12
145310,145313,145325,2021-05-19 13:10:00,2021-05-19 13:25:00,2021-05-19 14:25:00,1,primary:lower_rejection,3,12
145329,145332,145344,2021-05-19 14:45:00,2021-05-19 15:00:00,2021-05-19 16:00:00,1,primary:lower_rejection,3,12
145490,145493,145505,2021-05-20 04:10:00,2021-05-20 04:25:00,2021-05-20 05:25:00,-1,primary:upper_rejection,3,12
145502,145505,145517,2021-05-20 05:10:00,2021-05-20 05:25:00,2021-05-20 06:25:00,-1,primary:upper_rejection,3,12
145984,145987,145999,2021-05-21 21:20:00,2021-05-21 21:35:00,2021-05-21 22:35:00,1,primary:lower_rejection,3,12
146004,146007,146019,2021-05-21 23:00:00,2021-05-21 23:15:00,2021-05-22 00:15:00,-1,primary:upper_rejection,3,12
146150,146153,146165,2021-05-22 11:10:00,2021-05-22 11:25:00,2021-05-22 12:25:00,1,primary:lower_rejection,3,12
146452,146455,146467,2021-05-23 12:20:00,2021-05-23 12:35:00,2021-05-23 13:35:00,-1,primary:upper_rejection,3,12
146617,146620,146632,2021-05-24 02:05:00,2021-05-24 02:20:00,2021-05-24 03:20:00,-1,primary:upper_rejection,3,12
147201,147204,147216,2021-05-26 02:45:00,2021-05-26 03:00:00,2021-05-26 04:00:00,-1,primary:upper_rejection,3,12
147970,147973,147985,2021-05-28 18:50:00,2021-05-28 19:05:00,2021-05-28 20:05:00,1,primary:lower_rejection,3,12
148640,148643,148655,2021-05-31 02:40:00,2021-05-31 02:55:00,2021-05-31 03:55:00,-1,primary:upper_rejection,3,12
149758,149761,149773,2021-06-03 23:50:00,2021-06-04 00:05:00,2021-06-04 01:05:00,1,primary:lower_rejection,3,12
151638,151641,151653,2021-06-10 12:30:00,2021-06-10 12:45:00,2021-06-10 13:45:00,1,primary:lower_rejection,3,12
151832,151835,151847,2021-06-11 04:40:00,2021-06-11 04:55:00,2021-06-11 05:55:00,-1,primary:upper_rejection,3,12
152597,152600,152612,2021-06-13 20:25:00,2021-06-13 20:40:00,2021-06-13 21:40:00,-1,primary:upper_rejection,3,12
152799,152802,152814,2021-06-14 13:15:00,2021-06-14 13:30:00,2021-06-14 14:30:00,-1,primary:upper_rejection,3,12
152927,152930,152942,2021-06-14 23:55:00,2021-06-15 00:10:00,2021-06-15 01:10:00,1,primary:lower_rejection,3,12
154759,154762,154774,2021-06-21 08:35:00,2021-06-21 08:50:00,2021-06-21 09:50:00,-1,primary:upper_rejection,3,12
154958,154961,154973,2021-06-22 01:10:00,2021-06-22 01:25:00,2021-06-22 02:25:00,1,primary:lower_rejection,3,12
155404,155407,155419,2021-06-23 14:20:00,2021-06-23 14:35:00,2021-06-23 15:35:00,1,primary:lower_rejection,3,12
156654,156657,156669,2021-06-27 22:30:00,2021-06-27 22:45:00,2021-06-27 23:45:00,1,primary:lower_rejection,3,12
156696,156699,156711,2021-06-28 02:00:00,2021-06-28 02:15:00,2021-06-28 03:15:00,1,primary:lower_rejection,3,12
157203,157206,157218,2021-06-29 20:15:00,2021-06-29 20:30:00,2021-06-29 21:30:00,1,primary:lower_rejection,3,12
157795,157798,157810,2021-07-01 21:35:00,2021-07-01 21:50:00,2021-07-01 22:50:00,-1,primary:upper_rejection,3,12
158776,158779,158791,2021-07-05 07:20:00,2021-07-05 07:35:00,2021-07-05 08:35:00,-1,primary:upper_rejection,3,12
158841,158844,158856,2021-07-05 12:45:00,2021-07-05 13:00:00,2021-07-05 14:00:00,-1,primary:upper_rejection,3,12
159840,159843,159855,2021-07-09 00:00:00,2021-07-09 00:15:00,2021-07-09 01:15:00,-1,primary:upper_rejection,3,12
160705,160708,160720,2021-07-12 00:05:00,2021-07-12 00:20:00,2021-07-12 01:20:00,-1,primary:upper_rejection,3,12
161128,161131,161143,2021-07-13 11:20:00,2021-07-13 11:35:00,2021-07-13 12:35:00,1,primary:lower_rejection,3,12
161705,161708,161720,2021-07-15 11:25:00,2021-07-15 11:40:00,2021-07-15 12:40:00,1,primary:lower_rejection,3,12
163364,163367,163379,2021-07-21 05:40:00,2021-07-21 05:55:00,2021-07-21 06:55:00,-1,primary:upper_rejection,3,12
163667,163670,163682,2021-07-22 06:55:00,2021-07-22 07:10:00,2021-07-22 08:10:00,1,primary:lower_rejection,3,12
164238,164241,164253,2021-07-24 06:30:00,2021-07-24 06:45:00,2021-07-24 07:45:00,-1,primary:upper_rejection,3,12
165393,165396,165408,2021-07-28 06:45:00,2021-07-28 07:00:00,2021-07-28 08:00:00,1,primary:lower_rejection,3,12
165612,165615,165627,2021-07-29 01:00:00,2021-07-29 01:15:00,2021-07-29 02:15:00,1,primary:lower_rejection,3,12
165759,165762,165774,2021-07-29 13:15:00,2021-07-29 13:30:00,2021-07-29 14:30:00,-1,primary:upper_rejection,3,12
166665,166668,166680,2021-08-01 16:45:00,2021-08-01 17:00:00,2021-08-01 18:00:00,1,primary:lower_rejection,3,12
167697,167700,167712,2021-08-05 06:45:00,2021-08-05 07:00:00,2021-08-05 08:00:00,1,primary:lower_rejection,3,12
167912,167915,167927,2021-08-06 00:40:00,2021-08-06 00:55:00,2021-08-06 01:55:00,-1,primary:upper_rejection,3,12
171297,171300,171312,2021-08-17 18:45:00,2021-08-17 19:00:00,2021-08-17 20:00:00,1,primary:lower_rejection,3,12
173374,173377,173389,2021-08-24 23:50:00,2021-08-25 00:05:00,2021-08-25 01:05:00,1,primary:lower_rejection,3,12
175505,175508,175520,2021-09-01 09:25:00,2021-09-01 09:40:00,2021-09-01 10:40:00,1,primary:lower_rejection,3,12
175724,175727,175739,2021-09-02 03:40:00,2021-09-02 03:55:00,2021-09-02 04:55:00,-1,primary:upper_rejection,3,12
176256,176259,176271,2021-09-04 00:00:00,2021-09-04 00:15:00,2021-09-04 01:15:00,-1,primary:upper_rejection,3,12
177236,177239,177251,2021-09-07 09:40:00,2021-09-07 09:55:00,2021-09-07 10:55:00,-1,primary:upper_rejection,3,12
177293,177296,177308,2021-09-07 14:25:00,2021-09-07 14:40:00,2021-09-07 15:40:00,-1,primary:upper_rejection,3,12
178577,178580,178592,2021-09-12 01:25:00,2021-09-12 01:40:00,2021-09-12 02:40:00,1,primary:lower_rejection,3,12
182112,182115,182127,2021-09-24 08:00:00,2021-09-24 08:15:00,2021-09-24 09:15:00,1,primary:lower_rejection,3,12
183718,183721,183733,2021-09-29 21:50:00,2021-09-29 22:05:00,2021-09-29 23:05:00,-1,primary:upper_rejection,3,12
186020,186023,186035,2021-10-07 21:40:00,2021-10-07 21:55:00,2021-10-07 22:55:00,-1,primary:upper_rejection,3,12
186245,186248,186260,2021-10-08 16:25:00,2021-10-08 16:40:00,2021-10-08 17:40:00,1,primary:lower_rejection,3,12
186796,186799,186811,2021-10-10 14:20:00,2021-10-10 14:35:00,2021-10-10 15:35:00,-1,primary:upper_rejection,3,12
186877,186880,186892,2021-10-10 21:05:00,2021-10-10 21:20:00,2021-10-10 22:20:00,1,primary:lower_rejection,3,12
186898,186901,186913,2021-10-10 22:50:00,2021-10-10 23:05:00,2021-10-11 00:05:00,1,primary:lower_rejection,3,12
186929,186932,186944,2021-10-11 01:25:00,2021-10-11 01:40:00,2021-10-11 02:40:00,1,primary:lower_rejection,3,12
187326,187329,187341,2021-10-12 10:30:00,2021-10-12 10:45:00,2021-10-12 11:45:00,1,primary:lower_rejection,3,12
188122,188125,188137,2021-10-15 04:50:00,2021-10-15 05:05:00,2021-10-15 06:05:00,-1,primary:upper_rejection,3,12
188309,188312,188324,2021-10-15 20:25:00,2021-10-15 20:40:00,2021-10-15 21:40:00,-1,primary:upper_rejection,3,12
188461,188464,188476,2021-10-16 09:05:00,2021-10-16 09:20:00,2021-10-16 10:20:00,-1,primary:upper_rejection,3,12
188895,188898,188910,2021-10-17 21:15:00,2021-10-17 21:30:00,2021-10-17 22:30:00,-1,primary:upper_rejection,3,12
188928,188931,188943,2021-10-18 00:00:00,2021-10-18 00:15:00,2021-10-18 01:15:00,1,primary:lower_rejection,3,12
189057,189060,189072,2021-10-18 10:45:00,2021-10-18 11:00:00,2021-10-18 12:00:00,-1,primary:upper_rejection,3,12
190678,190681,190693,2021-10-24 01:50:00,2021-10-24 02:05:00,2021-10-24 03:05:00,1,primary:lower_rejection,3,12
191618,191621,191633,2021-10-27 08:10:00,2021-10-27 08:25:00,2021-10-27 09:25:00,1,primary:lower_rejection,3,12
192032,192035,192047,2021-10-28 18:40:00,2021-10-28 18:55:00,2021-10-28 19:55:00,1,primary:lower_rejection,3,12
194301,194304,194316,2021-11-05 15:45:00,2021-11-05 16:00:00,2021-11-05 17:00:00,1,primary:lower_rejection,3,12
194556,194559,194571,2021-11-06 13:00:00,2021-11-06 13:15:00,2021-11-06 14:15:00,1,primary:lower_rejection,3,12
195809,195812,195824,2021-11-10 21:25:00,2021-11-10 21:40:00,2021-11-10 22:40:00,1,primary:lower_rejection,3,12
197065,197068,197080,2021-11-15 06:05:00,2021-11-15 06:20:00,2021-11-15 07:20:00,1,primary:lower_rejection,3,12
199319,199322,199334,2021-11-23 01:55:00,2021-11-23 02:10:00,2021-11-23 03:10:00,-1,primary:upper_rejection,3,12
199627,199630,199642,2021-11-24 03:35:00,2021-11-24 03:50:00,2021-11-24 04:50:00,1,primary:lower_rejection,3,12
200702,200705,200717,2021-11-27 21:10:00,2021-11-27 21:25:00,2021-11-27 22:25:00,1,primary:lower_rejection,3,12
201008,201011,201023,2021-11-28 22:40:00,2021-11-28 22:55:00,2021-11-28 23:55:00,-1,primary:upper_rejection,3,12
201702,201705,201717,2021-12-01 08:30:00,2021-12-01 08:45:00,2021-12-01 09:45:00,1,primary:lower_rejection,3,12
201718,201721,201733,2021-12-01 09:50:00,2021-12-01 10:05:00,2021-12-01 11:05:00,1,primary:lower_rejection,3,12
202408,202411,202423,2021-12-03 19:20:00,2021-12-03 19:35:00,2021-12-03 20:35:00,-1,primary:upper_rejection,3,12
202733,202736,202748,2021-12-04 22:25:00,2021-12-04 22:40:00,2021-12-04 23:40:00,-1,primary:upper_rejection,3,12
203887,203890,203902,2021-12-08 22:35:00,2021-12-08 22:50:00,2021-12-08 23:50:00,1,primary:lower_rejection,3,12
204280,204283,204295,2021-12-10 07:20:00,2021-12-10 07:35:00,2021-12-10 08:35:00,1,primary:lower_rejection,3,12
205683,205686,205698,2021-12-15 04:15:00,2021-12-15 04:30:00,2021-12-15 05:30:00,1,primary:lower_rejection,3,12
206170,206173,206185,2021-12-16 20:50:00,2021-12-16 21:05:00,2021-12-16 22:05:00,1,primary:lower_rejection,3,12
206468,206471,206483,2021-12-17 21:40:00,2021-12-17 21:55:00,2021-12-17 22:55:00,-1,primary:upper_rejection,3,12
207763,207766,207778,2021-12-22 09:35:00,2021-12-22 09:50:00,2021-12-22 10:50:00,-1,primary:upper_rejection,3,12
208111,208114,208126,2021-12-23 14:35:00,2021-12-23 14:50:00,2021-12-23 15:50:00,1,primary:lower_rejection,3,12
209375,209378,209390,2021-12-27 23:55:00,2021-12-28 00:10:00,2021-12-28 01:10:00,1,primary:lower_rejection,3,12
209890,209893,209905,2021-12-29 18:50:00,2021-12-29 19:05:00,2021-12-29 20:05:00,1,primary:lower_rejection,3,12
212143,212146,212158,2022-01-06 14:35:00,2022-01-06 14:50:00,2022-01-06 15:50:00,1,primary:lower_rejection,3,12
213351,213354,213366,2022-01-10 19:15:00,2022-01-10 19:30:00,2022-01-10 20:30:00,1,primary:lower_rejection,3,12
213507,213510,213522,2022-01-11 08:15:00,2022-01-11 08:30:00,2022-01-11 09:30:00,-1,primary:upper_rejection,3,12
213691,213694,213706,2022-01-11 23:35:00,2022-01-11 23:50:00,2022-01-12 00:50:00,1,primary:lower_rejection,3,12
213863,213866,213878,2022-01-12 13:55:00,2022-01-12 14:10:00,2022-01-12 15:10:00,-1,primary:upper_rejection,3,12
213967,213970,213982,2022-01-12 22:35:00,2022-01-12 22:50:00,2022-01-12 23:50:00,-1,primary:upper_rejection,3,12
215115,215118,215130,2022-01-16 22:15:00,2022-01-16 22:30:00,2022-01-16 23:30:00,-1,primary:upper_rejection,3,12
216187,216190,216202,2022-01-20 15:35:00,2022-01-20 15:50:00,2022-01-20 16:50:00,-1,primary:upper_rejection,3,12
216276,216279,216291,2022-01-20 23:00:00,2022-01-20 23:15:00,2022-01-21 00:15:00,-1,primary:upper_rejection,3,12
217198,217201,217213,2022-01-24 03:50:00,2022-01-24 04:05:00,2022-01-24 05:05:00,1,primary:lower_rejection,3,12
217521,217524,217536,2022-01-25 06:45:00,2022-01-25 07:00:00,2022-01-25 08:00:00,1,primary:lower_rejection,3,12
217960,217963,217975,2022-01-26 19:20:00,2022-01-26 19:35:00,2022-01-26 20:35:00,1,primary:lower_rejection,3,12
218077,218080,218092,2022-01-27 05:05:00,2022-01-27 05:20:00,2022-01-27 06:20:00,-1,primary:upper_rejection,3,12
222229,222232,222244,2022-02-10 15:05:00,2022-02-10 15:20:00,2022-02-10 16:20:00,-1,primary:upper_rejection,3,12
225236,225239,225251,2022-02-21 01:40:00,2022-02-21 01:55:00,2022-02-21 02:55:00,-1,primary:upper_rejection,3,12
225433,225436,225448,2022-02-21 18:05:00,2022-02-21 18:20:00,2022-02-21 19:20:00,-1,primary:upper_rejection,3,12
226642,226645,226657,2022-02-25 22:50:00,2022-02-25 23:05:00,2022-02-26 00:05:00,-1,primary:upper_rejection,3,12
226745,226748,226760,2022-02-26 07:25:00,2022-02-26 07:40:00,2022-02-26 08:40:00,-1,primary:upper_rejection,3,12
226815,226818,226830,2022-02-26 13:15:00,2022-02-26 13:30:00,2022-02-26 14:30:00,-1,primary:upper_rejection,3,12
227075,227078,227090,2022-02-27 10:55:00,2022-02-27 11:10:00,2022-02-27 12:10:00,-1,primary:upper_rejection,3,12
227496,227499,227511,2022-02-28 22:00:00,2022-02-28 22:15:00,2022-02-28 23:15:00,1,primary:lower_rejection,3,12
227999,228002,228014,2022-03-02 15:55:00,2022-03-02 16:10:00,2022-03-02 17:10:00,1,primary:lower_rejection,3,12
228291,228294,228306,2022-03-03 16:15:00,2022-03-03 16:30:00,2022-03-03 17:30:00,1,primary:lower_rejection,3,12
229875,229878,229890,2022-03-09 04:15:00,2022-03-09 04:30:00,2022-03-09 05:30:00,-1,primary:upper_rejection,3,12
231118,231121,231133,2022-03-13 11:50:00,2022-03-13 12:05:00,2022-03-13 13:05:00,-1,primary:upper_rejection,3,12
231524,231527,231539,2022-03-14 21:40:00,2022-03-14 21:55:00,2022-03-14 22:55:00,-1,primary:upper_rejection,3,12
232038,232041,232053,2022-03-16 16:30:00,2022-03-16 16:45:00,2022-03-16 17:45:00,1,primary:lower_rejection,3,12
234332,234335,234347,2022-03-24 15:40:00,2022-03-24 15:55:00,2022-03-24 16:55:00,1,primary:lower_rejection,3,12
234397,234400,234412,2022-03-24 21:05:00,2022-03-24 21:20:00,2022-03-24 22:20:00,1,primary:lower_rejection,3,12
235486,235489,235501,2022-03-28 15:50:00,2022-03-28 16:05:00,2022-03-28 17:05:00,-1,primary:upper_rejection,3,12
235522,235525,235537,2022-03-28 18:50:00,2022-03-28 19:05:00,2022-03-28 20:05:00,-1,primary:upper_rejection,3,12
237570,237573,237585,2022-04-04 21:30:00,2022-04-04 21:45:00,2022-04-04 22:45:00,-1,primary:upper_rejection,3,12
240485,240488,240500,2022-04-15 00:25:00,2022-04-15 00:40:00,2022-04-15 01:40:00,-1,primary:upper_rejection,3,12
243330,243333,243345,2022-04-24 21:30:00,2022-04-24 21:45:00,2022-04-24 22:45:00,-1,primary:upper_rejection,3,12
243906,243909,243921,2022-04-26 21:30:00,2022-04-26 21:45:00,2022-04-26 22:45:00,-1,primary:upper_rejection,3,12
244032,244035,244047,2022-04-27 08:00:00,2022-04-27 08:15:00,2022-04-27 09:15:00,-1,primary:upper_rejection,3,12
244405,244408,244420,2022-04-28 15:05:00,2022-04-28 15:20:00,2022-04-28 16:20:00,1,primary:lower_rejection,3,12
246083,246086,246098,2022-05-04 10:55:00,2022-05-04 11:10:00,2022-05-04 12:10:00,1,primary:lower_rejection,3,12
246422,246425,246437,2022-05-05 15:10:00,2022-05-05 15:25:00,2022-05-05 16:25:00,1,primary:lower_rejection,3,12
246902,246905,246917,2022-05-07 07:10:00,2022-05-07 07:25:00,2022-05-07 08:25:00,1,primary:lower_rejection,3,12
247044,247047,247059,2022-05-07 19:00:00,2022-05-07 19:15:00,2022-05-07 20:15:00,1,primary:lower_rejection,3,12
247060,247063,247075,2022-05-07 20:20:00,2022-05-07 20:35:00,2022-05-07 21:35:00,1,primary:lower_rejection,3,12
247139,247142,247154,2022-05-08 02:55:00,2022-05-08 03:10:00,2022-05-08 04:10:00,1,primary:lower_rejection,3,12
247198,247201,247213,2022-05-08 07:50:00,2022-05-08 08:05:00,2022-05-08 09:05:00,-1,primary:upper_rejection,3,12
247268,247271,247283,2022-05-08 13:40:00,2022-05-08 13:55:00,2022-05-08 14:55:00,1,primary:lower_rejection,3,12
247282,247285,247297,2022-05-08 14:50:00,2022-05-08 15:05:00,2022-05-08 16:05:00,1,primary:lower_rejection,3,12
247570,247573,247585,2022-05-09 14:50:00,2022-05-09 15:05:00,2022-05-09 16:05:00,-1,primary:upper_rejection,3,12
248038,248041,248053,2022-05-11 05:50:00,2022-05-11 06:05:00,2022-05-11 07:05:00,-1,primary:upper_rejection,3,12
248211,248214,248226,2022-05-11 20:15:00,2022-05-11 20:30:00,2022-05-11 21:30:00,1,primary:lower_rejection,3,12
248438,248441,248453,2022-05-12 15:10:00,2022-05-12 15:25:00,2022-05-12 16:25:00,-1,primary:upper_rejection,3,12
248819,248822,248834,2022-05-13 22:55:00,2022-05-13 23:10:00,2022-05-14 00:10:00,-1,primary:upper_rejection,3,12
249835,249838,249850,2022-05-17 11:35:00,2022-05-17 11:50:00,2022-05-17 12:50:00,-1,primary:upper_rejection,3,12
250463,250466,250478,2022-05-19 15:55:00,2022-05-19 16:10:00,2022-05-19 17:10:00,1,primary:lower_rejection,3,12
252259,252262,252274,2022-05-25 21:35:00,2022-05-25 21:50:00,2022-05-25 22:50:00,-1,primary:upper_rejection,3,12
252434,252437,252449,2022-05-26 12:10:00,2022-05-26 12:25:00,2022-05-26 13:25:00,1,primary:lower_rejection,3,12
252637,252640,252652,2022-05-27 05:05:00,2022-05-27 05:20:00,2022-05-27 06:20:00,1,primary:lower_rejection,3,12
253077,253080,253092,2022-05-28 17:45:00,2022-05-28 18:00:00,2022-05-28 19:00:00,-1,primary:upper_rejection,3,12
253617,253620,253632,2022-05-30 14:45:00,2022-05-30 15:00:00,2022-05-30 16:00:00,1,primary:lower_rejection,3,12
253701,253704,253716,2022-05-30 21:45:00,2022-05-30 22:00:00,2022-05-30 23:00:00,1,primary:lower_rejection,3,12
254210,254213,254225,2022-06-01 16:10:00,2022-06-01 16:25:00,2022-06-01 17:25:00,1,primary:lower_rejection,3,12
254311,254314,254326,2022-06-02 00:35:00,2022-06-02 00:50:00,2022-06-02 01:50:00,1,primary:lower_rejection,3,12
255754,255757,255769,2022-06-07 00:50:00,2022-06-07 01:05:00,2022-06-07 02:05:00,-1,primary:upper_rejection,3,12
256001,256004,256016,2022-06-07 21:25:00,2022-06-07 21:40:00,2022-06-07 22:40:00,-1,primary:upper_rejection,3,12
256209,256212,256224,2022-06-08 14:45:00,2022-06-08 15:00:00,2022-06-08 16:00:00,1,primary:lower_rejection,3,12
256599,256602,256614,2022-06-09 23:15:00,2022-06-09 23:30:00,2022-06-10 00:30:00,1,primary:lower_rejection,3,12
256711,256714,256726,2022-06-10 08:35:00,2022-06-10 08:50:00,2022-06-10 09:50:00,1,primary:lower_rejection,3,12
257252,257255,257267,2022-06-12 05:40:00,2022-06-12 05:55:00,2022-06-12 06:55:00,1,primary:lower_rejection,3,12
257720,257723,257735,2022-06-13 20:40:00,2022-06-13 20:55:00,2022-06-13 21:55:00,1,primary:lower_rejection,3,12
258754,258757,258769,2022-06-17 10:50:00,2022-06-17 11:05:00,2022-06-17 12:05:00,1,primary:lower_rejection,3,12
258836,258839,258851,2022-06-17 17:40:00,2022-06-17 17:55:00,2022-06-17 18:55:00,1,primary:lower_rejection,3,12
258999,259002,259014,2022-06-18 07:15:00,2022-06-18 07:30:00,2022-06-18 08:30:00,-1,primary:upper_rejection,3,12
259133,259136,259148,2022-06-18 18:25:00,2022-06-18 18:40:00,2022-06-18 19:40:00,-1,primary:upper_rejection,3,12
259172,259175,259187,2022-06-18 21:40:00,2022-06-18 21:55:00,2022-06-18 22:55:00,1,primary:lower_rejection,3,12
259315,259318,259330,2022-06-19 09:35:00,2022-06-19 09:50:00,2022-06-19 10:50:00,-1,primary:upper_rejection,3,12
259606,259609,259621,2022-06-20 09:50:00,2022-06-20 10:05:00,2022-06-20 11:05:00,-1,primary:upper_rejection,3,12
260824,260827,260839,2022-06-24 15:20:00,2022-06-24 15:35:00,2022-06-24 16:35:00,1,primary:lower_rejection,3,12
260898,260901,260913,2022-06-24 21:30:00,2022-06-24 21:45:00,2022-06-24 22:45:00,-1,primary:upper_rejection,3,12
261359,261362,261374,2022-06-26 11:55:00,2022-06-26 12:10:00,2022-06-26 13:10:00,1,primary:lower_rejection,3,12
261886,261889,261901,2022-06-28 07:50:00,2022-06-28 08:05:00,2022-06-28 09:05:00,1,primary:lower_rejection,3,12
262244,262247,262259,2022-06-29 13:40:00,2022-06-29 13:55:00,2022-06-29 14:55:00,-1,primary:upper_rejection,3,12
262261,262264,262276,2022-06-29 15:05:00,2022-06-29 15:20:00,2022-06-29 16:20:00,-1,primary:upper_rejection,3,12
262469,262472,262484,2022-06-30 08:25:00,2022-06-30 08:40:00,2022-06-30 09:40:00,1,primary:lower_rejection,3,12
262502,262505,262517,2022-06-30 11:10:00,2022-06-30 11:25:00,2022-06-30 12:25:00,1,primary:lower_rejection,3,12
262533,262536,262548,2022-06-30 13:45:00,2022-06-30 14:00:00,2022-06-30 15:00:00,1,primary:lower_rejection,3,12
262627,262630,262642,2022-06-30 21:35:00,2022-06-30 21:50:00,2022-06-30 22:50:00,1,primary:lower_rejection,3,12
262752,262755,262767,2022-07-01 08:00:00,2022-07-01 08:15:00,2022-07-01 09:15:00,-1,primary:upper_rejection,3,12
263477,263480,263492,2022-07-03 20:25:00,2022-07-03 20:40:00,2022-07-03 21:40:00,1,primary:lower_rejection,3,12
264594,264597,264609,2022-07-07 17:30:00,2022-07-07 17:45:00,2022-07-07 18:45:00,1,primary:lower_rejection,3,12
266262,266265,266277,2022-07-13 12:30:00,2022-07-13 12:45:00,2022-07-13 13:45:00,-1,primary:upper_rejection,3,12
267629,267632,267644,2022-07-18 06:25:00,2022-07-18 06:40:00,2022-07-18 07:40:00,-1,primary:upper_rejection,3,12
269840,269843,269855,2022-07-25 22:40:00,2022-07-25 22:55:00,2022-07-25 23:55:00,1,primary:lower_rejection,3,12
270111,270114,270126,2022-07-26 21:15:00,2022-07-26 21:30:00,2022-07-26 22:30:00,-1,primary:upper_rejection,3,12
278964,278967,278979,2022-08-26 15:00:00,2022-08-26 15:15:00,2022-08-26 16:15:00,-1,primary:upper_rejection,3,12
279841,279844,279856,2022-08-29 16:05:00,2022-08-29 16:20:00,2022-08-29 17:20:00,-1,primary:upper_rejection,3,12
283366,283369,283381,2022-09-10 21:50:00,2022-09-10 22:05:00,2022-09-10 23:05:00,-1,primary:upper_rejection,3,12
286488,286491,286503,2022-09-21 18:00:00,2022-09-21 18:15:00,2022-09-21 19:15:00,-1,primary:upper_rejection,3,12
288413,288416,288428,2022-09-28 10:25:00,2022-09-28 10:40:00,2022-09-28 11:40:00,-1,primary:upper_rejection,3,12
288741,288744,288756,2022-09-29 13:45:00,2022-09-29 14:00:00,2022-09-29 15:00:00,-1,primary:upper_rejection,3,12
290262,290265,290277,2022-10-04 20:30:00,2022-10-04 20:45:00,2022-10-04 21:45:00,-1,primary:upper_rejection,3,12
301165,301168,301180,2022-11-11 17:05:00,2022-11-11 17:20:00,2022-11-11 18:20:00,-1,primary:upper_rejection,3,12
301992,301995,302007,2022-11-14 14:00:00,2022-11-14 14:15:00,2022-11-14 15:15:00,-1,primary:upper_rejection,3,12
320066,320069,320081,2023-01-16 08:10:00,2023-01-16 08:25:00,2023-01-16 09:25:00,1,primary:lower_rejection,3,12
323943,323946,323958,2023-01-29 19:15:00,2023-01-29 19:30:00,2023-01-29 20:30:00,-1,primary:upper_rejection,3,12
338912,338915,338927,2023-03-22 18:40:00,2023-03-22 18:55:00,2023-03-22 19:55:00,1,primary:lower_rejection,3,12
339326,339329,339341,2023-03-24 05:10:00,2023-03-24 05:25:00,2023-03-24 06:25:00,1,primary:lower_rejection,3,12
339408,339411,339423,2023-03-24 12:00:00,2023-03-24 12:15:00,2023-03-24 13:15:00,1,primary:lower_rejection,3,12
340034,340037,340049,2023-03-26 16:10:00,2023-03-26 16:25:00,2023-03-26 17:25:00,-1,primary:upper_rejection,3,12
341646,341649,341661,2023-04-01 06:30:00,2023-04-01 06:45:00,2023-04-01 07:45:00,-1,primary:upper_rejection,3,12
342410,342413,342425,2023-04-03 22:10:00,2023-04-03 22:25:00,2023-04-03 23:25:00,1,primary:lower_rejection,3,12
342763,342766,342778,2023-04-05 03:35:00,2023-04-05 03:50:00,2023-04-05 04:50:00,1,primary:lower_rejection,3,12
344241,344244,344256,2023-04-10 06:45:00,2023-04-10 07:00:00,2023-04-10 08:00:00,1,primary:lower_rejection,3,12
344439,344442,344454,2023-04-10 23:15:00,2023-04-10 23:30:00,2023-04-11 00:30:00,-1,primary:upper_rejection,3,12
345182,345185,345197,2023-04-13 13:10:00,2023-04-13 13:25:00,2023-04-13 14:25:00,-1,primary:upper_rejection,3,12
345495,345498,345510,2023-04-14 15:15:00,2023-04-14 15:30:00,2023-04-14 16:30:00,1,primary:lower_rejection,3,12
347740,347743,347755,2023-04-22 10:20:00,2023-04-22 10:35:00,2023-04-22 11:35:00,-1,primary:upper_rejection,3,12
348126,348129,348141,2023-04-23 18:30:00,2023-04-23 18:45:00,2023-04-23 19:45:00,1,primary:lower_rejection,3,12
349281,349284,349296,2023-04-27 18:45:00,2023-04-27 19:00:00,2023-04-27 20:00:00,-1,primary:upper_rejection,3,12
349440,349443,349455,2023-04-28 08:00:00,2023-04-28 08:15:00,2023-04-28 09:15:00,-1,primary:upper_rejection,3,12
350345,350348,350360,2023-05-01 11:25:00,2023-05-01 11:40:00,2023-05-01 12:40:00,1,primary:lower_rejection,3,12
350471,350474,350486,2023-05-01 21:55:00,2023-05-01 22:10:00,2023-05-01 23:10:00,1,primary:lower_rejection,3,12
352842,352845,352857,2023-05-10 03:30:00,2023-05-10 03:45:00,2023-05-10 04:45:00,1,primary:lower_rejection,3,12
352954,352957,352969,2023-05-10 12:50:00,2023-05-10 13:05:00,2023-05-10 14:05:00,1,primary:lower_rejection,3,12
361009,361012,361024,2023-06-07 12:05:00,2023-06-07 12:20:00,2023-06-07 13:20:00,-1,primary:upper_rejection,3,12
363430,363433,363445,2023-06-15 21:50:00,2023-06-15 22:05:00,2023-06-15 23:05:00,-1,primary:upper_rejection,3,12
364821,364824,364836,2023-06-20 17:45:00,2023-06-20 18:00:00,2023-06-20 19:00:00,1,primary:lower_rejection,3,12
365090,365093,365105,2023-06-21 16:10:00,2023-06-21 16:25:00,2023-06-21 17:25:00,-1,primary:upper_rejection,3,12
365665,365668,365680,2023-06-23 16:05:00,2023-06-23 16:20:00,2023-06-23 17:20:00,1,primary:lower_rejection,3,12
365911,365914,365926,2023-06-24 12:35:00,2023-06-24 12:50:00,2023-06-24 13:50:00,1,primary:lower_rejection,3,12
366773,366776,366788,2023-06-27 12:25:00,2023-06-27 12:40:00,2023-06-27 13:40:00,-1,primary:upper_rejection,3,12
367542,367545,367557,2023-06-30 04:30:00,2023-06-30 04:45:00,2023-06-30 05:45:00,1,primary:lower_rejection,3,12
370836,370839,370851,2023-07-11 15:00:00,2023-07-11 15:15:00,2023-07-11 16:15:00,1,primary:lower_rejection,3,12
377498,377501,377513,2023-08-03 18:10:00,2023-08-03 18:25:00,2023-08-03 19:25:00,1,primary:lower_rejection,3,12
381573,381576,381588,2023-08-17 21:45:00,2023-08-17 22:00:00,2023-08-17 23:00:00,1,primary:lower_rejection,3,12
388836,388839,388851,2023-09-12 03:00:00,2023-09-12 03:15:00,2023-09-12 04:15:00,1,primary:lower_rejection,3,12
394728,394731,394743,2023-10-02 14:00:00,2023-10-02 14:15:00,2023-10-02 15:15:00,-1,primary:upper_rejection,3,12
401718,401721,401733,2023-10-26 20:30:00,2023-10-26 20:45:00,2023-10-26 21:45:00,-1,primary:upper_rejection,3,12
405885,405888,405900,2023-11-10 07:45:00,2023-11-10 08:00:00,2023-11-10 09:00:00,1,primary:lower_rejection,3,12
408456,408459,408471,2023-11-19 06:00:00,2023-11-19 06:15:00,2023-11-19 07:15:00,1,primary:lower_rejection,3,12
412758,412761,412773,2023-12-04 04:30:00,2023-12-04 04:45:00,2023-12-04 05:45:00,1,primary:lower_rejection,3,12
412839,412842,412854,2023-12-04 11:15:00,2023-12-04 11:30:00,2023-12-04 12:30:00,1,primary:lower_rejection,3,12
414427,414430,414442,2023-12-09 23:35:00,2023-12-09 23:50:00,2023-12-10 00:50:00,1,primary:lower_rejection,3,12
417967,417970,417982,2023-12-22 06:35:00,2023-12-22 06:50:00,2023-12-22 07:50:00,-1,primary:upper_rejection,3,12
419247,419250,419262,2023-12-26 17:15:00,2023-12-26 17:30:00,2023-12-26 18:30:00,-1,primary:upper_rejection,3,12
419319,419322,419334,2023-12-26 23:15:00,2023-12-26 23:30:00,2023-12-27 00:30:00,-1,primary:upper_rejection,3,12
