policy_id,clock,source_day,available_time,entry_time,exit_time,side,source_start_height,source_end_height,successor_end_height,block_count,edges,fees,fee_burden,utxo_polarity,fee_rank,polarity_rank
UFCP-1,primary,2020-05-02T00:00:00Z,2020-05-04T00:00:00Z,2020-05-04T00:05:00Z,2020-05-05T00:05:00Z,-1,628491,628638,628644,148,1718902,6824207768,8.28654582048076,-0.09647088664740631,0.9180327868852459,0.0
UFCP-1,primary,2020-05-03T00:00:00Z,2020-05-05T00:00:00Z,2020-05-05T00:05:00Z,2020-05-06T00:05:00Z,-1,628639,628806,628812,168,1753396,5728031251,8.091572685568938,-0.14432335878489513,0.8699186991869918,0.0
UFCP-1,primary,2020-05-05T00:00:00Z,2020-05-07T00:00:00Z,2020-05-07T00:05:00Z,2020-05-08T00:05:00Z,-1,628965,629122,629128,158,1783245,7189874272,8.301994225750422,-0.026151762657402655,0.92,0.072
UFCP-1,primary,2020-05-06T00:00:00Z,2020-05-08T00:00:00Z,2020-05-08T00:05:00Z,2020-05-09T00:05:00Z,-1,629123,629276,629282,154,1763531,6853849328,8.265247669899116,0.004438254842132064,0.8968253968253969,0.1746031746031746
UFCP-1,primary,2020-05-10T00:00:00Z,2020-05-12T00:00:00Z,2020-05-12T00:05:00Z,2020-05-13T00:05:00Z,-1,629697,629866,629872,170,1841931,6327358086,8.14182358618848,-0.16380581031537012,0.8461538461538461,0.0
UFCP-1,primary,2020-05-11T00:00:00Z,2020-05-13T00:00:00Z,2020-05-13T00:05:00Z,2020-05-14T00:05:00Z,-1,629867,630023,630029,157,1808816,8860442418,8.496679489077941,-0.06028584444188906,0.9312977099236641,0.030534351145038167
UFCP-1,primary,2020-05-13T00:00:00Z,2020-05-15T00:00:00Z,2020-05-15T00:05:00Z,2020-05-16T00:05:00Z,1,630170,630288,630294,119,1503448,10886188214,8.88748899150863,0.06706583799373174,1.0,0.7669172932330827
UFCP-1,primary,2020-05-15T00:00:00Z,2020-05-17T00:00:00Z,2020-05-17T00:05:00Z,2020-05-18T00:05:00Z,1,630403,630527,630533,125,1554221,16177900478,9.250426966395231,0.07671431540302183,1.0,0.8296296296296296
UFCP-1,primary,2020-05-17T00:00:00Z,2020-05-19T00:00:00Z,2020-05-19T00:05:00Z,2020-05-20T00:05:00Z,-1,630654,630755,630761,102,1275315,10065014834,8.97362760497306,0.0059444137330777105,0.9854014598540146,0.19708029197080293
UFCP-1,primary,2020-05-18T00:00:00Z,2020-05-20T00:00:00Z,2020-05-20T00:05:00Z,2020-05-21T00:05:00Z,-1,630756,630883,630889,128,1565854,16390960993,9.25605394084482,-0.014389591877659091,1.0,0.11594202898550725
UFCP-1,primary,2020-05-20T00:00:00Z,2020-05-22T00:00:00Z,2020-05-22T00:05:00Z,2020-05-23T00:05:00Z,1,630999,631113,631119,115,1448923,19228599464,9.49333348331536,0.059448983831438935,1.0,0.75
UFCP-1,primary,2020-05-22T00:00:00Z,2020-05-24T00:00:00Z,2020-05-24T00:05:00Z,2020-05-25T00:05:00Z,1,631245,631355,631361,111,1425593,15863953474,9.31721686988239,0.07432205405048986,0.9788732394366197,0.823943661971831
UFCP-1,primary,2020-05-23T00:00:00Z,2020-05-25T00:00:00Z,2020-05-25T00:05:00Z,2020-05-26T00:05:00Z,-1,631356,631474,631480,119,1451888,10803281588,8.914740439258441,-0.008427647311638363,0.9440559440559441,0.13986013986013987
UFCP-1,primary,2020-05-24T00:00:00Z,2020-05-26T00:00:00Z,2020-05-26T00:05:00Z,2020-05-27T00:05:00Z,-1,631475,631590,631596,116,1376368,7343623594,8.582139531831096,-0.14139387140648432,0.8819444444444444,0.013888888888888888
UFCP-1,primary,2020-05-25T00:00:00Z,2020-05-27T00:00:00Z,2020-05-27T00:05:00Z,2020-05-28T00:05:00Z,-1,631591,631715,631721,125,1502330,9237630560,8.72402346258362,-0.03680948926001611,0.896551724137931,0.07586206896551724
UFCP-1,primary,2020-05-27T00:00:00Z,2020-05-29T00:00:00Z,2020-05-29T00:05:00Z,2020-05-30T00:05:00Z,-1,631840,631977,631983,138,1634889,7789905605,8.469009109196762,-0.036723594078864066,0.8299319727891157,0.08163265306122448
UFCP-1,primary,2020-05-29T00:00:00Z,2020-05-31T00:00:00Z,2020-05-31T00:05:00Z,2020-06-01T00:05:00Z,-1,632109,632235,632241,127,1525489,9410951218,8.727314298938678,0.011669045138968553,0.8993288590604027,0.2483221476510067
UFCP-1,primary,2020-05-30T00:00:00Z,2020-06-01T00:00:00Z,2020-06-01T00:05:00Z,2020-06-02T00:05:00Z,-1,632236,632391,632397,156,1705735,6843244870,8.29702119143612,-0.1173353422424937,0.7733333333333333,0.02
UFCP-1,primary,2020-05-31T00:00:00Z,2020-06-02T00:00:00Z,2020-06-02T00:05:00Z,2020-06-03T00:05:00Z,-1,632392,632541,632547,150,1410229,6102644621,8.372725398084102,-0.031588486692586806,0.8079470198675497,0.09271523178807947
UFCP-1,primary,2020-07-14T00:00:00Z,2020-07-16T00:00:00Z,2020-07-16T00:05:00Z,2020-07-17T00:05:00Z,1,639146,639289,639295,144,1788040,6295443097,8.166461284856744,0.07489317912350954,0.75,0.8888888888888888
UFCP-1,primary,2020-07-16T00:00:00Z,2020-07-18T00:00:00Z,2020-07-18T00:05:00Z,2020-07-19T00:05:00Z,1,639428,639563,639569,136,1730036,7815856789,8.415767653213635,0.07922262889327158,0.8277777777777777,0.9055555555555556
UFCP-1,primary,2020-07-17T00:00:00Z,2020-07-19T00:00:00Z,2020-07-19T00:05:00Z,2020-07-20T00:05:00Z,1,639564,639681,639687,118,1499862,7730576136,8.54756556739905,0.08153550126611649,0.8666666666666667,0.9166666666666666
UFCP-1,primary,2020-07-20T00:00:00Z,2020-07-22T00:00:00Z,2020-07-22T00:05:00Z,2020-07-23T00:05:00Z,-1,639943,640083,640089,141,1683891,7858857188,8.448289292039078,-0.005622097867379777,0.8166666666666667,0.2
UFCP-1,primary,2020-07-21T00:00:00Z,2020-07-23T00:00:00Z,2020-07-23T00:05:00Z,2020-07-24T00:05:00Z,1,640084,640208,640214,125,1593424,10228349837,8.767033379696322,0.08517632469449438,0.9277777777777778,0.9333333333333333
UFCP-1,primary,2020-07-22T00:00:00Z,2020-07-24T00:00:00Z,2020-07-24T00:05:00Z,2020-07-25T00:05:00Z,1,640209,640352,640358,144,1809440,14327483781,8.976917509265528,0.07963568838977805,0.9611111111111111,0.9055555555555556
UFCP-1,primary,2020-07-23T00:00:00Z,2020-07-25T00:00:00Z,2020-07-25T00:05:00Z,2020-07-26T00:05:00Z,1,640353,640488,640494,136,1718797,13500696882,8.968871956469687,0.05668906799348614,0.95,0.7611111111111111
UFCP-1,primary,2020-07-25T00:00:00Z,2020-07-27T00:00:00Z,2020-07-27T00:05:00Z,2020-07-28T00:05:00Z,-1,640650,640791,640797,142,1689957,8904999864,8.569665095627142,-0.03869980123754628,0.8444444444444444,0.07777777777777778
UFCP-1,primary,2020-07-26T00:00:00Z,2020-07-28T00:00:00Z,2020-07-28T00:05:00Z,2020-07-29T00:05:00Z,-1,640792,640949,640955,158,1806710,7648811017,8.3507979803912,-0.1217240176896126,0.7555555555555555,0.016666666666666666
UFCP-1,primary,2020-07-28T00:00:00Z,2020-07-30T00:00:00Z,2020-07-30T00:05:00Z,2020-07-31T00:05:00Z,1,641099,641243,641249,145,1818095,18757139032,9.24154045769007,0.05351590538448211,0.9666666666666667,0.75
UFCP-1,primary,2020-07-30T00:00:00Z,2020-08-01T00:00:00Z,2020-08-01T00:05:00Z,2020-08-02T00:05:00Z,1,641392,641526,641532,135,1697520,17995866069,9.268728985254715,0.062280267684622276,0.9777777777777777,0.8222222222222222
UFCP-1,primary,2020-08-01T00:00:00Z,2020-08-03T00:00:00Z,2020-08-03T00:05:00Z,2020-08-04T00:05:00Z,-1,641680,641816,641822,137,1674534,12824563386,8.943582707868337,-0.001459510526510659,0.9222222222222223,0.22777777777777777
UFCP-1,primary,2020-08-02T00:00:00Z,2020-08-04T00:00:00Z,2020-08-04T00:05:00Z,2020-08-05T00:05:00Z,-1,641817,641957,641963,141,1692272,10663995761,8.748556459587567,-0.04410283925988257,0.8722222222222222,0.07222222222222222
UFCP-1,primary,2020-08-03T00:00:00Z,2020-08-05T00:00:00Z,2020-08-05T00:05:00Z,2020-08-06T00:05:00Z,-1,641958,642119,642125,162,1932812,13016320882,8.814983364135392,-0.04679917136276058,0.8944444444444445,0.07222222222222222
UFCP-1,primary,2020-08-07T00:00:00Z,2020-08-09T00:00:00Z,2020-08-09T00:05:00Z,2020-08-10T00:05:00Z,-1,642550,642701,642707,152,1871317,13720910291,8.900033785765547,-0.01403770713353216,0.9,0.17222222222222222
UFCP-1,primary,2020-08-10T00:00:00Z,2020-08-12T00:00:00Z,2020-08-12T00:05:00Z,2020-08-13T00:05:00Z,1,643000,643136,643142,137,1667917,13366613370,8.988939794830177,0.0592049844206876,0.9277777777777778,0.7833333333333333
UFCP-1,primary,2020-08-13T00:00:00Z,2020-08-15T00:00:00Z,2020-08-15T00:05:00Z,2020-08-16T00:05:00Z,1,643448,643594,643600,147,1727881,10906392380,8.750208550929568,0.060901763489499564,0.8333333333333334,0.8111111111111111
UFCP-1,primary,2020-08-18T00:00:00Z,2020-08-20T00:00:00Z,2020-08-20T00:05:00Z,2020-08-21T00:05:00Z,1,644195,644334,644340,140,1757527,15812712801,9.104661795834243,0.08328236209173458,0.9333333333333333,0.9222222222222223
UFCP-1,primary,2020-08-19T00:00:00Z,2020-08-21T00:00:00Z,2020-08-21T00:05:00Z,2020-08-22T00:05:00Z,1,644335,644472,644478,138,1743936,14758221747,9.043410985485176,0.07858086535285698,0.9222222222222223,0.8888888888888888
UFCP-1,primary,2020-08-21T00:00:00Z,2020-08-23T00:00:00Z,2020-08-23T00:05:00Z,2020-08-24T00:05:00Z,-1,644619,644773,644779,155,1854125,13610850768,8.901209717537153,-0.04024701678689409,0.8722222222222222,0.1
UFCP-1,primary,2020-08-27T00:00:00Z,2020-08-29T00:00:00Z,2020-08-29T00:05:00Z,2020-08-30T00:05:00Z,1,645486,645614,645620,129,1662211,12289984729,8.908391316153963,0.10887847571698178,0.8722222222222222,0.9888888888888889
UFCP-1,primary,2020-09-01T00:00:00Z,2020-09-03T00:00:00Z,2020-09-03T00:05:00Z,2020-09-04T00:05:00Z,1,646201,646354,646360,154,1945390,12593549409,8.77547753907195,0.07789389274130123,0.8277777777777777,0.8944444444444445
UFCP-1,primary,2020-09-03T00:00:00Z,2020-09-05T00:00:00Z,2020-09-05T00:05:00Z,2020-09-06T00:05:00Z,1,646499,646627,646633,129,1668319,13431577789,8.993547232390588,0.08188302117280928,0.9166666666666666,0.9222222222222223
UFCP-1,primary,2020-10-01T00:00:00Z,2020-10-03T00:00:00Z,2020-10-03T00:05:00Z,2020-10-04T00:05:00Z,1,650732,650855,650861,124,1610713,10203192869,8.753779038555432,0.08959820899191849,0.7777777777777778,0.9888888888888889
UFCP-1,primary,2020-10-02T00:00:00Z,2020-10-04T00:00:00Z,2020-10-04T00:05:00Z,2020-10-05T00:05:00Z,1,650856,650991,650997,136,1702203,12251219145,8.881457438577431,0.059192117508898766,0.8333333333333334,0.8
UFCP-1,primary,2020-10-06T00:00:00Z,2020-10-08T00:00:00Z,2020-10-08T00:05:00Z,2020-10-09T00:05:00Z,1,651441,651570,651576,130,1674954,11331139880,8.81952425398555,0.06992430836906566,0.8111111111111111,0.8722222222222222
UFCP-1,primary,2020-10-21T00:00:00Z,2020-10-23T00:00:00Z,2020-10-23T00:05:00Z,2020-10-24T00:05:00Z,1,653625,653754,653760,130,1667241,11664309349,8.85311881118237,0.053605327604107626,0.8222222222222222,0.7777777777777778
UFCP-1,primary,2020-10-22T00:00:00Z,2020-10-24T00:00:00Z,2020-10-24T00:05:00Z,2020-10-25T00:05:00Z,1,653755,653891,653897,137,1758854,16697812487,9.158370540417595,0.08379433426537962,0.9388888888888889,0.9722222222222222
UFCP-1,primary,2020-10-23T00:00:00Z,2020-10-25T00:00:00Z,2020-10-25T00:05:00Z,2020-10-26T00:05:00Z,1,653892,654022,654028,131,1699258,14401814194,9.044917778130083,0.08096239652836709,0.9111111111111111,0.9444444444444444
UFCP-1,primary,2020-10-27T00:00:00Z,2020-10-29T00:00:00Z,2020-10-29T00:05:00Z,2020-10-30T00:05:00Z,1,654402,654500,654506,99,1312120,19223520467,9.592245682854715,0.13576959424442886,1.0,1.0
UFCP-1,primary,2020-10-28T00:00:00Z,2020-10-30T00:00:00Z,2020-10-30T00:05:00Z,2020-10-31T00:05:00Z,1,654501,654600,654606,100,1335716,22666214815,9.739163282992164,0.1443136115761135,1.0,1.0
UFCP-1,primary,2020-10-29T00:00:00Z,2020-10-31T00:00:00Z,2020-10-31T00:05:00Z,2020-11-01T00:05:00Z,1,654601,654708,654714,108,1450644,25923173259,9.790884972325149,0.13023043558585015,1.0,0.9888888888888889
UFCP-1,primary,2020-10-30T00:00:00Z,2020-11-01T00:00:00Z,2020-11-01T00:05:00Z,2020-11-02T00:05:00Z,1,654709,654819,654825,111,1469792,26234694254,9.789717127746318,0.10305811978837821,0.9944444444444445,0.9777777777777777
UFCP-1,primary,2020-10-31T00:00:00Z,2020-11-02T00:00:00Z,2020-11-02T00:05:00Z,2020-11-03T00:05:00Z,1,654820,654932,654938,113,1465324,26403799985,9.799186839175738,0.0808763113140848,1.0,0.9166666666666666
UFCP-1,primary,2020-11-02T00:00:00Z,2020-11-04T00:00:00Z,2020-11-04T00:05:00Z,2020-11-05T00:05:00Z,1,655058,655152,655158,95,1264712,20946858831,9.714899549365903,0.08643390748249404,0.9777777777777777,0.9666666666666667
UFCP-1,primary,2020-11-04T00:00:00Z,2020-11-06T00:00:00Z,2020-11-06T00:05:00Z,2020-11-07T00:05:00Z,-1,655293,655451,655457,159,1942273,20503254149,9.264479954790234,-0.07570768887792807,0.9277777777777778,0.06666666666666667
UFCP-1,primary,2020-11-07T00:00:00Z,2020-11-09T00:00:00Z,2020-11-09T00:05:00Z,2020-11-10T00:05:00Z,-1,655752,655897,655903,146,1742847,13523436243,8.956659494294152,-0.11254745826799484,0.8,0.027777777777777776
UFCP-1,primary,2020-12-01T00:00:00Z,2020-12-03T00:00:00Z,2020-12-03T00:05:00Z,2020-12-04T00:05:00Z,1,659399,659550,659556,152,1961964,14530838285,8.91008243594213,0.07704218833780845,0.8222222222222222,0.8722222222222222
UFCP-1,primary,2020-12-02T00:00:00Z,2020-12-04T00:00:00Z,2020-12-04T00:05:00Z,2020-12-05T00:05:00Z,1,659551,659681,659687,131,1709284,13145675736,8.947773572777589,0.11227391118152397,0.8333333333333334,0.9833333333333333
UFCP-1,primary,2020-12-17T00:00:00Z,2020-12-19T00:00:00Z,2020-12-19T00:05:00Z,2020-12-20T00:05:00Z,1,661680,661808,661814,129,1706864,16299271891,9.164217947834096,0.09437541596752876,0.9166666666666666,0.9666666666666667
UFCP-1,primary,2020-12-18T00:00:00Z,2020-12-20T00:00:00Z,2020-12-20T00:05:00Z,2020-12-21T00:05:00Z,1,661809,661965,661971,157,2003202,19547135264,9.185837120539942,0.0772243637935665,0.9222222222222223,0.8611111111111112
UFCP-1,primary,2020-12-21T00:00:00Z,2020-12-23T00:00:00Z,2020-12-23T00:05:00Z,2020-12-24T00:05:00Z,-1,662275,662410,662416,136,1674039,13856269222,9.021253791320742,-0.04292193909460891,0.8611111111111112,0.13333333333333333
UFCP-1,primary,2021-01-14T00:00:00Z,2021-01-16T00:00:00Z,2021-01-16T00:05:00Z,2021-01-17T00:05:00Z,1,665946,666092,666098,147,1890283,14141282766,8.920127100977119,0.0572988277416662,0.7944444444444444,0.7555555555555555
UFCP-1,primary,2021-01-29T00:00:00Z,2021-01-31T00:00:00Z,2021-01-31T00:05:00Z,2021-02-01T00:05:00Z,1,668116,668267,668273,152,2011115,16742570567,9.02702059598244,0.1015073727757985,0.8777777777777778,0.9611111111111111
UFCP-1,primary,2021-01-30T00:00:00Z,2021-02-01T00:00:00Z,2021-02-01T00:05:00Z,2021-02-02T00:05:00Z,1,668268,668403,668409,136,1779507,13846341880,8.95943999289121,0.06834870556845239,0.8444444444444444,0.7888888888888889
UFCP-1,primary,2021-02-01T00:00:00Z,2021-02-03T00:00:00Z,2021-02-03T00:05:00Z,2021-02-04T00:05:00Z,1,668548,668666,668672,119,1600199,12771187911,8.984818971759223,0.1149813241978029,0.85,0.9833333333333333
UFCP-1,primary,2021-02-02T00:00:00Z,2021-02-04T00:00:00Z,2021-02-04T00:05:00Z,2021-02-05T00:05:00Z,1,668667,668819,668825,153,2028555,14860584530,8.899143936371367,0.09216560556652395,0.7777777777777778,0.9444444444444444
UFCP-1,primary,2021-02-04T00:00:00Z,2021-02-06T00:00:00Z,2021-02-06T00:05:00Z,2021-02-07T00:05:00Z,1,668970,669129,669135,160,2091127,16688621843,8.984779284337991,0.08033419299736458,0.8555555555555555,0.8722222222222222
UFCP-1,primary,2021-02-09T00:00:00Z,2021-02-11T00:00:00Z,2021-02-11T00:05:00Z,2021-02-12T00:05:00Z,1,669776,669918,669924,143,1950835,19639438398,9.217037500642892,0.14991683048540752,0.9388888888888889,1.0
UFCP-1,primary,2021-02-10T00:00:00Z,2021-02-12T00:00:00Z,2021-02-12T00:05:00Z,2021-02-13T00:05:00Z,1,669919,670061,670067,143,1922837,16816327939,9.076303894908705,0.11838496970882087,0.9,0.9777777777777777
UFCP-1,primary,2021-02-11T00:00:00Z,2021-02-13T00:00:00Z,2021-02-13T00:05:00Z,2021-02-14T00:05:00Z,1,670062,670190,670196,129,1719616,18534915975,9.285310572173088,0.149277513119208,0.9444444444444444,0.9944444444444445
UFCP-1,primary,2021-02-12T00:00:00Z,2021-02-14T00:00:00Z,2021-02-14T00:05:00Z,2021-02-15T00:05:00Z,1,670191,670332,670338,142,1897130,20239953166,9.275071591604343,0.13418795759911023,0.9388888888888889,0.9777777777777777
UFCP-1,primary,2021-02-16T00:00:00Z,2021-02-18T00:00:00Z,2021-02-18T00:05:00Z,2021-02-19T00:05:00Z,1,670790,670910,670916,121,1647779,12002466217,8.89343910518446,0.13215061000291908,0.7722222222222223,0.9722222222222222
UFCP-1,primary,2021-02-17T00:00:00Z,2021-02-19T00:00:00Z,2021-02-19T00:05:00Z,2021-02-20T00:05:00Z,1,670911,671048,671054,138,1851523,14162327207,8.942332160865815,0.11036157800902284,0.8277777777777777,0.9444444444444444
UFCP-1,primary,2021-02-18T00:00:00Z,2021-02-20T00:00:00Z,2021-02-20T00:05:00Z,2021-02-21T00:05:00Z,1,671049,671185,671191,137,1840186,14775229392,8.990840714370583,0.10893464030266506,0.8611111111111112,0.9388888888888889
UFCP-1,primary,2021-02-19T00:00:00Z,2021-02-21T00:00:00Z,2021-02-21T00:05:00Z,2021-02-22T00:05:00Z,1,671186,671338,671344,153,2031318,16080575280,8.976682474753762,0.09171483736175232,0.8444444444444444,0.9
UFCP-1,primary,2021-02-20T00:00:00Z,2021-02-22T00:00:00Z,2021-02-22T00:05:00Z,2021-02-23T00:05:00Z,1,671339,671484,671490,146,1926180,14782061349,8.945630886633587,0.07378126654829767,0.8166666666666667,0.7722222222222223
UFCP-1,primary,2021-02-23T00:00:00Z,2021-02-25T00:00:00Z,2021-02-25T00:05:00Z,2021-02-26T00:05:00Z,1,671759,671885,671891,127,1737502,18330218417,9.263857807048533,0.13884991211520908,0.9277777777777778,0.9833333333333333
UFCP-1,primary,2021-02-24T00:00:00Z,2021-02-26T00:00:00Z,2021-02-26T00:05:00Z,2021-02-27T00:05:00Z,1,671886,672044,672050,159,2067461,18953161494,9.123404745675638,0.07607737219710553,0.9,0.8
UFCP-1,primary,2021-02-26T00:00:00Z,2021-02-28T00:00:00Z,2021-02-28T00:05:00Z,2021-03-01T00:05:00Z,1,672201,672339,672345,139,1850483,14887842397,8.992853526262362,0.11269436141807301,0.85,0.9444444444444444
UFCP-1,primary,2021-04-14T00:00:00Z,2021-04-16T00:00:00Z,2021-04-16T00:05:00Z,2021-04-17T00:05:00Z,1,679116,679250,679256,135,1850827,13618493500,8.903551397957443,0.14042641478647114,0.7611111111111111,0.9833333333333333
UFCP-1,primary,2021-04-16T00:00:00Z,2021-04-18T00:00:00Z,2021-04-18T00:05:00Z,2021-04-19T00:05:00Z,1,679423,679525,679531,103,1491865,14032071554,9.14907379882927,0.21161231076538425,0.9,1.0
UFCP-1,primary,2021-04-17T00:00:00Z,2021-04-19T00:00:00Z,2021-04-19T00:05:00Z,2021-04-20T00:05:00Z,1,679526,679616,679622,91,1301137,16357372065,9.439195467931427,0.14870763032639914,0.95,0.9833333333333333
UFCP-1,primary,2021-04-18T00:00:00Z,2021-04-20T00:00:00Z,2021-04-20T00:05:00Z,2021-04-21T00:05:00Z,1,679617,679740,679746,124,1684011,21473000400,9.453373181729868,0.112065182472086,0.9555555555555556,0.9111111111111111
UFCP-1,primary,2021-04-19T00:00:00Z,2021-04-21T00:00:00Z,2021-04-21T00:05:00Z,2021-04-22T00:05:00Z,1,679741,679837,679843,97,1389888,21581663228,9.650376140145402,0.1942214048901782,0.9666666666666667,0.9944444444444445
UFCP-1,primary,2021-04-20T00:00:00Z,2021-04-22T00:00:00Z,2021-04-22T00:05:00Z,2021-04-23T00:05:00Z,1,679838,679965,679971,128,1793452,30182822747,9.73088600401241,0.14033272147790965,0.9777777777777777,0.9611111111111111
UFCP-1,primary,2021-04-21T00:00:00Z,2021-04-23T00:00:00Z,2021-04-23T00:05:00Z,2021-04-24T00:05:00Z,1,679966,680066,680072,101,1463686,25576779687,9.768482263717747,0.19764075081677354,0.9833333333333333,0.9944444444444445
UFCP-1,primary,2021-04-23T00:00:00Z,2021-04-25T00:00:00Z,2021-04-25T00:05:00Z,2021-04-26T00:05:00Z,1,680210,680344,680350,135,1819075,26968675317,9.604103167887983,0.08362436952846913,0.9444444444444444,0.7777777777777778
UFCP-1,primary,2021-04-24T00:00:00Z,2021-04-26T00:00:00Z,2021-04-26T00:05:00Z,2021-04-27T00:05:00Z,-1,680345,680489,680495,145,1835989,16840089535,9.123934303692462,-0.020239228012804,0.8611111111111112,0.2222222222222222
UFCP-1,primary,2021-04-26T00:00:00Z,2021-04-28T00:00:00Z,2021-04-28T00:05:00Z,2021-04-29T00:05:00Z,1,680631,680744,680750,114,1533631,16775160734,9.3000164171317,0.08881993126117038,0.9111111111111111,0.8111111111111111
UFCP-1,primary,2021-05-19T00:00:00Z,2021-05-21T00:00:00Z,2021-05-21T00:05:00Z,2021-05-22T00:05:00Z,1,684129,684253,684259,125,1670179,12272468289,8.902182875708323,0.09366121834845247,0.7666666666666667,0.8388888888888889
UFCP-1,primary,2021-05-20T00:00:00Z,2021-05-22T00:00:00Z,2021-05-22T00:05:00Z,2021-05-23T00:05:00Z,1,684254,684365,684371,112,1511739,13247635443,9.078313714547585,0.12675666897526625,0.8944444444444445,0.9388888888888889
UFCP-1,primary,2021-05-21T00:00:00Z,2021-05-23T00:00:00Z,2021-05-23T00:05:00Z,2021-05-24T00:05:00Z,1,684366,684475,684481,110,1506840,13101122920,9.070438481792806,0.13619893286613044,0.8833333333333333,0.95
UFCP-1,primary,2021-12-05T00:00:00Z,2021-12-07T00:00:00Z,2021-12-07T00:05:00Z,2021-12-08T00:05:00Z,-1,712626,712791,712797,166,1741677,2184550986,7.134317145834314,-0.15108254860114706,0.7611111111111111,0.005555555555555556
UFCP-1,primary,2022-02-10T00:00:00Z,2022-02-12T00:00:00Z,2022-02-12T00:05:00Z,2022-02-13T00:05:00Z,-1,722547,722693,722699,147,1886260,1958059812,6.94511333751128,-0.07711980320846543,0.9166666666666666,0.03333333333333333
UFCP-1,primary,2022-02-11T00:00:00Z,2022-02-13T00:00:00Z,2022-02-13T00:05:00Z,2022-02-14T00:05:00Z,-1,722694,722835,722841,142,1833046,1674292024,6.817166618654686,-0.06747893942650648,0.7555555555555555,0.06111111111111111
UFCP-1,primary,2022-03-01T00:00:00Z,2022-03-03T00:00:00Z,2022-03-03T00:05:00Z,2022-03-04T00:05:00Z,-1,725355,725516,725522,162,1936868,1943038347,6.910935949673694,-0.037846667919548466,0.8944444444444445,0.12222222222222222
UFCP-1,primary,2022-03-02T00:00:00Z,2022-03-04T00:00:00Z,2022-03-04T00:05:00Z,2022-03-05T00:05:00Z,-1,725517,725652,725658,136,1943503,2926598148,7.317103970926045,-0.03335677897075538,1.0,0.14444444444444443
UFCP-1,primary,2022-05-05T00:00:00Z,2022-05-07T00:00:00Z,2022-05-07T00:05:00Z,2022-05-08T00:05:00Z,-1,734938,735094,735100,157,2102487,2234075054,6.968461645574222,-0.04051630283564179,0.9722222222222222,0.08333333333333333
UFCP-1,primary,2022-05-06T00:00:00Z,2022-05-08T00:00:00Z,2022-05-08T00:05:00Z,2022-05-09T00:05:00Z,-1,735095,735236,735242,142,1942493,1696160697,6.772150362803348,-0.020059274344875373,0.8666666666666667,0.16111111111111112
UFCP-1,primary,2022-05-09T00:00:00Z,2022-05-11T00:00:00Z,2022-05-11T00:05:00Z,2022-05-12T00:05:00Z,-1,735535,735689,735695,155,1825753,1978760376,6.988233350218863,0.0017576309610336119,0.9777777777777777,0.2111111111111111
UFCP-1,primary,2022-05-10T00:00:00Z,2022-05-12T00:00:00Z,2022-05-12T00:05:00Z,2022-05-13T00:05:00Z,1,735690,735842,735848,153,1743703,1744095646,6.907980433035745,0.06889992160362171,0.9388888888888889,0.8388888888888889
UFCP-1,primary,2022-05-12T00:00:00Z,2022-05-14T00:00:00Z,2022-05-14T00:05:00Z,2022-05-15T00:05:00Z,-1,735988,736122,736128,135,1876194,2965948913,7.365707041590562,0.007503488445224748,1.0,0.25
UFCP-1,primary,2022-05-13T00:00:00Z,2022-05-15T00:00:00Z,2022-05-15T00:05:00Z,2022-05-16T00:05:00Z,-1,736123,736274,736280,152,1951902,3153911849,7.387594536366136,-0.022704008705355085,1.0,0.12777777777777777
UFCP-1,primary,2022-05-14T00:00:00Z,2022-05-16T00:00:00Z,2022-05-16T00:05:00Z,2022-05-17T00:05:00Z,-1,736275,736415,736421,141,1928737,2559953044,7.190878810562025,-0.018111852471332276,0.9833333333333333,0.16666666666666666
UFCP-1,primary,2022-05-15T00:00:00Z,2022-05-17T00:00:00Z,2022-05-17T00:05:00Z,2022-05-18T00:05:00Z,-1,736416,736537,736543,122,1720330,1628600921,6.852960461661652,-0.09210093412310429,0.9,0.011111111111111112
UFCP-1,primary,2022-05-16T00:00:00Z,2022-05-18T00:00:00Z,2022-05-18T00:05:00Z,2022-05-19T00:05:00Z,-1,736538,736701,736707,164,2025550,2101381275,6.9445088888699615,-0.14908148404137148,0.9222222222222223,0.011111111111111112
UFCP-1,primary,2022-05-17T00:00:00Z,2022-05-19T00:00:00Z,2022-05-19T00:05:00Z,2022-05-20T00:05:00Z,-1,736702,736848,736854,147,1924308,1891124613,6.8903605418332265,-0.073964251045051,0.9055555555555556,0.03888888888888889
UFCP-1,primary,2022-05-20T00:00:00Z,2022-05-22T00:00:00Z,2022-05-22T00:05:00Z,2022-05-23T00:05:00Z,-1,737105,737232,737238,128,1765839,1710025308,6.875637517839251,-0.0031605372856755346,0.8888888888888888,0.2
UFCP-1,primary,2022-05-23T00:00:00Z,2022-05-25T00:00:00Z,2022-05-25T00:05:00Z,2022-05-26T00:05:00Z,-1,737490,737649,737655,160,1687736,1582669136,6.843480041458079,-0.017096275720847338,0.8611111111111112,0.17777777777777778
UFCP-1,primary,2022-05-24T00:00:00Z,2022-05-26T00:00:00Z,2022-05-26T00:05:00Z,2022-05-27T00:05:00Z,1,737650,737769,737775,120,1457237,1617041235,7.011811183188555,0.06150200688014373,0.9555555555555556,0.7944444444444444
UFCP-1,primary,2022-05-25T00:00:00Z,2022-05-27T00:00:00Z,2022-05-27T00:05:00Z,2022-05-28T00:05:00Z,-1,737770,737913,737919,144,1850279,1946775854,6.958593436434537,-0.004084248915974293,0.9333333333333333,0.20555555555555555
UFCP-1,primary,2022-06-14T00:00:00Z,2022-06-16T00:00:00Z,2022-06-16T00:05:00Z,2022-06-17T00:05:00Z,-1,740676,740821,740827,146,1956354,2609214359,7.1957219062936515,-0.053840971521514,0.9777777777777777,0.06111111111111111
UFCP-1,primary,2022-06-15T00:00:00Z,2022-06-17T00:00:00Z,2022-06-17T00:05:00Z,2022-06-18T00:05:00Z,-1,740822,740986,740992,165,1963148,2576594979,7.179674723407301,-0.024257977493291387,0.9666666666666667,0.13333333333333333
UFCP-1,primary,2022-06-17T00:00:00Z,2022-06-19T00:00:00Z,2022-06-19T00:05:00Z,2022-06-20T00:05:00Z,1,741106,741213,741219,108,1577734,2180982509,7.231541106046563,0.08775623774349796,0.9722222222222222,0.9722222222222222
UFCP-1,primary,2022-06-18T00:00:00Z,2022-06-20T00:00:00Z,2022-06-20T00:05:00Z,2022-06-21T00:05:00Z,-1,741214,741369,741375,156,1727476,2093640460,7.099998292938469,-0.015708467150918448,0.9444444444444444,0.18333333333333332
UFCP-1,primary,2022-07-01T00:00:00Z,2022-07-03T00:00:00Z,2022-07-03T00:05:00Z,2022-07-04T00:05:00Z,1,743088,743221,743227,134,1717371,1809922210,6.960244512312516,0.08736434934559859,0.9,0.9777777777777777
UFCP-1,primary,2022-07-05T00:00:00Z,2022-07-07T00:00:00Z,2022-07-07T00:05:00Z,2022-07-08T00:05:00Z,1,743658,743775,743781,118,1514027,1972953031,7.172513711450137,0.05090199844520606,0.95,0.7555555555555555
UFCP-1,primary,2022-07-07T00:00:00Z,2022-07-09T00:00:00Z,2022-07-09T00:05:00Z,2022-07-10T00:05:00Z,-1,743903,744059,744065,157,1873345,2438431145,7.171384535154468,-0.027124208301193855,0.9388888888888889,0.12222222222222222
UFCP-1,primary,2022-07-09T00:00:00Z,2022-07-11T00:00:00Z,2022-07-11T00:05:00Z,2022-07-12T00:05:00Z,1,744208,744341,744347,134,1435877,1583191926,7.005422482116106,0.05139785650163628,0.9,0.7666666666666667
UFCP-1,primary,2022-07-12T00:00:00Z,2022-07-14T00:00:00Z,2022-07-14T00:05:00Z,2022-07-15T00:05:00Z,-1,744618,744768,744774,151,1738414,1736191260,6.906475858652702,-0.008434124437562054,0.7944444444444444,0.18333333333333332
UFCP-1,primary,2022-07-13T00:00:00Z,2022-07-15T00:00:00Z,2022-07-15T00:05:00Z,2022-07-16T00:05:00Z,1,744769,744878,744884,110,1422028,2302288103,7.389574713031874,0.07797033532391767,1.0,0.9555555555555556
UFCP-1,primary,2022-07-15T00:00:00Z,2022-07-17T00:00:00Z,2022-07-17T00:05:00Z,2022-07-18T00:05:00Z,-1,745003,745144,745150,142,1775528,2606409388,7.291630996262069,-0.00972781054424374,0.9666666666666667,0.18333333333333332
UFCP-1,primary,2022-07-19T00:00:00Z,2022-07-21T00:00:00Z,2022-07-21T00:05:00Z,2022-07-22T00:05:00Z,-1,745548,745685,745691,138,1822267,2668435478,7.28916628599208,-0.021773428372461334,0.9611111111111111,0.15
UFCP-1,primary,2022-07-22T00:00:00Z,2022-07-24T00:00:00Z,2022-07-24T00:05:00Z,2022-07-25T00:05:00Z,1,745951,746082,746088,132,1603749,2174658299,7.212282813863694,0.07841688443765203,0.9277777777777778,0.9611111111111111
UFCP-1,primary,2022-08-05T00:00:00Z,2022-08-07T00:00:00Z,2022-08-07T00:05:00Z,2022-08-08T00:05:00Z,1,747997,748146,748152,150,1712740,1959420281,7.042309506154397,0.05887058164111307,0.8555555555555555,0.8666666666666667
UFCP-1,primary,2022-08-09T00:00:00Z,2022-08-11T00:00:00Z,2022-08-11T00:05:00Z,2022-08-12T00:05:00Z,-1,748611,748753,748759,143,1697399,2294095828,7.208996990721604,-0.016578895121300296,0.9222222222222223,0.1388888888888889
UFCP-1,primary,2022-08-10T00:00:00Z,2022-08-12T00:00:00Z,2022-08-12T00:05:00Z,2022-08-13T00:05:00Z,-1,748754,748901,748907,148,1795831,1906488680,6.967550574241066,-0.0351664494042034,0.8055555555555556,0.06666666666666667
UFCP-1,primary,2022-09-02T00:00:00Z,2022-09-04T00:00:00Z,2022-09-04T00:05:00Z,2022-09-05T00:05:00Z,1,752214,752342,752348,129,1777461,1827700629,6.935628027382437,0.06321095090131373,0.7611111111111111,0.9277777777777778
UFCP-1,primary,2022-09-16T00:00:00Z,2022-09-18T00:00:00Z,2022-09-18T00:05:00Z,2022-09-19T00:05:00Z,1,754277,754404,754410,128,1693345,1907428195,7.0268052562753,0.09162633722011758,0.85,0.9944444444444445
UFCP-1,primary,2022-10-25T00:00:00Z,2022-10-27T00:00:00Z,2022-10-27T00:05:00Z,2022-10-28T00:05:00Z,1,760170,760291,760297,122,1470988,1679880511,7.040543661592896,0.057384560581051645,0.85,0.9277777777777778
UFCP-1,primary,2022-10-26T00:00:00Z,2022-10-28T00:00:00Z,2022-10-28T00:05:00Z,2022-10-29T00:05:00Z,-1,760292,760446,760452,155,1967363,2354978160,7.087592665149201,-0.07765470835834566,0.8666666666666667,0.027777777777777776
UFCP-1,primary,2022-11-02T00:00:00Z,2022-11-04T00:00:00Z,2022-11-04T00:05:00Z,2022-11-05T00:05:00Z,1,761336,761457,761463,122,1557935,1672286641,6.978585988531756,0.05264211921550001,0.8055555555555556,0.9055555555555556
UFCP-1,primary,2022-11-04T00:00:00Z,2022-11-06T00:00:00Z,2022-11-06T00:05:00Z,2022-11-07T00:05:00Z,1,761622,761750,761756,129,1730682,1965744896,7.035110983925086,0.055002594352977614,0.8388888888888889,0.9166666666666666
UFCP-1,primary,2022-11-08T00:00:00Z,2022-11-10T00:00:00Z,2022-11-10T00:05:00Z,2022-11-11T00:05:00Z,-1,762183,762345,762351,163,1901632,2187851674,7.047962905710933,-0.009831555211523575,0.8611111111111112,0.25
UFCP-1,primary,2022-11-11T00:00:00Z,2022-11-13T00:00:00Z,2022-11-13T00:05:00Z,2022-11-14T00:05:00Z,1,762642,762775,762781,134,1812341,2193111017,7.098456990722808,0.08341311044665435,0.8777777777777778,0.9833333333333333
UFCP-1,primary,2022-11-14T00:00:00Z,2022-11-16T00:00:00Z,2022-11-16T00:05:00Z,2022-11-17T00:05:00Z,1,763072,763194,763200,123,1615766,2284939586,7.254285715957583,0.052706889487710476,0.9555555555555556,0.8944444444444445
UFCP-1,primary,2022-11-15T00:00:00Z,2022-11-17T00:00:00Z,2022-11-17T00:05:00Z,2022-11-18T00:05:00Z,-1,763195,763349,763355,155,1974264,3631310997,7.517153347585138,-0.07485625022793305,1.0,0.022222222222222223
UFCP-1,primary,2022-11-16T00:00:00Z,2022-11-18T00:00:00Z,2022-11-18T00:05:00Z,2022-11-19T00:05:00Z,-1,763350,763499,763505,150,1895539,3552287679,7.535843860733198,-0.07880660856885562,1.0,0.016666666666666666
UFCP-1,primary,2022-11-17T00:00:00Z,2022-11-19T00:00:00Z,2022-11-19T00:05:00Z,2022-11-20T00:05:00Z,-1,763500,763637,763643,138,1761459,3454296319,7.581231602214398,-0.0497649959493806,1.0,0.05
UFCP-1,primary,2022-11-18T00:00:00Z,2022-11-20T00:00:00Z,2022-11-20T00:05:00Z,2022-11-21T00:05:00Z,-1,763638,763776,763782,139,1873787,4372819362,7.755201726253189,-0.011674219108148365,1.0,0.2222222222222222
UFCP-1,primary,2022-11-19T00:00:00Z,2022-11-21T00:00:00Z,2022-11-21T00:05:00Z,2022-11-22T00:05:00Z,-1,763777,763923,763929,147,2001260,2705581977,7.209295334559862,-0.13991985049418867,0.9111111111111111,0.005555555555555556
UFCP-1,primary,2022-11-20T00:00:00Z,2022-11-22T00:00:00Z,2022-11-22T00:05:00Z,2022-11-23T00:05:00Z,-1,763924,764072,764078,149,1808100,1944118871,6.9802875606097174,-0.15479011116641778,0.7777777777777778,0.005555555555555556
UFCP-1,primary,2022-11-21T00:00:00Z,2022-11-23T00:00:00Z,2022-11-23T00:05:00Z,2022-11-24T00:05:00Z,-1,764073,764201,764207,129,1750429,2536568192,7.278706440184779,-0.022605315611201597,0.9444444444444444,0.16111111111111112
UFCP-1,primary,2022-11-23T00:00:00Z,2022-11-25T00:00:00Z,2022-11-25T00:05:00Z,2022-11-26T00:05:00Z,-1,764328,764468,764474,141,1936157,2884984288,7.306569652219167,-0.06256362474737327,0.95,0.05
UFCP-1,primary,2022-11-24T00:00:00Z,2022-11-26T00:00:00Z,2022-11-26T00:05:00Z,2022-11-27T00:05:00Z,-1,764469,764597,764603,129,1854282,2796374860,7.318581605330291,-0.10025767385974733,0.95,0.027777777777777776
UFCP-1,primary,2022-11-25T00:00:00Z,2022-11-27T00:00:00Z,2022-11-27T00:05:00Z,2022-11-28T00:05:00Z,-1,764598,764720,764726,123,1722620,2705300031,7.359121714658139,-0.023881064889528743,0.9611111111111111,0.16666666666666666
UFCP-1,primary,2022-11-26T00:00:00Z,2022-11-28T00:00:00Z,2022-11-28T00:05:00Z,2022-11-29T00:05:00Z,-1,764721,764829,764835,109,1582300,2365608040,7.309910882504605,-0.02664222966567655,0.9388888888888889,0.15555555555555556
UFCP-1,primary,2022-11-27T00:00:00Z,2022-11-29T00:00:00Z,2022-11-29T00:05:00Z,2022-11-30T00:05:00Z,-1,764830,764965,764971,136,1500478,1778074631,7.077502665872208,-0.030118402269143568,0.7944444444444444,0.11666666666666667
UFCP-1,primary,2022-11-28T00:00:00Z,2022-11-30T00:00:00Z,2022-11-30T00:05:00Z,2022-12-01T00:05:00Z,-1,764966,765104,765110,139,1697934,2294024402,7.2086507170716985,-0.03955159623401145,0.8666666666666667,0.08888888888888889
UFCP-1,primary,2022-12-02T00:00:00Z,2022-12-04T00:00:00Z,2022-12-04T00:05:00Z,2022-12-05T00:05:00Z,1,765527,765651,765657,125,1726816,2877794644,7.418500280833628,0.04496020421399848,0.9722222222222222,0.8388888888888889
UFCP-1,primary,2022-12-05T00:00:00Z,2022-12-07T00:00:00Z,2022-12-07T00:05:00Z,2022-12-08T00:05:00Z,-1,765923,766068,766074,146,1735228,2133182906,7.114231648512254,-0.02133206702519784,0.7833333333333333,0.2
UFCP-1,primary,2022-12-15T00:00:00Z,2022-12-17T00:00:00Z,2022-12-17T00:05:00Z,2022-12-18T00:05:00Z,1,767452,767590,767596,139,1731790,2034853506,7.06902355238585,0.04627697353605229,0.7722222222222223,0.8722222222222222
UFCP-1,primary,2022-12-24T00:00:00Z,2022-12-26T00:00:00Z,2022-12-26T00:05:00Z,2022-12-27T00:05:00Z,1,768690,768778,768784,89,1353050,1763921588,7.172933480910746,0.08526218543291084,0.8333333333333334,0.9833333333333333
UFCP-1,primary,2023-01-20T00:00:00Z,2023-01-22T00:00:00Z,2023-01-22T00:05:00Z,2023-01-23T00:05:00Z,1,772739,772870,772876,132,1727274,1955787550,7.032003786966447,0.06958015925672476,0.7944444444444444,0.9722222222222222
UFCP-1,primary,2023-01-31T00:00:00Z,2023-02-02T00:00:00Z,2023-02-02T00:05:00Z,2023-02-03T00:05:00Z,1,774398,774512,774518,115,1728161,1861504298,6.982082364862801,0.06227023986769751,0.7777777777777778,0.95
UFCP-1,primary,2023-02-02T00:00:00Z,2023-02-04T00:00:00Z,2023-02-04T00:05:00Z,2023-02-05T00:05:00Z,1,774650,774794,774800,145,1894101,2185790291,7.050988411745106,0.043396313079397564,0.8222222222222222,0.8555555555555555
UFCP-1,primary,2023-02-03T00:00:00Z,2023-02-05T00:00:00Z,2023-02-05T00:05:00Z,2023-02-06T00:05:00Z,1,774795,774927,774933,133,1814077,2434081674,7.201748030027139,0.06314450819893533,0.8833333333333333,0.95
UFCP-1,primary,2023-02-06T00:00:00Z,2023-02-08T00:00:00Z,2023-02-08T00:05:00Z,2023-02-09T00:05:00Z,1,775216,775363,775369,148,1643137,1842761143,7.022413127359394,0.042617870573178014,0.7722222222222223,0.8388888888888889
UFCP-1,primary,2023-02-07T00:00:00Z,2023-02-09T00:00:00Z,2023-02-09T00:05:00Z,2023-02-10T00:05:00Z,1,775364,775505,775511,142,1639497,2220210173,7.210967655432962,0.08712123291472934,0.9,0.9888888888888889
UFCP-1,primary,2023-02-08T00:00:00Z,2023-02-10T00:00:00Z,2023-02-10T00:05:00Z,2023-02-11T00:05:00Z,1,775506,775643,775649,138,1669737,1839359717,7.0045066811560215,0.07151126195322977,0.7611111111111111,0.9666666666666667
UFCP-1,primary,2023-02-09T00:00:00Z,2023-02-11T00:00:00Z,2023-02-11T00:05:00Z,2023-02-12T00:05:00Z,1,775644,775805,775811,162,1898676,2155106488,7.034438614542329,0.07086938477128273,0.7833333333333333,0.9611111111111111
UFCP-1,primary,2023-02-10T00:00:00Z,2023-02-12T00:00:00Z,2023-02-12T00:05:00Z,2023-02-13T00:05:00Z,1,775806,775952,775958,147,1687041,2686262780,7.372930098741221,0.09358100959016408,0.9611111111111111,0.9944444444444445
UFCP-1,primary,2023-02-11T00:00:00Z,2023-02-13T00:00:00Z,2023-02-13T00:05:00Z,2023-02-14T00:05:00Z,1,775953,776100,776106,148,1550640,2218726270,7.266020809019381,0.07901253675901564,0.9166666666666666,0.9666666666666667
UFCP-1,primary,2023-02-12T00:00:00Z,2023-02-14T00:00:00Z,2023-02-14T00:05:00Z,2023-02-15T00:05:00Z,1,776101,776262,776268,162,1519190,1921587499,7.142729647705843,0.06343248704901955,0.8555555555555555,0.9277777777777778
UFCP-1,primary,2023-02-14T00:00:00Z,2023-02-16T00:00:00Z,2023-02-16T00:05:00Z,2023-02-17T00:05:00Z,1,776419,776572,776578,154,1597879,2581457179,7.387432191711641,0.09134421317258691,0.9666666666666667,0.9833333333333333
UFCP-1,primary,2023-02-15T00:00:00Z,2023-02-17T00:00:00Z,2023-02-17T00:05:00Z,2023-02-18T00:05:00Z,1,776573,776735,776741,163,1790250,3534902814,7.588085810544299,0.047354280128473675,0.9944444444444445,0.8444444444444444
UFCP-1,primary,2023-02-17T00:00:00Z,2023-02-19T00:00:00Z,2023-02-19T00:05:00Z,2023-02-20T00:05:00Z,-1,776915,777079,777085,165,1945900,2667825905,7.223294556925971,-0.014944241739041061,0.8777777777777778,0.23333333333333334
UFCP-1,primary,2023-02-28T00:00:00Z,2023-03-02T00:00:00Z,2023-03-02T00:05:00Z,2023-03-03T00:05:00Z,1,778585,778721,778727,137,1787831,2581843208,7.275255691274926,0.08474346848219994,0.8944444444444445,0.9611111111111111
UFCP-1,primary,2023-03-01T00:00:00Z,2023-03-03T00:00:00Z,2023-03-03T00:05:00Z,2023-03-04T00:05:00Z,1,778722,778891,778897,170,2040674,2583815714,7.143742398802262,0.088247314367704,0.8166666666666667,0.9722222222222222
UFCP-1,primary,2023-03-02T00:00:00Z,2023-03-04T00:00:00Z,2023-03-04T00:05:00Z,2023-03-05T00:05:00Z,1,778892,779035,779041,144,1771249,2393851073,7.208973728295581,0.11653866847631247,0.8444444444444444,1.0
UFCP-1,primary,2023-03-03T00:00:00Z,2023-03-05T00:00:00Z,2023-03-05T00:05:00Z,2023-03-06T00:05:00Z,1,779036,779203,779209,168,2058813,2789011407,7.211312874481134,0.05404327639275641,0.8555555555555555,0.85
UFCP-1,primary,2023-03-04T00:00:00Z,2023-03-06T00:00:00Z,2023-03-06T00:05:00Z,2023-03-07T00:05:00Z,1,779204,779355,779361,152,1694649,2018660834,7.082713977336637,0.0780934577012703,0.7611111111111111,0.9333333333333333
UFCP-1,primary,2023-03-06T00:00:00Z,2023-03-08T00:00:00Z,2023-03-08T00:05:00Z,2023-03-09T00:05:00Z,1,779511,779642,779648,132,1687253,2402745286,7.261265469101845,0.07130465911158551,0.8833333333333333,0.9166666666666666
UFCP-1,primary,2023-03-07T00:00:00Z,2023-03-09T00:00:00Z,2023-03-09T00:05:00Z,2023-03-10T00:05:00Z,1,779643,779807,779813,165,1979680,2564150674,7.166447366041033,0.039472035884587406,0.8,0.7555555555555555
UFCP-1,primary,2023-03-08T00:00:00Z,2023-03-10T00:00:00Z,2023-03-10T00:05:00Z,2023-03-11T00:05:00Z,1,779808,779940,779946,133,1646895,2625555847,7.374156206961317,0.06643957265035111,0.95,0.8888888888888888
UFCP-1,primary,2023-03-09T00:00:00Z,2023-03-11T00:00:00Z,2023-03-11T00:05:00Z,2023-03-12T00:05:00Z,1,779941,780075,780081,135,1781309,4479625681,7.829946281276748,0.09900752761031353,1.0,0.9888888888888889
UFCP-1,primary,2023-03-10T00:00:00Z,2023-03-12T00:00:00Z,2023-03-12T00:05:00Z,2023-03-13T00:05:00Z,1,780076,780211,780217,136,1855240,4394455143,7.7700847626760305,0.09835277376511933,0.9944444444444445,0.9833333333333333
UFCP-1,primary,2023-03-11T00:00:00Z,2023-03-13T00:00:00Z,2023-03-13T00:05:00Z,2023-03-14T00:05:00Z,1,780212,780376,780382,165,1808469,2725742454,7.318015499184495,0.05968750362876002,0.9,0.8444444444444444
UFCP-1,primary,2023-03-15T00:00:00Z,2023-03-17T00:00:00Z,2023-03-17T00:05:00Z,2023-03-18T00:05:00Z,1,780841,780987,780993,147,1869798,3365361796,7.495460350042702,0.07648098885548064,0.9555555555555556,0.9166666666666666
UFCP-1,primary,2023-03-16T00:00:00Z,2023-03-18T00:00:00Z,2023-03-18T00:05:00Z,2023-03-19T00:05:00Z,1,780988,781121,781127,134,1660491,3340128667,7.606651266516869,0.10818547044217644,0.9833333333333333,0.9888888888888889
UFCP-1,primary,2023-03-17T00:00:00Z,2023-03-19T00:00:00Z,2023-03-19T00:05:00Z,2023-03-20T00:05:00Z,1,781122,781268,781274,147,1946287,4251131128,7.689016919368337,0.05393911586523468,0.9833333333333333,0.8055555555555556
UFCP-1,primary,2023-03-19T00:00:00Z,2023-03-21T00:00:00Z,2023-03-21T00:05:00Z,2023-03-22T00:05:00Z,1,781431,781578,781584,148,1561071,2855572973,7.511655668859391,0.057766110574086635,0.9388888888888889,0.8333333333333334
UFCP-1,primary,2023-03-21T00:00:00Z,2023-03-23T00:00:00Z,2023-03-23T00:05:00Z,2023-03-24T00:05:00Z,1,781733,781877,781883,145,1808905,2888659712,7.375826216226616,0.05094518507052609,0.9055555555555556,0.7777777777777778
UFCP-1,primary,2023-03-22T00:00:00Z,2023-03-24T00:00:00Z,2023-03-24T00:05:00Z,2023-03-25T00:05:00Z,1,781878,782036,782042,159,1725038,3535143002,7.62525995146873,0.05643006125082462,0.9777777777777777,0.8166666666666667
UFCP-1,primary,2023-03-23T00:00:00Z,2023-03-25T00:00:00Z,2023-03-25T00:05:00Z,2023-03-26T00:05:00Z,1,782037,782219,782225,183,1652859,3911112149,7.769070533874106,0.090675006156,0.9888888888888889,0.9555555555555556
UFCP-1,primary,2023-03-24T00:00:00Z,2023-03-26T00:00:00Z,2023-03-26T00:05:00Z,2023-03-27T00:05:00Z,1,782220,782381,782387,162,1613489,4432438010,7.918306137505871,0.13122432195075392,1.0,1.0
UFCP-1,primary,2023-03-29T00:00:00Z,2023-03-31T00:00:00Z,2023-03-31T00:05:00Z,2023-04-01T00:05:00Z,1,782953,783099,783105,147,1827500,2753469056,7.317667957936942,0.05658221614227086,0.8222222222222222,0.8055555555555556
UFCP-1,primary,2023-04-04T00:00:00Z,2023-04-06T00:00:00Z,2023-04-06T00:05:00Z,2023-04-07T00:05:00Z,1,783816,783977,783983,162,2223615,3383075425,7.327406213940184,0.06341160677545349,0.8222222222222222,0.85
UFCP-1,primary,2023-04-05T00:00:00Z,2023-04-07T00:00:00Z,2023-04-07T00:05:00Z,2023-04-08T00:05:00Z,1,783978,784116,784122,139,1838464,3205316881,7.46363579490704,0.10210153693518068,0.9055555555555556,0.9777777777777777
UFCP-1,primary,2023-04-06T00:00:00Z,2023-04-08T00:00:00Z,2023-04-08T00:05:00Z,2023-04-09T00:05:00Z,1,784117,784276,784282,160,1982775,3291813283,7.414696463127873,0.06287803709447617,0.8888888888888888,0.8333333333333334
UFCP-1,primary,2023-04-26T00:00:00Z,2023-04-28T00:00:00Z,2023-04-28T00:05:00Z,2023-04-29T00:05:00Z,1,787013,787142,787148,130,2057950,3309136424,7.382732193553103,0.15289681479141864,0.8611111111111112,1.0
UFCP-1,primary,2023-04-27T00:00:00Z,2023-04-29T00:00:00Z,2023-04-29T00:05:00Z,2023-04-30T00:05:00Z,1,787143,787272,787278,130,2015285,4176462098,7.636459154488911,0.13671763547091353,0.9666666666666667,0.9944444444444445
UFCP-1,primary,2023-04-28T00:00:00Z,2023-04-30T00:00:00Z,2023-04-30T00:05:00Z,2023-05-01T00:05:00Z,1,787273,787419,787425,147,2310642,4587162396,7.593491489503764,0.15509628925640578,0.95,1.0
UFCP-1,primary,2023-04-29T00:00:00Z,2023-05-01T00:00:00Z,2023-05-01T00:05:00Z,2023-05-02T00:05:00Z,1,787420,787556,787562,137,2159585,4283166169,7.592531700593906,0.18236883475297339,0.9388888888888889,1.0
UFCP-1,primary,2023-04-30T00:00:00Z,2023-05-02T00:00:00Z,2023-05-02T00:05:00Z,2023-05-03T00:05:00Z,1,787557,787704,787710,148,2366873,4764650050,7.607409696950944,0.20918950868931285,0.9555555555555556,1.0
UFCP-1,primary,2023-05-01T00:00:00Z,2023-05-03T00:00:00Z,2023-05-03T00:05:00Z,2023-05-04T00:05:00Z,1,787705,787886,787892,182,2855883,6926942018,7.793792650301404,0.17726601544951245,0.9888888888888889,0.9888888888888889
UFCP-1,primary,2023-05-02T00:00:00Z,2023-05-04T00:00:00Z,2023-05-04T00:05:00Z,2023-05-05T00:05:00Z,1,787887,788015,788021,129,2058919,11414121359,8.62042549572238,0.20010160671692281,1.0,0.9944444444444445
UFCP-1,primary,2023-05-03T00:00:00Z,2023-05-05T00:00:00Z,2023-05-05T00:05:00Z,2023-05-06T00:05:00Z,1,788016,788156,788162,141,2242626,12419698520,8.619391580777508,0.153653796932703,0.9944444444444445,0.9722222222222222
UFCP-1,primary,2023-05-04T00:00:00Z,2023-05-06T00:00:00Z,2023-05-06T00:05:00Z,2023-05-07T00:05:00Z,1,788157,788302,788308,146,2257099,11347645017,8.522685153482966,0.14814990392534844,0.9888888888888889,0.9611111111111111
UFCP-1,primary,2023-05-05T00:00:00Z,2023-05-07T00:00:00Z,2023-05-07T00:05:00Z,2023-05-08T00:05:00Z,1,788303,788421,788427,119,1937234,13496713092,8.84894027761748,0.20496026809358084,1.0,0.9944444444444445
UFCP-1,primary,2023-05-06T00:00:00Z,2023-05-08T00:00:00Z,2023-05-08T00:05:00Z,2023-05-09T00:05:00Z,1,788422,788570,788576,149,2443090,18203461341,8.916103407005803,0.24866787551829855,1.0,1.0
UFCP-1,primary,2023-05-07T00:00:00Z,2023-05-09T00:00:00Z,2023-05-09T00:05:00Z,2023-05-10T00:05:00Z,1,788571,788709,788715,139,2302942,40391903786,9.772197206550066,0.2996358570906258,1.0,1.0
UFCP-1,primary,2023-05-08T00:00:00Z,2023-05-10T00:00:00Z,2023-05-10T00:05:00Z,2023-05-11T00:05:00Z,1,788710,788846,788852,137,2321574,63535380034,10.217106791699171,0.2549761498018155,1.0,0.9944444444444445
UFCP-1,primary,2023-05-09T00:00:00Z,2023-05-11T00:00:00Z,2023-05-11T00:05:00Z,2023-05-12T00:05:00Z,1,788847,788997,789003,151,2424754,44026574469,9.806818619846606,0.22075229074784494,0.9944444444444445,0.9833333333333333
UFCP-1,primary,2023-05-10T00:00:00Z,2023-05-12T00:00:00Z,2023-05-12T00:05:00Z,2023-05-13T00:05:00Z,1,788998,789167,789173,170,2725645,33976771861,9.430727292210754,0.21339426080799223,0.9833333333333333,0.9777777777777777
UFCP-1,primary,2023-05-11T00:00:00Z,2023-05-13T00:00:00Z,2023-05-13T00:05:00Z,2023-05-14T00:05:00Z,1,789168,789318,789324,151,2375487,19437812240,9.009773063489014,0.18547060034426624,0.9777777777777777,0.9555555555555556
UFCP-1,primary,2023-05-12T00:00:00Z,2023-05-14T00:00:00Z,2023-05-14T00:05:00Z,2023-05-15T00:05:00Z,1,789319,789459,789465,141,2252102,17344342629,8.94915765662051,0.18268621936306614,0.9722222222222222,0.95
UFCP-1,primary,2023-05-13T00:00:00Z,2023-05-15T00:00:00Z,2023-05-15T00:05:00Z,2023-05-16T00:05:00Z,1,789460,789604,789610,145,2319413,10878997678,8.453275254559747,0.23068466029982587,0.9388888888888889,0.9833333333333333
UFCP-1,primary,2023-05-14T00:00:00Z,2023-05-16T00:00:00Z,2023-05-16T00:05:00Z,2023-05-17T00:05:00Z,1,789605,789778,789784,174,2623662,8842138683,8.122713007027427,0.1491365884782415,0.9333333333333333,0.9111111111111111
UFCP-1,primary,2023-05-15T00:00:00Z,2023-05-17T00:00:00Z,2023-05-17T00:05:00Z,2023-05-18T00:05:00Z,1,789779,789925,789931,147,2272827,8981371373,8.281883432672036,0.16386596956125565,0.9333333333333333,0.9277777777777778
UFCP-1,primary,2023-05-16T00:00:00Z,2023-05-18T00:00:00Z,2023-05-18T00:05:00Z,2023-05-19T00:05:00Z,1,789926,790078,790084,153,2417953,11301084452,8.449732654847228,0.18979566600343348,0.9333333333333333,0.95
UFCP-1,primary,2023-05-17T00:00:00Z,2023-05-19T00:00:00Z,2023-05-19T00:05:00Z,2023-05-20T00:05:00Z,1,790079,790238,790244,160,2556784,9311371896,8.200241497917407,0.17206928704184632,0.9222222222222223,0.9222222222222223
UFCP-1,primary,2023-05-18T00:00:00Z,2023-05-20T00:00:00Z,2023-05-20T00:05:00Z,2023-05-21T00:05:00Z,1,790239,790379,790385,141,2200472,10690014765,8.488393502408288,0.15504219094812385,0.9388888888888889,0.9055555555555556
UFCP-1,primary,2023-05-19T00:00:00Z,2023-05-21T00:00:00Z,2023-05-21T00:05:00Z,2023-05-22T00:05:00Z,1,790380,790529,790535,150,2332816,11654596240,8.516379786707901,0.17838612218023195,0.9388888888888889,0.9277777777777778
UFCP-1,primary,2023-05-20T00:00:00Z,2023-05-22T00:00:00Z,2023-05-22T00:05:00Z,2023-05-23T00:05:00Z,1,790530,790660,790666,131,1970158,8519281154,8.371973502088144,0.15450435954882807,0.9166666666666666,0.8944444444444445
UFCP-1,primary,2023-05-21T00:00:00Z,2023-05-23T00:00:00Z,2023-05-23T00:05:00Z,2023-05-24T00:05:00Z,1,790661,790811,790817,151,2179571,7145591599,8.095122817511934,0.14522995580322917,0.8944444444444445,0.8666666666666667
UFCP-1,primary,2023-05-22T00:00:00Z,2023-05-24T00:00:00Z,2023-05-24T00:05:00Z,2023-05-25T00:05:00Z,1,790812,790955,790961,144,2215186,7097206966,8.072120227679244,0.1651220258705138,0.8888888888888888,0.9111111111111111
UFCP-1,primary,2023-05-23T00:00:00Z,2023-05-25T00:00:00Z,2023-05-25T00:05:00Z,2023-05-26T00:05:00Z,1,790956,791109,791115,154,2287779,6974632324,8.02245341395189,0.15565008683093953,0.8833333333333333,0.9
UFCP-1,primary,2023-05-24T00:00:00Z,2023-05-26T00:00:00Z,2023-05-26T00:05:00Z,2023-05-27T00:05:00Z,1,791110,791250,791256,141,2004550,6487007902,8.082137074675268,0.10087949913945773,0.8888888888888888,0.8055555555555556
UFCP-1,primary,2023-05-25T00:00:00Z,2023-05-27T00:00:00Z,2023-05-27T00:05:00Z,2023-05-28T00:05:00Z,1,791251,791401,791407,151,2234102,9186642856,8.3216664869666,0.137814656627137,0.9111111111111111,0.85
UFCP-1,primary,2023-05-26T00:00:00Z,2023-05-28T00:00:00Z,2023-05-28T00:05:00Z,2023-05-29T00:05:00Z,1,791402,791554,791560,153,2368623,9782995501,8.32609223094239,0.15461261669754958,0.9111111111111111,0.8833333333333333
UFCP-1,primary,2023-05-27T00:00:00Z,2023-05-29T00:00:00Z,2023-05-29T00:05:00Z,2023-05-30T00:05:00Z,1,791555,791699,791705,145,2152160,6208564612,7.96721301784724,0.12854341684633114,0.8611111111111112,0.8277777777777777
UFCP-1,primary,2023-05-28T00:00:00Z,2023-05-30T00:00:00Z,2023-05-30T00:05:00Z,2023-05-31T00:05:00Z,1,791700,791859,791865,160,2312097,6256858108,7.903278533472484,0.1058480677930035,0.85,0.7944444444444444
UFCP-1,primary,2023-05-29T00:00:00Z,2023-05-31T00:00:00Z,2023-05-31T00:05:00Z,2023-06-01T00:05:00Z,1,791860,792021,792027,162,2434117,7113058149,7.980103487299489,0.1503571931834008,0.8611111111111112,0.8611111111111112
UFCP-1,primary,2023-05-30T00:00:00Z,2023-06-01T00:00:00Z,2023-06-01T00:05:00Z,2023-06-02T00:05:00Z,1,792022,792175,792181,154,2337702,7986678899,8.136361899595165,0.14453766989975625,0.8888888888888888,0.8388888888888889
UFCP-1,primary,2023-05-31T00:00:00Z,2023-06-02T00:00:00Z,2023-06-02T00:05:00Z,2023-06-03T00:05:00Z,1,792176,792316,792322,141,2081276,6862409598,8.100832745236605,0.11790171029695244,0.8777777777777778,0.8111111111111111
UFCP-1,primary,2023-06-02T00:00:00Z,2023-06-04T00:00:00Z,2023-06-04T00:05:00Z,2023-06-05T00:05:00Z,1,792449,792612,792618,164,2543346,7486202741,7.987336433828714,0.12939568584062097,0.8444444444444444,0.8166666666666667
UFCP-1,primary,2023-06-03T00:00:00Z,2023-06-05T00:00:00Z,2023-06-05T00:05:00Z,2023-06-06T00:05:00Z,1,792613,792742,792748,130,1915448,4420366028,7.744026245576682,0.10978110603890057,0.7944444444444444,0.7833333333333333
UFCP-1,primary,2023-06-06T00:00:00Z,2023-06-08T00:00:00Z,2023-06-08T00:05:00Z,2023-06-09T00:05:00Z,1,793029,793179,793185,151,2247615,8292263230,8.213208564088275,0.12018383931411741,0.8944444444444445,0.8055555555555556
UFCP-1,primary,2023-06-09T00:00:00Z,2023-06-11T00:00:00Z,2023-06-11T00:05:00Z,2023-06-12T00:05:00Z,-1,793469,793637,793643,169,2285572,7325776495,8.072538113163501,-0.0023355203861440375,0.8388888888888889,0.2222222222222222
UFCP-1,primary,2023-06-14T00:00:00Z,2023-06-16T00:00:00Z,2023-06-16T00:05:00Z,2023-06-17T00:05:00Z,1,794259,794379,794385,121,1810134,3986874709,7.697362046320133,0.10619545293331875,0.7555555555555555,0.7611111111111111
UFCP-1,primary,2023-07-22T00:00:00Z,2023-07-24T00:00:00Z,2023-07-24T00:05:00Z,2023-07-25T00:05:00Z,-1,799699,799832,799838,134,1914775,4595214263,7.783170541042924,-0.12350328367562768,0.7722222222222223,0.016666666666666666
UFCP-1,primary,2023-11-04T00:00:00Z,2023-11-06T00:00:00Z,2023-11-06T00:05:00Z,2023-11-07T00:05:00Z,1,815178,815345,815351,168,2859346,7951745751,7.930553847508672,0.25602707752052395,0.8333333333333334,1.0
UFCP-1,primary,2023-11-05T00:00:00Z,2023-11-07T00:00:00Z,2023-11-07T00:05:00Z,2023-11-08T00:05:00Z,1,815346,815508,815514,163,2694140,7127194503,7.880593914162776,0.20632335364903087,0.8277777777777777,0.95
UFCP-1,primary,2023-11-07T00:00:00Z,2023-11-09T00:00:00Z,2023-11-09T00:05:00Z,2023-11-10T00:05:00Z,1,815636,815768,815774,133,2245031,8807849966,8.274679314862427,0.15815950871057013,0.9388888888888889,0.8222222222222222
UFCP-1,primary,2023-11-08T00:00:00Z,2023-11-10T00:00:00Z,2023-11-10T00:05:00Z,2023-11-11T00:05:00Z,1,815769,815917,815923,149,2571238,11807035988,8.432063407941447,0.2277961044446294,0.9666666666666667,0.9888888888888889
UFCP-1,primary,2023-11-09T00:00:00Z,2023-11-11T00:00:00Z,2023-11-11T00:05:00Z,2023-11-12T00:05:00Z,1,815918,816060,816066,143,2418828,24861069055,9.23777524181898,0.2382285966592085,1.0,0.9944444444444445
UFCP-1,primary,2023-11-11T00:00:00Z,2023-11-13T00:00:00Z,2023-11-13T00:05:00Z,2023-11-14T00:05:00Z,1,816215,816374,816380,160,2656064,11439754324,8.368004461818952,0.22022812703308353,0.9555555555555556,0.9833333333333333
UFCP-1,primary,2023-11-12T00:00:00Z,2023-11-14T00:00:00Z,2023-11-14T00:05:00Z,2023-11-15T00:05:00Z,1,816375,816535,816541,161,2726583,11577631582,8.3537810267318,0.27884168572898754,0.95,1.0
UFCP-1,primary,2023-11-14T00:00:00Z,2023-11-16T00:00:00Z,2023-11-16T00:05:00Z,2023-11-17T00:05:00Z,1,816657,816794,816800,138,2318447,10139519021,8.383298277213136,0.1744422020430055,0.9611111111111111,0.8777777777777778
UFCP-1,primary,2023-11-15T00:00:00Z,2023-11-17T00:00:00Z,2023-11-17T00:05:00Z,2023-11-18T00:05:00Z,1,816795,816942,816948,148,2460888,13404354800,8.602812657799412,0.20956337712240458,0.9888888888888889,0.95
UFCP-1,primary,2023-11-16T00:00:00Z,2023-11-18T00:00:00Z,2023-11-18T00:05:00Z,2023-11-19T00:05:00Z,1,816943,817090,817096,148,2536615,31745607694,9.434679139343343,0.2794073992308648,1.0,1.0
UFCP-1,primary,2023-11-17T00:00:00Z,2023-11-19T00:00:00Z,2023-11-19T00:05:00Z,2023-11-20T00:05:00Z,1,817091,817240,817246,150,2478266,24673051485,9.205907771931662,0.16380566089354412,0.9888888888888889,0.8388888888888889
UFCP-1,primary,2023-11-18T00:00:00Z,2023-11-20T00:00:00Z,2023-11-20T00:05:00Z,2023-11-21T00:05:00Z,1,817241,817389,817395,149,2537987,31681453633,9.432115482620077,0.262771637522178,0.9944444444444445,0.9888888888888889
UFCP-1,primary,2023-11-19T00:00:00Z,2023-11-21T00:00:00Z,2023-11-21T00:05:00Z,2023-11-22T00:05:00Z,1,817390,817559,817565,170,2849893,20060609474,8.859231993890607,0.24036165568321338,0.9777777777777777,0.9777777777777777
UFCP-1,primary,2023-11-20T00:00:00Z,2023-11-22T00:00:00Z,2023-11-22T00:05:00Z,2023-11-23T00:05:00Z,1,817560,817725,817731,166,2699115,17771355412,8.792419252033698,0.17212123232985627,0.9722222222222222,0.85
UFCP-1,primary,2023-11-21T00:00:00Z,2023-11-23T00:00:00Z,2023-11-23T00:05:00Z,2023-11-24T00:05:00Z,1,817726,817877,817883,152,2367848,17244417578,8.893262225644662,0.18230562096891353,0.9777777777777777,0.8666666666666667
UFCP-1,primary,2023-11-22T00:00:00Z,2023-11-24T00:00:00Z,2023-11-24T00:05:00Z,2023-11-25T00:05:00Z,1,817878,818019,818025,142,2380223,15365418637,8.77268053956421,0.20685666847181966,0.9611111111111111,0.9222222222222223
UFCP-1,primary,2023-11-23T00:00:00Z,2023-11-25T00:00:00Z,2023-11-25T00:05:00Z,2023-11-26T00:05:00Z,1,818020,818166,818172,147,2425302,22098471903,9.117307687736663,0.2175094070759023,0.9777777777777777,0.9444444444444444
UFCP-1,primary,2023-11-24T00:00:00Z,2023-11-26T00:00:00Z,2023-11-26T00:05:00Z,2023-11-27T00:05:00Z,1,818167,818334,818340,168,2707700,9780573665,8.192053852214006,0.15250064630498208,0.8888888888888888,0.7555555555555555
UFCP-1,primary,2023-11-25T00:00:00Z,2023-11-27T00:00:00Z,2023-11-27T00:05:00Z,2023-11-28T00:05:00Z,1,818335,818493,818499,159,2498419,9216469529,8.213089196970099,0.23226328330035914,0.8944444444444445,0.9666666666666667
UFCP-1,primary,2023-11-26T00:00:00Z,2023-11-28T00:00:00Z,2023-11-28T00:05:00Z,2023-11-29T00:05:00Z,1,818494,818639,818645,146,2313140,8113972824,8.162736985616808,0.23205512852659155,0.8777777777777778,0.9611111111111111
UFCP-1,primary,2023-11-27T00:00:00Z,2023-11-29T00:00:00Z,2023-11-29T00:05:00Z,2023-11-30T00:05:00Z,1,818640,818769,818775,130,2088531,8945126617,8.362403202867505,0.1763703770736465,0.9111111111111111,0.8333333333333334
UFCP-1,primary,2023-12-02T00:00:00Z,2023-12-04T00:00:00Z,2023-12-04T00:05:00Z,2023-12-05T00:05:00Z,1,819356,819482,819488,127,2091538,6357856882,8.019546950795165,0.19904108842392537,0.8333333333333334,0.8888888888888888
UFCP-1,primary,2023-12-03T00:00:00Z,2023-12-05T00:00:00Z,2023-12-05T00:05:00Z,2023-12-06T00:05:00Z,1,819483,819647,819653,165,2782223,14188139391,8.536911391966957,0.25888830622132014,0.9333333333333333,0.9833333333333333
UFCP-1,primary,2023-12-05T00:00:00Z,2023-12-07T00:00:00Z,2023-12-07T00:05:00Z,2023-12-08T00:05:00Z,1,819803,819940,819946,138,2464183,23668922712,9.170057876277326,0.2768873091000141,0.9777777777777777,0.9888888888888889
UFCP-1,primary,2023-12-06T00:00:00Z,2023-12-08T00:00:00Z,2023-12-08T00:05:00Z,2023-12-09T00:05:00Z,1,819941,820076,820082,136,2426567,29366114146,9.401119207259061,0.24502805815788314,0.9888888888888889,0.9666666666666667
UFCP-1,primary,2023-12-09T00:00:00Z,2023-12-11T00:00:00Z,2023-12-11T00:05:00Z,2023-12-12T00:05:00Z,1,820327,820483,820489,157,2557632,14013969228,8.608728082708902,0.20034391186847833,0.9166666666666666,0.8722222222222222
UFCP-1,primary,2023-12-10T00:00:00Z,2023-12-12T00:00:00Z,2023-12-12T00:05:00Z,2023-12-13T00:05:00Z,1,820484,820623,820629,140,2253825,11483473182,8.536035393251112,0.18370503477421715,0.8944444444444445,0.8166666666666667
UFCP-1,primary,2023-12-12T00:00:00Z,2023-12-14T00:00:00Z,2023-12-14T00:05:00Z,2023-12-15T00:05:00Z,1,820782,820925,820931,144,2388438,11376908514,8.46870141539904,0.1726484003352819,0.8833333333333333,0.7833333333333333
UFCP-1,primary,2023-12-13T00:00:00Z,2023-12-15T00:00:00Z,2023-12-15T00:05:00Z,2023-12-16T00:05:00Z,1,820926,821074,821080,149,2764675,19674583787,8.870159831274009,0.3382187779757114,0.9444444444444444,1.0
UFCP-1,primary,2023-12-14T00:00:00Z,2023-12-16T00:00:00Z,2023-12-16T00:05:00Z,2023-12-17T00:05:00Z,1,821075,821220,821226,146,2832550,33412679747,9.375513374051188,0.35910539972816014,0.9833333333333333,1.0
UFCP-1,primary,2023-12-15T00:00:00Z,2023-12-17T00:00:00Z,2023-12-17T00:05:00Z,2023-12-18T00:05:00Z,1,821221,821383,821389,163,2769925,42120312245,9.62946513542414,0.22324250656606226,1.0,0.9222222222222223
UFCP-1,primary,2023-12-16T00:00:00Z,2023-12-18T00:00:00Z,2023-12-18T00:05:00Z,2023-12-19T00:05:00Z,1,821384,821535,821541,152,2644486,56036033238,9.961273495966774,0.27043894352248415,1.0,0.9722222222222222
UFCP-1,primary,2023-12-17T00:00:00Z,2023-12-19T00:00:00Z,2023-12-19T00:05:00Z,2023-12-20T00:05:00Z,1,821536,821685,821691,150,2537739,54999929455,9.983813654452733,0.2243497065695093,1.0,0.9166666666666666
UFCP-1,primary,2023-12-19T00:00:00Z,2023-12-21T00:00:00Z,2023-12-21T00:05:00Z,2023-12-22T00:05:00Z,1,821854,822015,822021,162,2739140,43623455558,9.675706253676312,0.23456778404900808,0.9888888888888889,0.9333333333333333
UFCP-1,primary,2023-12-20T00:00:00Z,2023-12-22T00:00:00Z,2023-12-22T00:05:00Z,2023-12-23T00:05:00Z,1,822016,822160,822166,145,2435451,42649690508,9.770643341350146,0.23870281110151673,0.9888888888888889,0.9388888888888889
UFCP-1,primary,2023-12-21T00:00:00Z,2023-12-23T00:00:00Z,2023-12-23T00:05:00Z,2023-12-24T00:05:00Z,1,822161,822306,822312,146,2455365,40534292547,9.711628198010585,0.24510938292270193,0.9833333333333333,0.95
UFCP-1,primary,2023-12-23T00:00:00Z,2023-12-25T00:00:00Z,2023-12-25T00:05:00Z,2023-12-26T00:05:00Z,1,822475,822634,822640,160,2566299,20291548839,8.975494981820178,0.18039090534657107,0.9055555555555556,0.7611111111111111
UFCP-1,primary,2023-12-24T00:00:00Z,2023-12-26T00:00:00Z,2023-12-26T00:05:00Z,2023-12-27T00:05:00Z,1,822635,822805,822811,171,2745950,17892493735,8.782009460588961,0.23973488228117773,0.8722222222222222,0.9333333333333333
UFCP-1,primary,2023-12-25T00:00:00Z,2023-12-27T00:00:00Z,2023-12-27T00:05:00Z,2023-12-28T00:05:00Z,1,822806,822944,822950,139,2160346,16888633216,8.964127689798307,0.21139021249373943,0.9,0.85
UFCP-1,primary,2023-12-26T00:00:00Z,2023-12-28T00:00:00Z,2023-12-28T00:05:00Z,2023-12-29T00:05:00Z,1,822945,823083,823089,139,2251175,16781165180,8.91656011409987,0.2061523426654969,0.8944444444444445,0.8222222222222222
UFCP-1,primary,2023-12-27T00:00:00Z,2023-12-29T00:00:00Z,2023-12-29T00:05:00Z,2023-12-30T00:05:00Z,1,823084,823212,823218,129,2185307,26866607230,9.41688310543092,0.2651668621388208,0.95,0.9666666666666667
