sleeve,signal_position,entry_position,exit_position,signal_date,entry_date,exit_date,side,entry_price,exit_price,exit_kind,barrier,hold_bars,unit_leverage,gross_return,funding_factor,net_return,source
fresh_kimchi_fx,28980,28981,29220,2026-06-03 04:25:00,2026-06-03 04:30:00,2026-06-04 00:25:00,SHORT,66551.2,63889.151999999995,barrier,"{'take_bps': 400.0, 'stop_bps': 250.0}",288,0.5,0.04,1.000089672337129,0.019479502712633545,
fresh_kimchi_fx,29304,29305,29579,2026-06-04 07:25:00,2026-06-04 07:30:00,2026-06-05 06:20:00,SHORT,63664.1,61117.53599999999,barrier,"{'take_bps': 400.0, 'stop_bps': 250.0}",288,0.5,0.04,1.0000087849736312,0.019397047097506448,
fresh_kimchi_fx,29580,29581,29614,2026-06-05 06:25:00,2026-06-05 06:30:00,2026-06-05 09:15:00,SHORT,61642.4,63183.46,barrier,"{'take_bps': 400.0, 'stop_bps': 250.0}",288,0.5,-0.025,0.999992845,-0.013099472448798388,
fresh_kimchi_fx,29658,29659,29729,2026-06-05 12:55:00,2026-06-05 13:00:00,2026-06-05 18:50:00,SHORT,61939.7,59462.111999999994,barrier,"{'take_bps': 400.0, 'stop_bps': 250.0}",288,0.5,0.04,0.999995685,0.01938369314038413,
fresh_kimchi_fx,29730,29731,29744,2026-06-05 18:55:00,2026-06-05 19:00:00,2026-06-05 20:05:00,SHORT,59362.1,60846.1525,barrier,"{'take_bps': 400.0, 'stop_bps': 250.0}",288,0.5,-0.025,1.0,-0.013092411124999925,
fresh_kimchi_fx,29748,29749,30037,2026-06-05 20:25:00,2026-06-05 20:30:00,2026-06-06 20:30:00,SHORT,60922.6,60566.8,open,"{'take_bps': 400.0, 'stop_bps': 250.0}",288,0.5,0.005840197233867195,1.0000046498990676,0.002323097500136928,
cand_rex_veto_7,30186,30187,30331,2026-06-07 08:55:00,2026-06-07 09:00:00,2026-06-07 21:00:00,SHORT,62823.0,61843.1,open,,144,0.5,,,0.007152924665845717,
cand_rex_veto_7,30378,30379,30523,2026-06-08 00:55:00,2026-06-08 01:00:00,2026-06-08 13:00:00,SHORT,63599.3,63844.6,open,,144,0.5,,,-0.002714390515935583,
cand_rex_veto_7,30546,30547,30691,2026-06-08 14:55:00,2026-06-08 15:00:00,2026-06-09 03:00:00,SHORT,63933.7,62839.9,open,,144,0.5,,,0.007955317149320518,
frozen_annual_rank7,31123,31124,31700,2026-06-10 15:00:00,2026-06-10 15:05:00,2026-06-12 15:05:00,LONG,62146.1,63889.9,open,"{'take_bps': 400.0, 'stop_bps': None}",576,0.5,0.02805968516125712,0.9999593254689593,0.013380295492858796,funding
cand_rex_veto_7,31290,31291,31435,2026-06-11 04:55:00,2026-06-11 05:00:00,2026-06-11 17:00:00,SHORT,62692.8,62546.6,open,,144,0.5,,,0.0004847492433568412,
rex_taker_low_range_position,31410,31411,31555,2026-06-11 14:55:00,2026-06-11 15:00:00,2026-06-12 03:00:00,SHORT,62699.6,63589.2,open,,144,0.5,,,-0.007723222539045671,
cand_rex_veto_7,31506,31507,31651,2026-06-11 22:55:00,2026-06-11 23:00:00,2026-06-12 11:00:00,SHORT,63467.1,63665.2,open,,144,0.5,,,-0.0022109726589658596,
cand_rex_veto_7,31674,31675,31819,2026-06-12 12:55:00,2026-06-12 13:00:00,2026-06-13 01:00:00,SHORT,63433.8,63573.9,open,,144,0.5,,,-0.0017969867316699473,
rex_taker_low_range_position,31674,31675,31819,2026-06-12 12:55:00,2026-06-12 13:00:00,2026-06-13 01:00:00,SHORT,63433.8,63573.9,open,,144,0.5,,,-0.0017969867316699473,
cand_rex_veto_7,32010,32011,32155,2026-06-13 16:55:00,2026-06-13 17:00:00,2026-06-14 05:00:00,SHORT,63996.1,64300.0,open,,144,0.5,,,-0.002987651393294599,
markov_transition_long,32142,32143,32719,2026-06-14 03:55:00,2026-06-14 04:00:00,2026-06-16 04:00:00,LONG,64515.0,66125.4,open,,576,0.5,,,0.011888729484567984,
cand_rex_veto_7,32178,32179,32323,2026-06-14 06:55:00,2026-06-14 07:00:00,2026-06-14 19:00:00,SHORT,64258.0,63783.9,open,,144,0.5,,,0.0030779753076544125,
rex_taker_low_range_position,32346,32347,32491,2026-06-14 20:55:00,2026-06-14 21:00:00,2026-06-15 09:00:00,SHORT,63978.2,65620.0,open,,144,0.5,,,-0.01329695229340111,
cand_rex_veto_7,32490,32491,32635,2026-06-15 08:55:00,2026-06-15 09:00:00,2026-06-15 21:00:00,SHORT,65620.0,66489.6,open,,144,0.5,,,-0.007245824560350167,
fresh_kimchi_fx,33072,33073,33361,2026-06-17 09:25:00,2026-06-17 09:30:00,2026-06-18 09:30:00,LONG,65012.6,64221.8,open,"{'take_bps': 400.0, 'stop_bps': 250.0}",288,0.5,-0.012163795941094402,0.9999902498324074,-0.00668784443355519,
cand_rex_veto_7,34146,34147,34291,2026-06-21 02:55:00,2026-06-21 03:00:00,2026-06-21 15:00:00,SHORT,64219.5,64120.0,open,,144,0.5,,,0.00014601934289126817,
rex_taker_low_range_position,34146,34147,34291,2026-06-21 02:55:00,2026-06-21 03:00:00,2026-06-21 15:00:00,SHORT,64219.5,64120.0,open,,144,0.5,,,0.00014601934289126817,
frozen_annual_rank7,35359,35360,35936,2026-06-25 08:00:00,2026-06-25 08:05:00,2026-06-27 08:05:00,LONG,61815.5,60442.6,open,"{'take_bps': 400.0, 'stop_bps': None}",576,0.5,-0.022209639977028406,0.9998518639132313,-0.01184447127669308,funding
markov_transition_long,35418,35419,35995,2026-06-25 12:55:00,2026-06-25 13:00:00,2026-06-27 13:00:00,LONG,61216.4,60394.0,open,,576,0.5,,,-0.00701707176482147,
cand_rex_veto_7,37242,37243,37387,2026-07-01 20:55:00,2026-07-01 21:00:00,2026-07-02 09:00:00,SHORT,60100.3,60486.7,open,,144,0.5,,,-0.0038967916482972598,
rex_taker_low_range_position,38850,38851,38995,2026-07-07 10:55:00,2026-07-07 11:00:00,2026-07-07 23:00:00,SHORT,63216.7,63552.9,open,,144,0.5,,,-0.0033372731320906457,
rex_taker_low_range_position,39402,39403,39547,2026-07-09 08:55:00,2026-07-09 09:00:00,2026-07-09 21:00:00,SHORT,62889.9,63235.4,open,,144,0.5,,,-0.0033773931199454488,
rex_taker_low_range_position,39666,39667,39811,2026-07-10 06:55:00,2026-07-10 07:00:00,2026-07-10 19:00:00,SHORT,63830.3,63813.9,open,,144,0.5,,,-0.0005097550131889506,
rex_taker_low_range_position,39834,39835,39979,2026-07-10 20:55:00,2026-07-10 21:00:00,2026-07-11 09:00:00,SHORT,63820.0,64231.6,open,,144,0.5,,,-0.003820521762955442,
rex_taker_low_range_position,40074,40075,40219,2026-07-11 16:55:00,2026-07-11 17:00:00,2026-07-12 05:00:00,SHORT,64133.8,63981.5,open,,144,0.5,,,0.0005756208431426657,
markov_transition_long,51882,51883,52459,2026-08-21 16:55:00,2026-08-21 17:00:00,2026-08-23 17:00:00,LONG,77462.3,77389.0,open,,576,0.5,,,-0.0009276148813033291,
frozen_annual_rank7,51883,51884,52028,2026-08-21 17:00:00,2026-08-21 17:05:00,2026-08-22 05:05:00,LONG,77499.9,78495.4,open,"{'take_bps': None, 'stop_bps': 300.0}",144,0.5,0.012845177864745594,0.99995,0.005768535015748366,premium
markov_transition_long,52470,52471,53047,2026-08-23 17:55:00,2026-08-23 18:00:00,2026-08-25 18:00:00,LONG,77158.2,79203.3,open,,576,0.5,,,0.012745507405529821,
frozen_annual_rank7,52951,52952,53096,2026-08-25 10:00:00,2026-08-25 10:05:00,2026-08-25 22:05:00,LONG,79158.7,78684.6,open,"{'take_bps': None, 'stop_bps': 300.0}",144,0.5,-0.005989234285050049,0.99995,-0.003642551005222927,premium
cand_rex_veto_7,53298,53299,53443,2026-08-26 14:55:00,2026-08-26 15:00:00,2026-08-27 03:00:00,LONG,77764.5,78697.2,open,,144,0.5,,,0.005395809460869261,
cand_rex_veto_7,53898,53899,54043,2026-08-28 16:55:00,2026-08-28 17:00:00,2026-08-29 05:00:00,LONG,77755.8,77619.6,open,,144,0.5,,,-0.0014635033517284013,
cand_rex_veto_7,54090,54091,54235,2026-08-29 08:55:00,2026-08-29 09:00:00,2026-08-29 21:00:00,LONG,77608.2,78094.6,open,,144,0.5,,,0.002532846955084267,
cand_rex_veto_7,54378,54379,54523,2026-08-30 08:55:00,2026-08-30 09:00:00,2026-08-30 21:00:00,LONG,78049.1,78561.5,open,,144,0.5,,,0.0026914602789129827,
cand_rex_veto_7,54546,54547,54691,2026-08-30 22:55:00,2026-08-30 23:00:00,2026-08-31 11:00:00,LONG,78390.0,78680.7,open,,144,0.5,,,0.0012836797180946213,
rex_taker_low_range_position,54546,54547,54691,2026-08-30 22:55:00,2026-08-30 23:00:00,2026-08-31 11:00:00,LONG,78390.0,78680.7,open,,144,0.5,,,0.0012836797180946213,
cand_rex_veto_7,54714,54715,54859,2026-08-31 12:55:00,2026-08-31 13:00:00,2026-09-01 01:00:00,LONG,77900.0,78617.9,open,,144,0.5,,,0.004017317512836183,
rex_taker_low_range_position,54954,54955,55099,2026-09-01 08:55:00,2026-09-01 09:00:00,2026-09-01 21:00:00,LONG,77850.1,77415.1,open,,144,0.5,,,-0.0033712625017798814,
cand_rex_veto_7,55098,55099,55243,2026-09-01 20:55:00,2026-09-01 21:00:00,2026-09-02 09:00:00,LONG,77415.1,76819.6,open,,144,0.5,,,-0.004436455542395468,
rex_taker_low_range_position,55122,55123,55267,2026-09-01 22:55:00,2026-09-01 23:00:00,2026-09-02 11:00:00,LONG,77240.1,76639.1,open,,144,0.5,,,-0.004479552012611299,
rex_taker_low_range_position,55290,55291,55435,2026-09-02 12:55:00,2026-09-02 13:00:00,2026-09-03 01:00:00,LONG,76573.3,77025.1,open,,144,0.5,,,0.002376400553306901,
cand_rex_veto_7,55314,55315,55459,2026-09-02 14:55:00,2026-09-02 15:00:00,2026-09-03 03:00:00,LONG,77023.7,77783.3,open,,144,0.5,,,0.0043392255809704405,
